id,created_at,page,url,name,theme_id
0654024a-6e59-4d0b-aeb7-beed6db220ce,2026-02-07 20:30:05.087571+00,mymovies,https://dbxhaseoxpnmzdxbzdpj.supabase.co/storage/v1/object/public/Background%20Images/d723f1c2-b32b-4e27-9bb4-d3bd5c634e66__mymovies__911430__5.jpg,d723f1c2-b32b-4e27-9bb4-d3bd5c634e66__mymovies__911430__5.jpg,d723f1c2-b32b-4e27-9bb4-d3bd5c634e66
0aa12fb8-daf6-4e87-957b-a82a35895bab,2026-02-07 20:35:30.811557+00,feed,https://dbxhaseoxpnmzdxbzdpj.supabase.co/storage/v1/object/public/Background%20Images/fb2386f4-c66b-4c36-9589-9beb13b1ce4b__feed__675__4.jpg,fb2386f4-c66b-4c36-9589-9beb13b1ce4b__feed__675__4.jpg,fb2386f4-c66b-4c36-9589-9beb13b1ce4b
0d18cedb-85ee-4f4f-8fa0-94db42493ca3,2026-02-07 04:11:40.446969+00,feed,https://dbxhaseoxpnmzdxbzdpj.supabase.co/storage/v1/object/public/Background%20Images/1f7fdab6-a98b-4956-869d-5449cc354c01__feed__181808__4.jpg,1f7fdab6-a98b-4956-869d-5449cc354c01__feed__181808__4.jpg,1f7fdab6-a98b-4956-869d-5449cc354c01
11fa5a6a-8947-4a66-9d8a-a962022e1aca,2026-02-07 20:38:37.683368+00,dashboard,https://dbxhaseoxpnmzdxbzdpj.supabase.co/storage/v1/object/public/Background%20Images/f9ee603b-05ee-4995-8bd6-07359fb88a06__dashboard__1061474__1.jpg,f9ee603b-05ee-4995-8bd6-07359fb88a06__dashboard__1061474__1.jpg,f9ee603b-05ee-4995-8bd6-07359fb88a06
15636b1c-f993-472a-bddc-855f55cd402d,2026-02-07 20:21:23.848461+00,home,https://dbxhaseoxpnmzdxbzdpj.supabase.co/storage/v1/object/public/Background%20Images/82ccadef-039f-4822-b363-f928fb0ff6e1__home__16869__1.jpg,82ccadef-039f-4822-b363-f928fb0ff6e1__home__16869__1.jpg,82ccadef-039f-4822-b363-f928fb0ff6e1
1590a121-5567-4706-b05b-9a1c44287350,2026-02-07 05:35:19.812777+00,ai,https://dbxhaseoxpnmzdxbzdpj.supabase.co/storage/v1/object/public/Background%20Images/cfc8a566-097e-4908-bba9-5c9bf6228433__ai__693134__2.jpg,cfc8a566-097e-4908-bba9-5c9bf6228433__ai__693134__2.jpg,cfc8a566-097e-4908-bba9-5c9bf6228433
258838b8-77ec-4589-a538-8f789406c4a3,2026-02-07 20:13:07.139736+00,mymovies,https://dbxhaseoxpnmzdxbzdpj.supabase.co/storage/v1/object/public/Background%20Images/b9b9cad9-5e7d-4f24-b43e-8ea277ec8777__mymovies__767__5.jpg,b9b9cad9-5e7d-4f24-b43e-8ea277ec8777__mymovies__767__5.jpg,b9b9cad9-5e7d-4f24-b43e-8ea277ec8777
25d4cbbe-27a7-4383-93b9-743ecfa383a5,2026-02-07 22:15:58.67624+00,ai,https://dbxhaseoxpnmzdxbzdpj.supabase.co/storage/v1/object/public/Background%20Images/4b007623-e7d9-4e80-ade2-a70ec9498acf__ai__1858__2.jpg,4b007623-e7d9-4e80-ade2-a70ec9498acf__ai__1858__2.jpg,4b007623-e7d9-4e80-ade2-a70ec9498acf
2f223d43-4136-41cb-901c-9bc59103444d,2026-02-07 20:38:38.681756+00,lists,https://dbxhaseoxpnmzdxbzdpj.supabase.co/storage/v1/object/public/Background%20Images/f9ee603b-05ee-4995-8bd6-07359fb88a06__lists__1061474__3.jpg,f9ee603b-05ee-4995-8bd6-07359fb88a06__lists__1061474__3.jpg,f9ee603b-05ee-4995-8bd6-07359fb88a06
31f82b26-9279-44d4-81b1-835f7f84c6a7,2026-02-07 20:42:16.311559+00,ai,https://dbxhaseoxpnmzdxbzdpj.supabase.co/storage/v1/object/public/Background%20Images/0c70d669-9c07-4935-a9b4-22551dd2beb5__ai__718930__3.jpg,0c70d669-9c07-4935-a9b4-22551dd2beb5__ai__718930__3.jpg,0c70d669-9c07-4935-a9b4-22551dd2beb5
33c0143a-9e8a-4f28-b10f-e8d17e0c25ce,2026-02-07 20:30:04.236431+00,feed,https://dbxhaseoxpnmzdxbzdpj.supabase.co/storage/v1/object/public/Background%20Images/d723f1c2-b32b-4e27-9bb4-d3bd5c634e66__feed__911430__4.jpg,d723f1c2-b32b-4e27-9bb4-d3bd5c634e66__feed__911430__4.jpg,d723f1c2-b32b-4e27-9bb4-d3bd5c634e66
35a37039-563f-4a56-8494-76011cbc4f39,2026-02-07 20:13:05.959715+00,lists,https://dbxhaseoxpnmzdxbzdpj.supabase.co/storage/v1/object/public/Background%20Images/b9b9cad9-5e7d-4f24-b43e-8ea277ec8777__lists__675__2.jpg,b9b9cad9-5e7d-4f24-b43e-8ea277ec8777__lists__675__2.jpg,b9b9cad9-5e7d-4f24-b43e-8ea277ec8777
386a67f3-cad1-4fbc-a08d-6160643ee0a4,2026-02-07 20:42:14.306242+00,home,https://dbxhaseoxpnmzdxbzdpj.supabase.co/storage/v1/object/public/Background%20Images/0c70d669-9c07-4935-a9b4-22551dd2beb5__home__718930__1.jpg,0c70d669-9c07-4935-a9b4-22551dd2beb5__home__718930__1.jpg,0c70d669-9c07-4935-a9b4-22551dd2beb5
393e023a-a69d-4421-80c9-32dd6a0719f6,2026-02-07 20:35:31.092798+00,mymovies,https://dbxhaseoxpnmzdxbzdpj.supabase.co/storage/v1/object/public/Background%20Images/fb2386f4-c66b-4c36-9589-9beb13b1ce4b__mymovies__12445__5.jpg,fb2386f4-c66b-4c36-9589-9beb13b1ce4b__mymovies__12445__5.jpg,fb2386f4-c66b-4c36-9589-9beb13b1ce4b
3dab0224-7deb-43ef-82e7-c2d13acecae8,2026-02-07 20:13:06.595873+00,dashboard,https://dbxhaseoxpnmzdxbzdpj.supabase.co/storage/v1/object/public/Background%20Images/b9b9cad9-5e7d-4f24-b43e-8ea277ec8777__dashboard__674__4.jpg,b9b9cad9-5e7d-4f24-b43e-8ea277ec8777__dashboard__674__4.jpg,b9b9cad9-5e7d-4f24-b43e-8ea277ec8777
3e18cf5f-bdda-4ed8-938a-aeede09912fb,2026-02-07 20:25:53.104721+00,lists,https://dbxhaseoxpnmzdxbzdpj.supabase.co/storage/v1/object/public/Background%20Images/22f2c2fc-57c7-46ce-82c8-4f2d1c75c487__lists__120467__5.jpg,22f2c2fc-57c7-46ce-82c8-4f2d1c75c487__lists__120467__5.jpg,22f2c2fc-57c7-46ce-82c8-4f2d1c75c487
3f71a960-ec54-4a64-8121-153ad88a5fe7,2026-02-07 20:46:36.254928+00,feed,https://dbxhaseoxpnmzdxbzdpj.supabase.co/storage/v1/object/public/Background%20Images/df02303b-8d48-4dd4-bf1f-0f452744c6dd__dashboard__361743__5.jpg,df02303b-8d48-4dd4-bf1f-0f452744c6dd__dashboard__361743__5.jpg,df02303b-8d48-4dd4-bf1f-0f452744c6dd
41bb2b64-090a-4d6b-b404-d29ab5f7cb05,2026-02-07 20:25:51.591451+00,ai,https://dbxhaseoxpnmzdxbzdpj.supabase.co/storage/v1/object/public/Background%20Images/22f2c2fc-57c7-46ce-82c8-4f2d1c75c487__ai__120467__2.jpg,22f2c2fc-57c7-46ce-82c8-4f2d1c75c487__ai__120467__2.jpg,22f2c2fc-57c7-46ce-82c8-4f2d1c75c487
43be3849-01ef-4e5d-b40b-372662c56a28,2026-02-07 20:42:18.396408+00,mymovies,https://dbxhaseoxpnmzdxbzdpj.supabase.co/storage/v1/object/public/Background%20Images/0c70d669-9c07-4935-a9b4-22551dd2beb5__mymovies__718930__6.jpg,0c70d669-9c07-4935-a9b4-22551dd2beb5__mymovies__718930__6.jpg,0c70d669-9c07-4935-a9b4-22551dd2beb5
46c0aa6a-1c95-4227-9fe8-2be4cb3eabce,2026-02-07 20:42:15.838422+00,feed,https://dbxhaseoxpnmzdxbzdpj.supabase.co/storage/v1/object/public/Background%20Images/0c70d669-9c07-4935-a9b4-22551dd2beb5__feed__718930__2.jpg,0c70d669-9c07-4935-a9b4-22551dd2beb5__feed__718930__2.jpg,0c70d669-9c07-4935-a9b4-22551dd2beb5
47eb859a-613e-4ea7-a097-7ef786c3c811,2026-02-07 20:42:17.675178+00,dashboard,https://dbxhaseoxpnmzdxbzdpj.supabase.co/storage/v1/object/public/Background%20Images/0c70d669-9c07-4935-a9b4-22551dd2beb5__dashboard__718930__5.jpg,0c70d669-9c07-4935-a9b4-22551dd2beb5__dashboard__718930__5.jpg,0c70d669-9c07-4935-a9b4-22551dd2beb5
4c7ec4d8-335f-43f1-b20e-eb0c48b4acdb,2026-02-07 20:35:30.546152+00,lists,https://dbxhaseoxpnmzdxbzdpj.supabase.co/storage/v1/object/public/Background%20Images/fb2386f4-c66b-4c36-9589-9beb13b1ce4b__lists__12445__3.jpg,fb2386f4-c66b-4c36-9589-9beb13b1ce4b__lists__12445__3.jpg,fb2386f4-c66b-4c36-9589-9beb13b1ce4b
4d694f59-786a-466b-babb-4fd041c0be2d,2026-02-07 20:30:02.700634+00,home,https://dbxhaseoxpnmzdxbzdpj.supabase.co/storage/v1/object/public/Background%20Images/d723f1c2-b32b-4e27-9bb4-d3bd5c634e66__home__911430__2.jpg,d723f1c2-b32b-4e27-9bb4-d3bd5c634e66__home__911430__2.jpg,d723f1c2-b32b-4e27-9bb4-d3bd5c634e66
4da8d88a-e538-46a6-b0a4-fc09a3833bf3,2026-02-07 20:35:30.221745+00,ai,https://dbxhaseoxpnmzdxbzdpj.supabase.co/storage/v1/object/public/Background%20Images/fb2386f4-c66b-4c36-9589-9beb13b1ce4b__ai__12445__2.jpg,fb2386f4-c66b-4c36-9589-9beb13b1ce4b__ai__12445__2.jpg,fb2386f4-c66b-4c36-9589-9beb13b1ce4b
4f9e453f-d2b2-4db5-8582-8cfedb3b407f,2026-02-07 04:11:39.948291+00,lists,https://dbxhaseoxpnmzdxbzdpj.supabase.co/storage/v1/object/public/Background%20Images/1f7fdab6-a98b-4956-869d-5449cc354c01__lists__181808__3.jpg,1f7fdab6-a98b-4956-869d-5449cc354c01__lists__181808__3.jpg,1f7fdab6-a98b-4956-869d-5449cc354c01
4fa56854-3265-4538-b385-de0e4ce33da4,2026-02-07 20:46:35.783669+00,mymovies,https://dbxhaseoxpnmzdxbzdpj.supabase.co/storage/v1/object/public/Background%20Images/df02303b-8d48-4dd4-bf1f-0f452744c6dd__mymovies__361743__4.jpg,df02303b-8d48-4dd4-bf1f-0f452744c6dd__mymovies__361743__4.jpg,df02303b-8d48-4dd4-bf1f-0f452744c6dd
518dc16f-321a-466b-88ed-3a7fa7ebd5e9,2026-02-07 22:15:58.217374+00,home,https://dbxhaseoxpnmzdxbzdpj.supabase.co/storage/v1/object/public/Background%20Images/4b007623-e7d9-4e80-ade2-a70ec9498acf__home__1858__1.jpg,4b007623-e7d9-4e80-ade2-a70ec9498acf__home__1858__1.jpg,4b007623-e7d9-4e80-ade2-a70ec9498acf
5d9e1235-cf3d-4645-a60d-57ca873f6b82,2026-02-07 20:13:06.257683+00,feed,https://dbxhaseoxpnmzdxbzdpj.supabase.co/storage/v1/object/public/Background%20Images/b9b9cad9-5e7d-4f24-b43e-8ea277ec8777__feed__674__3.jpg,b9b9cad9-5e7d-4f24-b43e-8ea277ec8777__feed__674__3.jpg,b9b9cad9-5e7d-4f24-b43e-8ea277ec8777
5ef8db75-55d4-405b-a136-5dc12188cf7d,2026-02-07 20:38:39.049795+00,feed,https://dbxhaseoxpnmzdxbzdpj.supabase.co/storage/v1/object/public/Background%20Images/f9ee603b-05ee-4995-8bd6-07359fb88a06__feed__1061474__4.jpg,f9ee603b-05ee-4995-8bd6-07359fb88a06__feed__1061474__4.jpg,f9ee603b-05ee-4995-8bd6-07359fb88a06
6061b27b-abfa-4a20-8424-b94d88fb4bbe,2026-02-07 20:35:31.399913+00,dashboard,https://dbxhaseoxpnmzdxbzdpj.supabase.co/storage/v1/object/public/Background%20Images/fb2386f4-c66b-4c36-9589-9beb13b1ce4b__dashboard__12444__6.jpg,fb2386f4-c66b-4c36-9589-9beb13b1ce4b__dashboard__12444__6.jpg,fb2386f4-c66b-4c36-9589-9beb13b1ce4b
6238cbd9-81b4-455c-bc93-3d32b72d865e,2026-02-07 20:46:35.205958+00,lists,https://dbxhaseoxpnmzdxbzdpj.supabase.co/storage/v1/object/public/Background%20Images/df02303b-8d48-4dd4-bf1f-0f452744c6dd__feed__361743__2.jpg,df02303b-8d48-4dd4-bf1f-0f452744c6dd__feed__361743__2.jpg,df02303b-8d48-4dd4-bf1f-0f452744c6dd
66e8f8bd-e07b-4117-8912-e7c000fd8640,2026-02-07 22:15:59.50511+00,feed,https://dbxhaseoxpnmzdxbzdpj.supabase.co/storage/v1/object/public/Background%20Images/4b007623-e7d9-4e80-ade2-a70ec9498acf__feed__335988__4.jpg,4b007623-e7d9-4e80-ade2-a70ec9498acf__feed__335988__4.jpg,4b007623-e7d9-4e80-ade2-a70ec9498acf
6755fa85-f516-4368-ba01-fad0d727fc8a,2026-02-07 04:11:40.948612+00,mymovies,https://dbxhaseoxpnmzdxbzdpj.supabase.co/storage/v1/object/public/Background%20Images/1f7fdab6-a98b-4956-869d-5449cc354c01__mymovies__181808__5.jpg,1f7fdab6-a98b-4956-869d-5449cc354c01__mymovies__181808__5.jpg,1f7fdab6-a98b-4956-869d-5449cc354c01
6a1603e0-d943-4b69-badc-2bf2f9938538,2026-02-07 20:30:00.69416+00,ai,https://dbxhaseoxpnmzdxbzdpj.supabase.co/storage/v1/object/public/Background%20Images/d723f1c2-b32b-4e27-9bb4-d3bd5c634e66__ai__911430__1.jpg,d723f1c2-b32b-4e27-9bb4-d3bd5c634e66__ai__911430__1.jpg,d723f1c2-b32b-4e27-9bb4-d3bd5c634e66
6b8d906f-8172-4cc9-9459-b560038204e9,2026-02-07 05:35:21.05466+00,dashboard,https://dbxhaseoxpnmzdxbzdpj.supabase.co/storage/v1/object/public/Background%20Images/cfc8a566-097e-4908-bba9-5c9bf6228433__dashboard__693134__6.jpg,cfc8a566-097e-4908-bba9-5c9bf6228433__dashboard__693134__6.jpg,cfc8a566-097e-4908-bba9-5c9bf6228433
72314201-5468-4ec3-813a-f269e13d08ce,2026-02-07 05:35:20.088894+00,home,https://dbxhaseoxpnmzdxbzdpj.supabase.co/storage/v1/object/public/Background%20Images/cfc8a566-097e-4908-bba9-5c9bf6228433__home__693134__3.jpg,cfc8a566-097e-4908-bba9-5c9bf6228433__home__693134__3.jpg,cfc8a566-097e-4908-bba9-5c9bf6228433
73894e81-b5e7-4be5-b4a1-f38dcf4cf48a,2026-02-07 20:21:25.181144+00,lists,https://dbxhaseoxpnmzdxbzdpj.supabase.co/storage/v1/object/public/Background%20Images/82ccadef-039f-4822-b363-f928fb0ff6e1__lists__16869__4.jpg,82ccadef-039f-4822-b363-f928fb0ff6e1__lists__16869__4.jpg,82ccadef-039f-4822-b363-f928fb0ff6e1
79a5f069-97b8-4078-97f8-abb5bb2e38cd,2026-02-07 20:21:25.868949+00,dashboard,https://dbxhaseoxpnmzdxbzdpj.supabase.co/storage/v1/object/public/Background%20Images/82ccadef-039f-4822-b363-f928fb0ff6e1__dashboard__16869__6.jpg,82ccadef-039f-4822-b363-f928fb0ff6e1__dashboard__16869__6.jpg,82ccadef-039f-4822-b363-f928fb0ff6e1
7a4d6367-0b62-443a-89ed-e0c4b9bc6f3a,2026-02-07 20:46:34.923548+00,home,https://dbxhaseoxpnmzdxbzdpj.supabase.co/storage/v1/object/public/Background%20Images/df02303b-8d48-4dd4-bf1f-0f452744c6dd__home__361743__1.jpg,df02303b-8d48-4dd4-bf1f-0f452744c6dd__home__361743__1.jpg,df02303b-8d48-4dd4-bf1f-0f452744c6dd
8042a5ca-6563-407b-adc8-82d2084bf1b6,2026-02-07 22:15:59.141901+00,lists,https://dbxhaseoxpnmzdxbzdpj.supabase.co/storage/v1/object/public/Background%20Images/4b007623-e7d9-4e80-ade2-a70ec9498acf__lists__335988__3.jpg,4b007623-e7d9-4e80-ade2-a70ec9498acf__lists__335988__3.jpg,4b007623-e7d9-4e80-ade2-a70ec9498acf
842cd4c0-1a7a-4f40-8615-28b44279482e,2026-02-07 20:21:24.871946+00,feed,https://dbxhaseoxpnmzdxbzdpj.supabase.co/storage/v1/object/public/Background%20Images/82ccadef-039f-4822-b363-f928fb0ff6e1__feed__16869__3.jpg,82ccadef-039f-4822-b363-f928fb0ff6e1__feed__16869__3.jpg,82ccadef-039f-4822-b363-f928fb0ff6e1
854bdfb2-b773-4c55-9304-0bcb2d6db7ca,2026-02-07 04:11:39.574037+00,home,https://dbxhaseoxpnmzdxbzdpj.supabase.co/storage/v1/object/public/Background%20Images/1f7fdab6-a98b-4956-869d-5449cc354c01__home__181808__2.jpg,1f7fdab6-a98b-4956-869d-5449cc354c01__home__181808__2.jpg,1f7fdab6-a98b-4956-869d-5449cc354c01
8dc0fb0e-8123-490d-afd3-f35419c60a72,2026-02-07 20:13:07.400383+00,home,https://dbxhaseoxpnmzdxbzdpj.supabase.co/storage/v1/object/public/Background%20Images/b9b9cad9-5e7d-4f24-b43e-8ea277ec8777__home__671__6.jpg,b9b9cad9-5e7d-4f24-b43e-8ea277ec8777__home__671__6.jpg,b9b9cad9-5e7d-4f24-b43e-8ea277ec8777
9046525d-817a-4b69-8807-e32476d626ff,2026-02-07 05:35:20.769839+00,feed,https://dbxhaseoxpnmzdxbzdpj.supabase.co/storage/v1/object/public/Background%20Images/cfc8a566-097e-4908-bba9-5c9bf6228433__feed__693134__5.jpg,cfc8a566-097e-4908-bba9-5c9bf6228433__feed__693134__5.jpg,cfc8a566-097e-4908-bba9-5c9bf6228433
90ce3bbb-7dfd-41f8-9f5d-021cd69aaa1d,2026-02-07 20:21:24.171837+00,ai,https://dbxhaseoxpnmzdxbzdpj.supabase.co/storage/v1/object/public/Background%20Images/82ccadef-039f-4822-b363-f928fb0ff6e1__ai__16869__2.jpg,82ccadef-039f-4822-b363-f928fb0ff6e1__ai__16869__2.jpg,82ccadef-039f-4822-b363-f928fb0ff6e1
93dc847c-6e5c-416a-9482-b4f03d7aa5d6,2026-02-07 20:30:05.629794+00,dashboard,https://dbxhaseoxpnmzdxbzdpj.supabase.co/storage/v1/object/public/Background%20Images/d723f1c2-b32b-4e27-9bb4-d3bd5c634e66__dashboard__911430__6.jpg,d723f1c2-b32b-4e27-9bb4-d3bd5c634e66__dashboard__911430__6.jpg,d723f1c2-b32b-4e27-9bb4-d3bd5c634e66
973b6e8e-bcf8-44ad-a026-2631a26270b7,2026-02-07 20:25:50.97869+00,home,https://dbxhaseoxpnmzdxbzdpj.supabase.co/storage/v1/object/public/Background%20Images/22f2c2fc-57c7-46ce-82c8-4f2d1c75c487__home__120467__1.jpg,22f2c2fc-57c7-46ce-82c8-4f2d1c75c487__home__120467__1.jpg,22f2c2fc-57c7-46ce-82c8-4f2d1c75c487
9841ac56-5f96-4d3e-84ce-b2ffea4e0014,2026-02-07 20:38:39.545607+00,home,https://dbxhaseoxpnmzdxbzdpj.supabase.co/storage/v1/object/public/Background%20Images/f9ee603b-05ee-4995-8bd6-07359fb88a06__home__1061474__6.jpg,f9ee603b-05ee-4995-8bd6-07359fb88a06__home__1061474__6.jpg,f9ee603b-05ee-4995-8bd6-07359fb88a06
a61998f0-a03f-49ac-b46f-5ea86500bb52,2026-02-07 20:38:38.006162+00,mymovies,https://dbxhaseoxpnmzdxbzdpj.supabase.co/storage/v1/object/public/Background%20Images/f9ee603b-05ee-4995-8bd6-07359fb88a06__mymovies__1061474__2.jpg,f9ee603b-05ee-4995-8bd6-07359fb88a06__mymovies__1061474__2.jpg,f9ee603b-05ee-4995-8bd6-07359fb88a06
a8afb068-6e8a-4dd7-ba98-e8f424607ad6,2026-02-07 05:35:19.299584+00,lists,https://dbxhaseoxpnmzdxbzdpj.supabase.co/storage/v1/object/public/Background%20Images/cfc8a566-097e-4908-bba9-5c9bf6228433__lists__693134__1.jpg,cfc8a566-097e-4908-bba9-5c9bf6228433__lists__693134__1.jpg,cfc8a566-097e-4908-bba9-5c9bf6228433
bb23f11f-8c80-4a81-ad4a-7bb3445f8e81,2026-02-07 22:16:00.990635+00,dashboard,https://dbxhaseoxpnmzdxbzdpj.supabase.co/storage/v1/object/public/Background%20Images/4b007623-e7d9-4e80-ade2-a70ec9498acf__dashboard__8373__6.jpg,4b007623-e7d9-4e80-ade2-a70ec9498acf__dashboard__8373__6.jpg,4b007623-e7d9-4e80-ade2-a70ec9498acf
be85bfb0-db0f-4da8-b4f6-c7a130b663a6,2026-02-07 04:11:39.204617+00,ai,https://dbxhaseoxpnmzdxbzdpj.supabase.co/storage/v1/object/public/Background%20Images/1f7fdab6-a98b-4956-869d-5449cc354c01__ai__181812__1.jpg,1f7fdab6-a98b-4956-869d-5449cc354c01__ai__181812__1.jpg,1f7fdab6-a98b-4956-869d-5449cc354c01
bfb70a40-3fdf-430d-bfb3-a3ac7d49a720,2026-02-07 22:16:00.297928+00,mymovies,https://dbxhaseoxpnmzdxbzdpj.supabase.co/storage/v1/object/public/Background%20Images/4b007623-e7d9-4e80-ade2-a70ec9498acf__mymovies__335988__5.jpg,4b007623-e7d9-4e80-ade2-a70ec9498acf__mymovies__335988__5.jpg,4b007623-e7d9-4e80-ade2-a70ec9498acf
c5c41e84-5b20-466a-b86c-cb3353a06635,2026-02-07 20:46:35.476462+00,dashboard,https://dbxhaseoxpnmzdxbzdpj.supabase.co/storage/v1/object/public/Background%20Images/df02303b-8d48-4dd4-bf1f-0f452744c6dd__lists__361743__3.jpg,df02303b-8d48-4dd4-bf1f-0f452744c6dd__lists__361743__3.jpg,df02303b-8d48-4dd4-bf1f-0f452744c6dd
c8e5cbc4-da20-433c-b7b9-9c491a77939f,2026-02-07 20:46:36.627192+00,ai,https://dbxhaseoxpnmzdxbzdpj.supabase.co/storage/v1/object/public/Background%20Images/df02303b-8d48-4dd4-bf1f-0f452744c6dd__ai__361743__6.jpg,df02303b-8d48-4dd4-bf1f-0f452744c6dd__ai__361743__6.jpg,df02303b-8d48-4dd4-bf1f-0f452744c6dd
d2352e87-31e7-428c-895e-a197af56efc1,2026-02-07 20:25:52.557979+00,dashboard,https://dbxhaseoxpnmzdxbzdpj.supabase.co/storage/v1/object/public/Background%20Images/22f2c2fc-57c7-46ce-82c8-4f2d1c75c487__dashboard__120467__4.jpg,22f2c2fc-57c7-46ce-82c8-4f2d1c75c487__dashboard__120467__4.jpg,22f2c2fc-57c7-46ce-82c8-4f2d1c75c487
d5b9ae10-b33c-4bb2-b734-7d531edbe617,2026-02-07 20:25:51.967464+00,mymovies,https://dbxhaseoxpnmzdxbzdpj.supabase.co/storage/v1/object/public/Background%20Images/22f2c2fc-57c7-46ce-82c8-4f2d1c75c487__mymovies__120467__3.jpg,22f2c2fc-57c7-46ce-82c8-4f2d1c75c487__mymovies__120467__3.jpg,22f2c2fc-57c7-46ce-82c8-4f2d1c75c487
d635606c-93a0-4bd2-a0cc-08341d25ef19,2026-02-07 20:21:25.499553+00,mymovies,https://dbxhaseoxpnmzdxbzdpj.supabase.co/storage/v1/object/public/Background%20Images/82ccadef-039f-4822-b363-f928fb0ff6e1__mymovies__16869__5.jpg,82ccadef-039f-4822-b363-f928fb0ff6e1__mymovies__16869__5.jpg,82ccadef-039f-4822-b363-f928fb0ff6e1
d6d7f795-60a3-4d03-a65f-afcb8a2c8490,2026-02-07 20:30:03.687973+00,lists,https://dbxhaseoxpnmzdxbzdpj.supabase.co/storage/v1/object/public/Background%20Images/d723f1c2-b32b-4e27-9bb4-d3bd5c634e66__lists__911430__3.jpg,d723f1c2-b32b-4e27-9bb4-d3bd5c634e66__lists__911430__3.jpg,d723f1c2-b32b-4e27-9bb4-d3bd5c634e66
d8f7dab8-956a-40d7-b70f-ee9298b5daf9,2026-02-07 20:42:16.679343+00,lists,https://dbxhaseoxpnmzdxbzdpj.supabase.co/storage/v1/object/public/Background%20Images/0c70d669-9c07-4935-a9b4-22551dd2beb5__lists__718930__4.jpg,0c70d669-9c07-4935-a9b4-22551dd2beb5__lists__718930__4.jpg,0c70d669-9c07-4935-a9b4-22551dd2beb5
dc5885a3-690c-4803-8871-2b7212cd8478,2026-02-07 20:13:05.228291+00,ai,https://dbxhaseoxpnmzdxbzdpj.supabase.co/storage/v1/object/public/Background%20Images/b9b9cad9-5e7d-4f24-b43e-8ea277ec8777__ai__675__1.jpg,b9b9cad9-5e7d-4f24-b43e-8ea277ec8777__ai__675__1.jpg,b9b9cad9-5e7d-4f24-b43e-8ea277ec8777
de232868-a92a-4358-8e48-ccc64c0dbc54,2026-02-07 20:25:53.736293+00,feed,https://dbxhaseoxpnmzdxbzdpj.supabase.co/storage/v1/object/public/Background%20Images/22f2c2fc-57c7-46ce-82c8-4f2d1c75c487__feed__120467__6.jpg,22f2c2fc-57c7-46ce-82c8-4f2d1c75c487__feed__120467__6.jpg,22f2c2fc-57c7-46ce-82c8-4f2d1c75c487
e4ae9d7c-3d55-4472-ae85-2e771a70d97c,2026-02-07 20:38:39.320795+00,ai,https://dbxhaseoxpnmzdxbzdpj.supabase.co/storage/v1/object/public/Background%20Images/f9ee603b-05ee-4995-8bd6-07359fb88a06__ai__1061474__5.jpg,f9ee603b-05ee-4995-8bd6-07359fb88a06__ai__1061474__5.jpg,f9ee603b-05ee-4995-8bd6-07359fb88a06
e76dda5a-a97a-440d-a31d-352c8fdeb395,2026-02-07 04:11:41.324585+00,dashboard,https://dbxhaseoxpnmzdxbzdpj.supabase.co/storage/v1/object/public/Background%20Images/1f7fdab6-a98b-4956-869d-5449cc354c01__dashboard__140607__6.jpg,1f7fdab6-a98b-4956-869d-5449cc354c01__dashboard__140607__6.jpg,1f7fdab6-a98b-4956-869d-5449cc354c01
f2f2d22e-5aa5-450c-9107-6410cbab050f,2026-02-07 20:35:29.80531+00,home,https://dbxhaseoxpnmzdxbzdpj.supabase.co/storage/v1/object/public/Background%20Images/fb2386f4-c66b-4c36-9589-9beb13b1ce4b__home__12445__1.jpg,fb2386f4-c66b-4c36-9589-9beb13b1ce4b__home__12445__1.jpg,fb2386f4-c66b-4c36-9589-9beb13b1ce4b
fbc21d05-e437-4b42-9f1e-0df1d8ee97e8,2026-02-07 05:35:20.421204+00,mymovies,https://dbxhaseoxpnmzdxbzdpj.supabase.co/storage/v1/object/public/Background%20Images/cfc8a566-097e-4908-bba9-5c9bf6228433__mymovies__693134__4.jpg,cfc8a566-097e-4908-bba9-5c9bf6228433__mymovies__693134__4.jpg,cfc8a566-097e-4908-bba9-5c9bf6228433