id,created_at,theme_id,url
13cd49b7-6427-4de0-8bcd-e29cadd57fc5,2026-02-08 00:25:16.87173+00,22f2c2fc-57c7-46ce-82c8-4f2d1c75c487,https://dbxhaseoxpnmzdxbzdpj.supabase.co/storage/v1/object/public/Logos/GBH.png
2b7889f7-6eec-4aef-9872-a230dc818f82,2026-02-08 00:25:17.668713+00,df02303b-8d48-4dd4-bf1f-0f452744c6dd,https://dbxhaseoxpnmzdxbzdpj.supabase.co/storage/v1/object/public/Logos/TG.png
2c414e9c-7e6e-411d-ae35-fc323e35d510,2026-02-08 00:25:16.878666+00,f9ee603b-05ee-4995-8bd6-07359fb88a06,https://dbxhaseoxpnmzdxbzdpj.supabase.co/storage/v1/object/public/Logos/SM.png
7a7092ec-a85f-4824-a922-719986933d1c,2026-02-08 00:33:21.812941+00,0fd83431-614f-4178-984a-16885a6f3f0d,https://dbxhaseoxpnmzdxbzdpj.supabase.co/storage/v1/object/public/Logos/OG.png
80fa1543-b5ec-4638-aab3-d1ed11092f88,2026-02-08 00:25:16.928406+00,cfc8a566-097e-4908-bba9-5c9bf6228433,https://dbxhaseoxpnmzdxbzdpj.supabase.co/storage/v1/object/public/Logos/Dune.png
8887a1b8-dab8-46fa-96fd-1d5a6e14b611,2026-02-08 00:25:16.853126+00,0c70d669-9c07-4935-a9b4-22551dd2beb5,https://dbxhaseoxpnmzdxbzdpj.supabase.co/storage/v1/object/public/Logos/BT.png
cac5df55-8a05-47fa-a4a5-4f78982a987a,2026-02-08 00:25:16.924836+00,1f7fdab6-a98b-4956-869d-5449cc354c01,https://dbxhaseoxpnmzdxbzdpj.supabase.co/storage/v1/object/public/Logos/DS.png
e2e33ef6-594f-431b-90b2-75707e658593,2026-02-08 00:25:16.939928+00,b9b9cad9-5e7d-4f24-b43e-8ea277ec8777,https://dbxhaseoxpnmzdxbzdpj.supabase.co/storage/v1/object/public/Logos/Gryf.png
eb60e72e-4a19-470d-8af0-e004a4903149,2026-02-08 00:25:16.836627+00,d723f1c2-b32b-4e27-9bb4-d3bd5c634e66,https://dbxhaseoxpnmzdxbzdpj.supabase.co/storage/v1/object/public/Logos/F1.png
f2f6df42-8a5b-4f82-88e5-0c0e5c667bc9,2026-02-08 00:25:17.706926+00,4b007623-e7d9-4e80-ade2-a70ec9498acf,https://dbxhaseoxpnmzdxbzdpj.supabase.co/storage/v1/object/public/Logos/TF.png
f661d735-a68e-400e-8677-21ba93dc3873,2026-02-08 00:25:16.792753+00,82ccadef-039f-4822-b363-f928fb0ff6e1,https://dbxhaseoxpnmzdxbzdpj.supabase.co/storage/v1/object/public/Logos/IB.png
fb1c8a75-2e20-49bf-a8a1-9d8c42eff586,2026-02-08 00:25:16.796131+00,fb2386f4-c66b-4c36-9589-9beb13b1ce4b,https://dbxhaseoxpnmzdxbzdpj.supabase.co/storage/v1/object/public/Logos/Slyth.png