id,watch_date,updated_at,user_id,movie_id,tier,overall_rating,acting_rating,pacing_rating,sound_rating,imagery_rating,plot_rating,dialogue_rating,notes,fav_quote
0136846b-8814-4961-b9e2-86d3862f6872,2026-01-07,2026-01-17 23:26:44.184002+00,7a19f60a-9864-42f9-91fa-96e5433218ee,b7437cda-13b9-490d-86ec-740a317cbd6d,A-Tier,89,94,83,95,90,86,50,"If you've ever been on ""Mr. Toad's Wild Ride"" at Disneyland, then you are obligated to get stoned and watch this absolute trip of a movie. You will not regret it. The only thing negative I can say about the experience is some weird loose ends, and that they threw in a little too many potatoes right before the conclusion, which started to drag, but ultimately worked itself out.",
01446dfb-a2b0-49c0-8fe4-e8299eb0b4a5,2025-11-16,2026-01-19 20:58:14.432489+00,02e69be6-32eb-447e-9a0c-9469dc5ea41e,75432010-a4c9-4eda-b684-46e0e90ecd8a,B-Tier,70,70,78,70,76,78,72,Honestly there is nothing to change in ratings from the first movie. Its just average but gets bumped up a ratings because of the train scene.,
0194c9b4-69ff-49a1-82f7-9caff97a111c,2025-11-10,2026-01-19 20:53:44.4112+00,02e69be6-32eb-447e-9a0c-9469dc5ea41e,4f1a0ff1-b317-4867-b621-5ebde72d812b,A-Tier,86,76,84,78,75,85,82,"Definitely a good movie and worth another watch. I feel like the plot is there, and the concept is there but the acting brings it down just a slight notch. Keaton and the rest of the gang were just alright but Kevin Spacey killed it as always.","""The greatest trick the devil ever pulled was convincing the world he didn't exist."" -Verbal Kint"
01ece9f4-cd65-47e5-ab94-b6c1255fac1b,2025-10-11,2026-01-19 20:37:45.926636+00,02e69be6-32eb-447e-9a0c-9469dc5ea41e,45c1bb98-05b6-4498-b083-55aa2fccdd45,S-Tier,95,98,89,89,95,94,92,"I think this is the only movie I've ever watched to pull off the ""ambiguous, let the veiwer think"" to such succesful levels. The acting is IMPECCABLE, the story is somehow both lacking and compleling at the same time. I wish the ending was slightly different but all in all and wildly enticing film.","""Lotta people come in here without any clothes on?"" -Llewelyn Moss"
02063372-9446-4ee8-9dfe-83d5e4a903c3,2025-08-20,2026-01-19 20:01:36.775201+00,02e69be6-32eb-447e-9a0c-9469dc5ea41e,79b1358f-b9be-401a-a1dc-c17ae9c683df,F-Tier,29,48,51,70,70,20,43,"They lost all the plot, not good, bad writting, bad acting",
02474c7a-20ed-49a4-b359-bb974c4e879a,2026-01-21,2026-01-22 21:13:00.546+00,02e69be6-32eb-447e-9a0c-9469dc5ea41e,ca5746a0-d31c-4c60-8626-231216bca0cb,B-Tier,74,78,84,79,86,71,62,Its just about exactly what you think it is but that isn't necessarily a bad thing. The plot is weak but easily digestible and it's overall still a fun watch. I love the constant bombardment of  pop-culture references BUT i absolutely hate that this kid seemingly doesn't care that he watched his Aunt who raised him blow-up.,
0808a036-771d-4cf4-9793-43b13bf69cc8,2025-08-07,2026-01-18 01:16:51.321125+00,02e69be6-32eb-447e-9a0c-9469dc5ea41e,088e116f-839e-41d1-8305-110ca0059eb5,B-Tier,78,85,85,79,80,80,72,"Hot wife, good plot twists, good actions scenes, better CGI",
08d0ecdc-7129-40c9-999f-cb0b678f8fcd,2026-01-28,2026-01-29 20:18:39.29651+00,7a19f60a-9864-42f9-91fa-96e5433218ee,5b5e24b0-5cf8-4d62-9e8b-5c063bad442a,S-Tier,93,80,90,90,94,93,91,"An all-time great. If you've seen it, you know, and if you haven't, watch it. No matter what phase of life you are in, this will make you think about growing up, coming of age, and the friends that got you to where you are today.",I'm gonna rip your head off and shit down your neck!
092342b5-d81e-4249-86d5-81b516fef139,2026-02-11,2026-02-12 07:07:56.323165+00,7a19f60a-9864-42f9-91fa-96e5433218ee,8d788734-78ff-4e79-ba58-f4479c2399e1,B-Tier,85,70,81,78,75,79,70,"Honestly,  just a banger. An exciting piece of history. Nobody did animation quite like Disney in the 50's. Obviously, a sentimental favorite, but when you watch it through more of a historical lens, it's crazy to see how far animation has come and how well Disney kick-started it! Bonus Points: features a Border terrier","""Say, It work swell!"" - the beaver"
09b97eee-a965-43cf-bf38-3b0d9059b4b3,2026-01-19,2026-01-19 20:15:31.85503+00,02e69be6-32eb-447e-9a0c-9469dc5ea41e,d5f3a604-bbe6-470a-9499-2aff7aa74fec,B-Tier,80,80,65,85,82,75,79,"Great acting and pretty good CGI. The music is dope when they sing their little song in the hobbit hole. Plot is clearly a more drawn out story builder, can definitely be a bit slow.","""These are Rhosgobel rabbits. I'd like to see them try."" -Radagast"
0a7a9093-285e-4000-8f60-a676e506fe87,2025-08-10,2026-01-17 23:08:54.647823+00,7a19f60a-9864-42f9-91fa-96e5433218ee,2b4da692-3217-4414-9e0d-50513fb7d436,A-Tier,92,96,85,95,95,89,50,"A visually stunning representation of the human condition to survive in the face of adversity, bending morals, and requiring the sacrifice of what we hold most dear to us. I'm a junkie for space exploration.","""Mankind was born on Earth, it was never meant to die here."" - Coop"
0ac53673-a2eb-41ed-ba78-abe995d4d9c6,2025-08-11,2026-01-19 19:53:30.672148+00,02e69be6-32eb-447e-9a0c-9469dc5ea41e,68a2908a-f5b9-4ce6-b292-1ee57feb6425,C-Tier,72,74,84,82,85,74,71,Still good but there was some nonsense points (ie music making a bunch of aliens blowup),"""Is that classical music?"" - Dr. Leonard ""Bones"" McCoy"
0ae97f7d-4c50-44d9-a7fb-abd794844211,2025-11-12,2026-01-17 23:19:58.694339+00,7a19f60a-9864-42f9-91fa-96e5433218ee,5d967040-0b79-41a5-9e26-81d4ae4306bb,B-Tier,86,88,85,85,90,86,50,"Overall, a middle-of-the-pack horror movie. This is the average amount of thrill, jumpscares, and ambience I would expect from a watch of this category, with the jumpscares carrying a lot of weight. The story was engaging, but not the most elaborate.",
0baaeb3f-d0f1-4e0a-87dd-908ed5e239de,2025-12-31,2026-01-19 21:04:22.670487+00,02e69be6-32eb-447e-9a0c-9469dc5ea41e,433ae44f-0591-4b36-b10b-3e5ad96d3f61,A-Tier,85,88,87,83,83,75,81,"If this was a standalone movie I feel like I would rate it even higher, but to no fault of its own its hard to not watch this movie fall into the shadow of the The Dark Knight as it lacks that joker presence (RIP Heath Ledger) that really brings the gotham universe to life. That being said, Bane is fucking awesome (love the mask and the voice), Anne Hathaway is okay addition and the plot is just good enough. Give Bane more screen time, depth and explain him a bit more and you got an absolute winner.","""You merely adopted the dark; I was born in it, molded by it."" -Bane"
1013e583-b5f9-44bc-a67e-a4c84d6f9a78,2026-01-29,2026-01-29 18:14:04.694998+00,02e69be6-32eb-447e-9a0c-9469dc5ea41e,ce63e6d4-32ac-460b-bf44-874d7f9ef805,B-Tier,79,76,84,79,84,76,83,"An absolute massive step up from the first. Theres actually a plot, James Spader kills it with the voice acting for Ultron and finally the cast outside of IronMan learned to act and scenes without him in it don't fall flat anymore.","""Guy's multiplying faster than a Catholic rabbit!"" -Nick Fury"
10dbe572-9840-41c5-89d4-84f8d97f05b8,2025-10-16,2026-01-17 23:15:15.153417+00,7a19f60a-9864-42f9-91fa-96e5433218ee,76ca80e8-0c4f-4501-85ed-2ee572d738f1,S-Tier,95,93,94,97,97,94,50,"Incredible story, feels magnetic, you just want more...keep it coming!","""Muad'dib"""
11bf4c82-a995-4b76-9bc9-1babc33e0bae,2026-02-08,2026-02-08 09:39:01.807452+00,02e69be6-32eb-447e-9a0c-9469dc5ea41e,780bec16-607f-4442-8cfb-c379309499d5,A-Tier,84,76,86,85,82,80,70,This has to be the gold standard for books for teens turned into movies for all. The acting is better than it should be and the plot is better than is should be and other movies probably can't touch how solidly this movie holds that top spot. My only flaw is I feel like this movie started the epidemic of short attentions spans because there's a damn cut every 1.5 seconds.,
1276c6ed-86c5-4814-b303-042e7a0dd086,2024-04-01,2026-01-17 20:50:10.559532+00,02e69be6-32eb-447e-9a0c-9469dc5ea41e,e98e650d-c26b-4416-ab21-e5f35c8f4742,S-Tier,95,50,89,82,89,94,90,"Damn this movie is awesome, great acting, funny yet serious, Bear Jew","""Say 'Auf Wiedersehen' to your Nazi Balls!"" -Sgt Hugo Stiglitz"
15f3b0b2-05a5-4881-8e53-eb24637ff94b,2025-09-01,2026-01-19 20:09:33.959861+00,02e69be6-32eb-447e-9a0c-9469dc5ea41e,dcb4b8d7-95b0-40d6-a69b-16cf85766b8a,B-Tier,82,90,80,82,84,83,79,"Bradley cooper did a good job, story was compelling but it almost felt too easy to identify the hollywood parts vs the real parts. Also terrible terrible fake baby and CGI was mid","""We ride horses, they ride their cousins"" -Chris Kyle"
164adb41-bc97-4ba2-b7ec-7895d9dbd530,2025-09-11,2026-01-19 20:17:14.652234+00,02e69be6-32eb-447e-9a0c-9469dc5ea41e,bb9fc7e6-8de4-46ed-809c-2f1b65759435,B-Tier,70,78,63,78,78,70,74,Fall off from the first 2. The plot loses basically all weight and its just 3 hours of fighting. Pretty predictable too and while it is a ficiton fantasy some of the stuff feel almost commically outlandish,"""If you don't like my burglar, then please, don't damage him! Return him to me!"" -Gandalf"
16801eca-6faa-4f6b-a25e-912db6cb587c,2024-11-18,2026-01-17 20:56:20.359831+00,02e69be6-32eb-447e-9a0c-9469dc5ea41e,79a46b44-80af-4d51-a97c-e7dcbb02b9a7,A-Tier,85,89,88,85,91,96,80,"Great plot/concept, good acting and its shot really well, love Krasinski",
1796cd32-ff0b-43e2-8b95-7567e6c6bb22,2025-08-17,2026-01-19 19:56:28.981459+00,02e69be6-32eb-447e-9a0c-9469dc5ea41e,52c0b4ee-ea55-481d-9985-15523d7360ae,S-Tier,89,97,90,83,85,94,89,"Great sports movie, super interesting story and of course Christian Bale and Mark Wahlberg can act",
17e4adc8-1be8-4ecb-b733-d8a19c2ecc0f,2025-06-16,2026-01-18 00:39:57.377752+00,02e69be6-32eb-447e-9a0c-9469dc5ea41e,0975c319-f728-4597-ac7a-a73c9e82bebf,B-Tier,82,75,90,82,89,91,78,"Fucking adorable, great plot, dragons are awesome",
19da2ea6-c6ea-46d0-876b-84e0433781fc,2025-11-11,2026-01-17 23:19:23.960974+00,7a19f60a-9864-42f9-91fa-96e5433218ee,c3dd248e-590c-4700-bee2-9cb4f5997014,A-Tier,93,97,90,94,95,92,50,Incredibly creative animation and set design. Seamlessly transforms a classic children's book by Roald Dahl into a film with plenty of humor.,"""Redemption? Sure. But in the end, he's just another dead rat in a garbage pail behind a Chinese restaurant.""      -Mr. Fox"
1b3cfcdf-a4b9-4c50-aa50-8d600b468218,2025-12-29,2026-01-17 23:26:14.749267+00,7a19f60a-9864-42f9-91fa-96e5433218ee,47506a65-e2c2-4aaf-b9f4-1354b2a104b6,C-Tier,72,80,75,75,81,79,50,"Movie sets similar vibes to a ""this is the end"" or ""the interview"" and in that regard, it's pretty decent but by no means an amazing film. I Genuinely LOVE the ending cuz like fuck yeah, the earth needs a reset, and we're too dumb to save ourselves.","""I fucking love fingerling potatoes!""           - Yule"
1bfe296b-4c1b-4531-933e-fcff17fcd0ea,2025-09-08,2026-01-19 20:14:49.140444+00,02e69be6-32eb-447e-9a0c-9469dc5ea41e,963a934f-573c-431c-8d0d-8e2c360a06d3,A-Tier,89,86,87,80,93,89,86,"Hope this continues into a series, love the dark era avengers type shit and the ""dark void"" bob was visually aswesome","""Righteousness Without Power Is Just An Opinion."" -Val"
1c3993b5-86d1-4ad8-a4d3-ebf19b7ded38,2025-08-12,2026-01-17 23:11:09.159254+00,7a19f60a-9864-42f9-91fa-96e5433218ee,c1fc271b-9cf6-403f-8c3a-ee324f336e71,D-Tier,41,39,43,60,37,29,50,"Holy Tyrannosaurus Rex, that was dumb. Mono movie for real","Again...what the dinosaur said, that guy's a character."
1d1956af-9ef3-4cda-924d-7671a8a931b9,2025-01-18,2026-01-18 00:41:26.90302+00,02e69be6-32eb-447e-9a0c-9469dc5ea41e,52c444b4-8ce2-4915-b1c9-1e8ec5efa052,D-Tier,49,65,75,60,59,50,50,"Dull, no real plot, any side plot dies immediately, just a really bad top gun, why did I watch this",
20ce16c6-505a-448c-990c-24408e412832,2025-03-19,2026-01-17 22:50:05.956405+00,02e69be6-32eb-447e-9a0c-9469dc5ea41e,9556c853-b0d2-49bb-9dd5-cbec8cf3f861,A-Tier,82,89,79,74,94,78,76,Nic Cage does a great job at being fucking creepy. Maybe not the most unique story of all time but the cinematogrphy was top notch for a horror movie,"""Let me in now, and it can be nice! Make me go now, and I'll have to come back! Not once, not twice, but as many times as I like!"" -Longlegs"
21d8cc58-a23d-403f-99f3-3bb92d85b4d3,2026-12-30,2026-01-19 21:03:36.391297+00,02e69be6-32eb-447e-9a0c-9469dc5ea41e,1b9da9ea-7cf3-4717-a1ab-3fd909e361fa,A-Tier,85,88,92,78,76,86,82,"Genuinely I cannot pin point exactly what makes the movie so good but it just is, it just is. Speilberg picked great actors, a really cool story, and did nothing special and somehow it came out awesome. The vibes are awesome, acting is great and the pacing is so good that it kinda just flows really well.","""Knock Knock......Go fuck yourselves"" -Carl Hanratty"
228410d1-f465-4560-ac55-e5e5710b8b09,2025-01-23,2026-01-17 22:44:10.362055+00,02e69be6-32eb-447e-9a0c-9469dc5ea41e,da9bcee0-ad95-4167-9933-450b787a74de,B-Tier,82,85,79,67,70,81,83,RIP to the goat rick. Watching a creepy autistic man for this long can definitely make you uncomfortable,"""Morning news, if it bleeds it leads"" -Joe Loder"
22f6ac40-ef91-40c4-8a28-71cfcf38647c,2025-11-12,2026-01-17 23:20:46.393969+00,7a19f60a-9864-42f9-91fa-96e5433218ee,01be80c1-03c8-415d-a8b6-7b7d9d045047,A-Tier,86,87,85,88,86,87,50,"There's some good plot and character to this film. The tension builds and builds as each character spirals out of control, trying to fulfill themselves. Great visuals and sound design.","""Juice by Tappy. Juice by Tappy. Juice by Tappy. oooooooohhhh."""
2577d125-fb30-4d21-a4fe-e2fc61fb2fae,2025-12-14,2026-01-19 21:00:40.048265+00,02e69be6-32eb-447e-9a0c-9469dc5ea41e,91da97c6-b870-4017-a357-e40f7beda072,A-Tier,90,92,74,85,87,89,88,Best way to describe this is a super solid combat movie but where the plot is actually important. The acting is really fucking good especially from Emily Blunt nad Benicio Del Toro. At some points it can be a bit slow but the payoff I think is good and the gory scenes are super well done.,"""You're asking me how a watch works. For now we'll just keep an eye on the time."" -Alejandro"
26926c71-2334-4fb6-98a7-06eca3ca2890,2025-01-22,2026-01-17 22:43:25.177005+00,02e69be6-32eb-447e-9a0c-9469dc5ea41e,06a198e8-39fa-4b4c-a96b-ba2fbc71c78e,F-Tier,37,75,52,68,80,75,59,"Visually appealing but the plot is pretty predictable and slow and the unneeded college student ""imagery"" of spiders is lame",
287fdafa-9072-4f3e-86ae-c5107d69190e,2026-02-13,2026-02-14 02:51:36.138184+00,ef487192-cee2-4ac8-8dd1-2b8d4ca20d54,0d06b4e2-1520-4a4f-9190-8a80295d9722,S-Tier,94,96,93,88,87,92,88,"One of my favorite psychological thrillers ever. Jackman, Gyllenhaal, and Dano put on an entrancing performance that immediately draws you in. There isn’t a dull moment and the ending is fantastic.","Jingle bells, Batman smells…"
28dc07f3-43e7-4240-bc95-2825d2fffb92,2025-04-19,2026-01-17 22:56:46.204683+00,02e69be6-32eb-447e-9a0c-9469dc5ea41e,6fdf387b-9aab-4c9a-8685-f7c142f2cc61,A-Tier,85,75,80,70,68,85,80,"Fucking amazing, ben stiller always goated, the humor similar to other comedy movies of that time but still felt fresh with the cast and the plot","""You went full retard. Never go full retard"" -Kirk Lazarus"
295d65cf-3ce9-4743-93ca-ef1ba5e7007d,2025-04-09,2026-01-17 22:52:23.469698+00,02e69be6-32eb-447e-9a0c-9469dc5ea41e,f110548e-a0f9-4ea5-bfdc-47d93316fd89,A-Tier,83,80,84,86,90,74,83,Plot twists a bit predictable and I feel like its still a bit overhyper but visually pretty cool and has some high points that can make it that cultural must watch,"""Tyler, you are by far the most interesting single-serving friend I've ever met."" -Narrator"
29b29ff0-d638-4a8b-85e0-3ccc5ff71b39,2025-09-10,2026-01-17 23:13:03.549653+00,7a19f60a-9864-42f9-91fa-96e5433218ee,eec769e9-a56b-49d1-9d30-fe62a8e05b1d,S-Tier,91,89,94,90,93,91,50,Family classic featuring our home beach. One of the all times.,"""If God made it that way, we'd all be pissing in our faces.""  - Brand"
2c063a64-9e59-44da-99b1-8f4fbf1366e9,2026-01-04,2026-01-19 21:05:07.020085+00,02e69be6-32eb-447e-9a0c-9469dc5ea41e,d0e0580b-b85b-4871-9851-a952c4e2e875,B-Tier,79,89,70,85,92,73,78,"Is it WAYYY toooo long, YES. But, the budget is clearly massive because the stunt scenes and sinking scenes and use of water was soo good that it really really really makes up for a lot of it. If you take out all the side characters the acting is great. Genuinely just shorten it by an hour and remove the modern day story telling crap and its a much better film.","""Draw me like one of your French girls"" -Rose DeWitt Bukater"
2e917e1d-3c70-46d9-8fa5-48f949b4f9e0,2025-05-20,2026-01-17 22:58:33.57138+00,02e69be6-32eb-447e-9a0c-9469dc5ea41e,a74132aa-59f1-430b-8574-a97309574cf3,B-Tier,76,81,89,75,73,77,82,"Great cast, funny early 2000s humor, a bit predictable and maybe overdone if watching two decades later","""Ulcers"" -Rusty Ryan"
2ff6e616-eb41-47b3-b76c-3b806fbcff60,2025-09-21,2026-01-19 20:24:01.36529+00,02e69be6-32eb-447e-9a0c-9469dc5ea41e,69edb519-f185-4c8f-99e9-28125cdf91be,C-Tier,51,67,75,60,85,62,67,Big drop off from the other two. Plot is all over the place with almost no real character development or driving factor to build a connection between audience and characters. The son played a good role and his death was dope but other than the good cinematography it was mid.,"""Time To Dance On Your Grave."" -Rasputin"
310957ce-91ab-48b2-9917-f9ddf3ae92c3,2026-01-05,2026-01-19 21:06:28.210656+00,02e69be6-32eb-447e-9a0c-9469dc5ea41e,c3dd248e-590c-4700-bee2-9cb4f5997014,B-Tier,76,77,85,69,80,74,83,"Classic Wes Anderson. Is the plot the best, no, is the story the most interesting no, BUT, yet again the imagery and pacing make up for it. While those usual pros and cons can bore non Wes Anderson fans, I find this movie to have a bit more charm and intrigue than some of his others and its still worth a watch. ALSO Kylie ABSOLUTELY CARRIES and is the best by a mile.","""Comme ci, comme ca. Anyway, the views are better above ground."" -Mr. Fox"
329595cf-6a02-4b12-9698-662be15d68e2,2025-10-12,2026-01-19 20:38:32.112739+00,02e69be6-32eb-447e-9a0c-9469dc5ea41e,590b97b6-86a9-476a-b64b-4bc308ee9a0d,A-Tier,89,90,79,93,92,88,93,"Okay bad stuff first, pacing is a pretty big mess, pretty lacking in characted development outside of Leo DiCap, and like with many comedy/drama's the ""vibe"" of the movie changes so repeatedly and quickly you might get a sesuire. Now the good, so unbelievably unique, the comedy moments are really gold, the cinematagrophy and acting (mostly Leo and Army guy) are pretty damn good. Probably an acquired taste film.","""Mexican hairless"" -Bob Ferguson"
32e927bc-7ee4-4515-ab7e-657c447676a6,2025-12-16,2026-01-19 21:01:24.901345+00,02e69be6-32eb-447e-9a0c-9469dc5ea41e,13167567-f10a-4b1d-a5de-17b2812e400c,B-Tier,72,75,82,70,88,70,78,Above average for what seems like a movie made for frat bros. The plot is mid but the rather impressive cinematagrophy and editing really ramps it up a notch. Feels like a more mainstream and digestible Requiem for a Dream.,
35e27190-30f5-4445-b06f-3cdf029fdc6c,2024-12-08,2026-01-17 22:26:17.753506+00,02e69be6-32eb-447e-9a0c-9469dc5ea41e,9db2aa03-e9c9-40ba-bcbd-338770de0ca6,B-Tier,76,72,68,79,71,62,65,Honestly I think this one is overrated. Yes creepy little yoda is in it but the pacing feels aggressively lack luster and not entirely sure its needed,"""Laugh it up fuzzball"" -Han Solo"
35f2e079-d848-414e-beb5-b2229814f61a,2025-09-29,2026-01-19 20:30:26.119701+00,02e69be6-32eb-447e-9a0c-9469dc5ea41e,653e9b9f-f967-4cce-acbc-1a1d95edc8d7,C-Tier,68,68,78,73,68,60,69,Pretty significant fall-off from the previous. The plot is just messy and lackluster. The whole 007 being in trouble with his own agency is just such a moot point and annoying. The stunt team/director pulled in so much more CGI it really fell off quality wise and with how impressive the stunts were.,"""There is something horribly efficient about you."" -Camille"
35fb8c0f-dd0f-4e1c-838e-9b6b70527087,2025-10-25,2026-01-19 20:44:32.879068+00,02e69be6-32eb-447e-9a0c-9469dc5ea41e,153e220b-1af7-46e5-bb92-7be4975826fd,A-Tier,86,91,72,76,85,86,86,"No roast but this movie is a bit overrated if you are someone who looks at ratings. Is it good, no its freaking awesome BUT the whole movie is propped up on the incredible performance heath ledger put together, and the visual appeal that Chrtispher Nolan put together. Outside of Heath and the awesome iamgery, the sound scores is WEAK, the acting is very average (might seem worse comparitvely) and the constant circuling rotation of the camera around the scenes subjects make this whole movie fall from the tall peak it could be sitting on.","""Never start with the head. The victim gets all fuzzy. He can't feel the next..."" -The Joker"
36189ec2-7dc5-49b7-92cc-b243e8550427,2024-12-18,2026-01-17 22:37:29.308478+00,02e69be6-32eb-447e-9a0c-9469dc5ea41e,da258b24-1b69-42d2-9064-dabaa251502e,C-Tier,63,82,62,75,77,72,64,Solid standard horror movie with a unique plot line. It works for 3/4th the movie and then the ending loses all sense of being. Why did they do it?,
3672c922-8e90-4d26-89be-4c67ac32a241,2025-10-29,2026-01-19 20:47:11.414616+00,02e69be6-32eb-447e-9a0c-9469dc5ea41e,2eb7bb02-48d6-4397-a8b7-4080862efc4e,D-Tier,56,63,75,67,61,62,75,"Big Big fall off. Damn near every aspect, just worse. Acting worse, CGI somehow worse on the easy part like motorcycles but still good on the monsters, plot boring. Biggest issue though, is how did they lose almost ALL the charm from the first movie. Really makes me think this should have been a one-off.","""Yes. So, you will be this armless, legless, faceless thing, won't you, going down the street like a turd in the wind? Do you feel me?"" -Venom"
36d7fd22-7444-4ad6-a98f-c75c03684f6a,2026-01-06,2026-01-19 21:07:12.138474+00,02e69be6-32eb-447e-9a0c-9469dc5ea41e,3a9e3d9a-c33b-48f6-aeb6-c8ebf272727a,C-Tier,56,85,68,73,78,47,72,"It hurts to say, but this might be some of the most bottom tier Wes Anderson their is. The characters aren't interesting enough to grab your attention, the plot feels overdone and the damn same as most his other movies, and it almost feels like some lazy attempt to throw as many celebrities as possible into a single movie and hope their acting can carry the rest of it. It's also just not as pretty.",
380c99c3-6be2-4aa5-94ec-403365ef40a9,2026-01-29,2026-01-30 01:41:19.362251+00,02e69be6-32eb-447e-9a0c-9469dc5ea41e,1cb983bd-3509-4bac-88b7-f2c5e82ea663,A-Tier,80,79,82,83,83,80,81,"And yet another step up from the previous. Even if you aren't totally into the superhero genre anyone respect and appreciate the grandeur, CGI, and just non stop action surrounded by a relatively intriguing plot and the combination of about 8 different movie franchises. They also really improved the  dialogue and there are some genuinely funny moments.","""Field trip to MoMa!"" -Peter Parker"
392ccc93-82d2-4acd-93ee-398b14a6bf65,2026-02-03,2026-02-04 06:28:37.909609+00,02e69be6-32eb-447e-9a0c-9469dc5ea41e,60e44e6f-8b8e-475f-b854-5630c06d2db7,A-Tier,86,86,84,70,80,65,93,I mean cmon this movie is just fucking funny. There might be a lot of comedies like it but I think this movie has a better stream of one-liners and bits than 90% of comedy movies out there. Also CGI surprisingly really good.,"""You could put the ring in her ass. Let her fart it out"" -Guy"
3972e2d8-b2e6-464c-aa12-50886e9661ad,2025-11-05,2026-01-17 23:18:02.761837+00,7a19f60a-9864-42f9-91fa-96e5433218ee,fd8f0877-6f8f-45ae-98fd-af04061d2e69,B-Tier,69,69,72,60,75,71,50,"Fuck the haters - fair, there's not a ton of substance, but this movie is quick, easy, and comical, and that's okay.   BONUS POINTS: main character has my gramps' name.","""These are Darnell's shoes."" - Jim Dodge"
3af0e982-b2c9-4cb7-bd7b-66fcc4ca19fb,2025-09-16,2026-01-19 20:21:24.716765+00,02e69be6-32eb-447e-9a0c-9469dc5ea41e,21f2ab21-8a18-4326-96d5-ef12745dabee,A-Tier,84,87,73,85,84,85,84,"Its definitely a solid ending to the trilogy, but I personal find the long fight scenes to be a bit drawn out and it usually means the plot loses a bit of a its depth. Its also super long but Sam is the goat by a mile!","""Fool of a Took!"" -Gandalf"
3bd145cd-5d40-46de-a70c-432970379df8,2024-12-11,2026-01-17 22:29:42.865829+00,02e69be6-32eb-447e-9a0c-9469dc5ea41e,71454d40-1dcd-4c00-985b-adf7b73730fc,B-Tier,87,75,82,79,93,90,78,"Feels a bit repetetive at this point with Rey trainings but the visually are a slight step up, and it feels like a good filler towards the final movie","""Get your head out of your cockpit."" -Leia Organa"
3cd969a3-e7e3-4be3-905d-50433826821c,2024-12-05,2026-01-17 21:16:53.28549+00,02e69be6-32eb-447e-9a0c-9469dc5ea41e,102f5c16-fe8f-4c45-a976-98fed55eb976,A-Tier,86,78,74,79,84,82,77,Solid ending with the iconic lava fighting scene. Does a great job at getting you hyped up to watch the following movies with the plot twists/changes.,“The time has come. Execute Order 66.” -Darth Sidious
3e6a09c0-476d-4483-a5a9-34aca957f7e7,2024-12-03,2026-01-17 21:00:25.347773+00,02e69be6-32eb-447e-9a0c-9469dc5ea41e,3a25b4a4-35c9-4143-a33b-67578b394c41,D-Tier,35,83,65,77,62,74,67,"Chaotic, Weird, kind of unsatisfactory, doctor dad, good kid actors",
404b479d-8650-4506-a1d5-e7b7128273e5,2026-02-03,2026-02-04 03:38:41.477183+00,ef487192-cee2-4ac8-8dd1-2b8d4ca20d54,5b5e24b0-5cf8-4d62-9e8b-5c063bad442a,S-Tier,93,90,80,86,95,91,88,"Classic, Oregon kids represent, coming of age in a unique storytelling experience",Cherry flavor pez
424900d8-3fa2-4404-ac80-65f996f4cb35,2024-12-17,2026-01-17 22:36:16.097908+00,02e69be6-32eb-447e-9a0c-9469dc5ea41e,440c47eb-f600-4a36-aef5-dd9d4b8a32cb,S-Tier,92,70,71,75,57,68,85,Most peak 00s slapstick ben stiller comedy ever. So many quotable lines and their ability to complete these scenes is unmatched,"""It's a bold strategy Cotton. Let's see if it pays off for 'em"" -Pepper Brooks"
4401cc12-1c72-41f4-a33b-6ca81f1b1960,2026-01-22,2026-01-23 05:59:47.681457+00,ef487192-cee2-4ac8-8dd1-2b8d4ca20d54,b7437cda-13b9-490d-86ec-740a317cbd6d,A-Tier,82,84,80,85,76,77,80,"Very well acted film with a lot to love, Timmy goes hard and it works well",
44eb56bd-226c-44a6-bff8-ecf0e3a21dd6,2024-12-07,2026-01-17 22:24:39.222002+00,02e69be6-32eb-447e-9a0c-9469dc5ea41e,2ed9292d-0258-45be-b04e-e412b74abc0a,B-Tier,83,72,64,81,65,71,70,Peak early SW 70s vibes. Honestly they do a great job here of building that connection to the characters and the casting was wonderful,"""Aren't you a little short for a stormtrooper?"" -Leia Organa"
4629b7be-e3ab-4d59-b096-eaa6f21c9bb5,2026-02-12,2026-02-13 05:52:59.277594+00,02e69be6-32eb-447e-9a0c-9469dc5ea41e,88a10c9c-3b04-4d8e-a9f9-ab793a237c8a,A-Tier,87,80,90,79,70,87,88,If you dont like this movie we can't be friends. I dont think there is a better movie a setting up a franchise than this one and watching it time and time again nothing changes. Knowing that there are seven more movies for you to watch the only possible emotion you can feel is nostalgia and excitement.,"""Now if you two don't mind, I'm going to bed before either of you come up with another clever idea to get us killed - or worse, expelled."" -Hermione Granger"
465c151c-960b-4ca3-a66a-42d3e0cf1019,2026-01-30,2026-01-31 05:36:19.784279+00,02e69be6-32eb-447e-9a0c-9469dc5ea41e,c6dbc9dd-c57b-4e3c-b9c6-393300264b0b,A-Tier,80,77,76,80,80,78,77,I think its just about comparably to Infinity War but it definitely loses a bit of its spunk and awe that I feel the previous one had (might just be a result of following up the first marvel movie to really bring EVERYONE together). But all in all its a solid watch that wraps up the story line pretty nicely. I do think its about 30 minutes too long. Also not sure if its her or just how the character is written (probably the latter) but Brie Larson as Captain Marvel just feels like ruins damn near every scene she is in.,
46fbebb2-0b2e-4921-b175-6cec8c478678,2025-09-23,2026-01-19 20:26:22.775514+00,02e69be6-32eb-447e-9a0c-9469dc5ea41e,78380afb-5b46-4794-9f5a-2b828fae3769,A-Tier,89,89,86,82,83,85,90,"Honestly really good, the plot is intriguing with good twists and the action is peak comedy style. Characters are super likeable/get you invested and the acting is pretty damn good. Take out some clear as day product placement and I think its a home run.","""Everything I've Learned About People, I've Learned From Thomas."" -Lemon"
4782fcae-3ee1-41e8-ad26-d9840dd97762,2025-11-19,2026-01-17 23:24:14.165205+00,7a19f60a-9864-42f9-91fa-96e5433218ee,0c9a8a0c-a4bd-4aa6-b79c-deb406a2f80f,B-Tier,80,69,79,85,82,78,50,"Not the most amazing movie, but certainly entertaining for the sake of a ""based on a true story"".","""My name is Federico Aranda, and I shall return"""
4a716f85-016a-4cb1-9e89-e5fc092e3934,2026-01-06,2026-01-19 21:07:52.697225+00,02e69be6-32eb-447e-9a0c-9469dc5ea41e,f4a34286-f03b-4c0e-b512-8cec688eebcb,B-Tier,79,71,85,76,85,76,78,"Maybe this is some nostalgia thing but I genuinely feel like this is an underrated movie. Its absolute brain candy but the characters have a depth that actually sucks you in, the plot is easy to digest but they do a great job at making you want to go to the next movie. Also it was right around the peak CGI years so pretty impressive there too.","""Seriously?"" -Fry"
4c446cd4-5824-49d6-b68f-e9d180f7fe98,2026-01-21,2026-01-22 22:44:17.419364+00,7a19f60a-9864-42f9-91fa-96e5433218ee,1adaa710-002b-4210-a8a2-4391b0454e47,A-Tier,89,79,69,80,50,65,70,"My Era's classic Bond film. The intro parkour chase scene became instantly imprinted in my mind as a child, and I still love it to this day.  Bond's witty repartee and grit throughout most of the film are incredibly well done and serve to catapult him as an all-time Bond; however, towards the end of the film, some of this quality feels a bit lost during Bond's recovery with Jesper.  Maybe you can chalk it up to his origin story and time as a rookie of MI6, but to me, this section of the film undermines Bond's character and could have been done better while still carrying the same messages.","I've got a little itch ,down there. Would you mind?"
4e96798b-f362-4640-9a79-4864cc25c455,2026-01-11,2026-01-19 21:11:23.750203+00,02e69be6-32eb-447e-9a0c-9469dc5ea41e,731a959e-cd03-4adc-8629-8896baa5909b,D-Tier,35,49,75,60,47,35,32,"The most bland rice cake movie of all time. Every aspect sucks, outside of the fact that its short enough to go by pretty quickly. The only pro for me is that I went to catholic school long enough to know that they really did portray catholic life, pressures, camps, and people in positions of power pretty damn accurately. God Religion Sucks!","""What are you doing? You know I get turned on like a microwave!"" -Chris"
4fe33e2a-6776-41c5-b7b5-2bed6f350020,2025-09-03,2026-01-19 20:10:29.269924+00,02e69be6-32eb-447e-9a0c-9469dc5ea41e,640d0cf1-4b39-471b-a162-2ebf72917bdd,A-Tier,88,92,75,90,98,88,82,"Visually fucking awesome, so cinematic, good plot, can be slow at points but keeps you interested and while its not a huge huge twist there is part to the ending you woudnl't really be able to see coming",
50f67be3-8b8c-4b67-ae93-84e39426f783,2025-11-09,2026-01-19 20:52:48.70447+00,02e69be6-32eb-447e-9a0c-9469dc5ea41e,d15f381d-f4a7-4286-b245-899060896e25,C-Tier,63,77,77,62,60,50,63,"Honestly, did not live up the hype. Plot is boring, the comedy is pretty damn hit or miss (even though there are some realy high highs). I think Paul Rudd and Steve Carell really carry this movie. But the afternoon delight part is peak",
512094af-68ab-4d24-8a95-3d548fd3ee71,2025-11-19,2026-01-17 23:23:28.914282+00,7a19f60a-9864-42f9-91fa-96e5433218ee,0d06b4e2-1520-4a4f-9190-8a80295d9722,A-Tier,91,91,87,80,93,95,50,"Incredibly engaging film. You almost feel like you're walking alongside the characters, which gives the movie quite a bit of suspense. Overall, a great crime thriller that almost plays as a horror film. Highly recommend.","""They didn't cry until I left them""                             - Alex Jones"
5136fd15-503a-408d-80bb-6d5acee3928a,2025-08-23,2026-01-19 20:04:28.592537+00,02e69be6-32eb-447e-9a0c-9469dc5ea41e,50181bee-6af5-44fc-a899-48ba33d6e12e,D-Tier,45,61,64,57,51,52,53,"This might be one of the most boring movies of all time, the romance is not good enough and neither is the comedy to make up for the lack of plot that a rom com usually has. What is funny about this? He has accent ha ha funny, not",
54cc5029-f567-4d9f-9a4b-ce257f325d78,2025-10-15,2026-01-17 23:13:58.497421+00,7a19f60a-9864-42f9-91fa-96e5433218ee,2114141d-0570-4436-8d61-84bf9abdb074,A-Tier,94,93,94,97,96,92,50,"Really impressed. Visually stunning, immersive, and leaves you wanting more. Ironically feels like ""a new hope"" for sci-fi. I'm excited for the follow ups!","""Lisan al-gaib"""
55410b38-0759-4ae7-be62-9b374dec3e8e,2025-04-06,2026-01-17 22:51:38.623795+00,02e69be6-32eb-447e-9a0c-9469dc5ea41e,2164d4f8-1c62-4681-b0e3-486110f2fbfa,A-Tier,89,93,90,89,92,93,93,Great story with equally great acting from Hugh Grant and others. For being a thriller the pacing was on point,"""It's A Simple Choice That Should Not Be Made Simply: Belief Or Disbelief?"" -Mr. Reed"
5541d274-9df9-46cd-854d-4baab027512b,2024-12-13,2026-01-17 22:31:44.732017+00,02e69be6-32eb-447e-9a0c-9469dc5ea41e,b36ace1f-b0bb-4a58-9f59-c95e0be99217,B-Tier,65,71,71,75,63,62,60,"Pretty mid, only rated this high cuz its a SW movie. I think it just feels tough to really care about the characters in this one","""Oh, Why? Because You're My Organic Overlord?"" -L3-37"
55d0046b-58a3-47e6-8de1-a7636374af9a,2025-10-30,2026-01-19 20:48:33.930606+00,02e69be6-32eb-447e-9a0c-9469dc5ea41e,49de1947-0763-4c40-b2b9-380e46d43341,B-Tier,81,76,75,65,75,80,75,This might be a result of the modern day marvel Don Cheadle but I feel like his acting didn't really hold up as much I would have wanted for a movie that had such great potential and such depth of emotion. The plot (ie semi real life depiciton) is obviously super interesting but I sort of wish they went a bit darker with it to show the real suffering of that time.,
55f90ba5-200b-4f68-8d29-6e734e270253,2025-10-05,2026-01-19 20:33:51.324081+00,02e69be6-32eb-447e-9a0c-9469dc5ea41e,bf29a200-b18f-4887-8950-3dfe357f3ed3,B-Tier,82,85,79,75,88,92,88,"I really think the first 75% of this movie is amazing. Its intense, its emotional, the acting is amazing, and then as soon as it gets to killing UBL they leave out all the good actors, the strong pacing, and it turns into 40 minutes of darkness, heavy breathing, and a few bullets flying.",
5600b191-7231-4662-af43-f1b4c6bf0412,2024-12-01,2026-01-17 20:59:32.926282+00,02e69be6-32eb-447e-9a0c-9469dc5ea41e,fd2d6a40-d45f-4456-b4dc-4c0f3ffc951e,C-Tier,52,64,71,80,87,76,67,"Great soundtrack, awesome visuals, peak teenage boy movie",
593acfee-490c-4e7c-a951-d08157f3f1b6,2025-09-20,2026-01-19 20:22:26.482663+00,02e69be6-32eb-447e-9a0c-9469dc5ea41e,c37c6bdf-e3db-4404-a77a-d947cedd0387,A-Tier,88,87,87,82,88,75,85,"""If you save the world, we can do it in the asshole"". To me its the perfect balance in action comedy. It actually keeps you engaged even though you know its like a non-serious movie. The church scene and firework heads really seal the deal.","""f you save the world, we can do it in the... asshole."" -Princess Tilde"
59e67f71-ea56-4022-bb47-ddbad6669a83,2026-01-25,2026-01-25 09:07:03.445143+00,02e69be6-32eb-447e-9a0c-9469dc5ea41e,dcee5afc-a672-42b7-ab55-00fc4a87c2e4,B-Tier,71,90,80,85,85,60,82,"See this ones tough. On one hand the movie itself is super interesting, well acted, really good imagery and the premise is there. But, and unfortunately its a big but, the plot feels as fucking predictable as Donald Trump running our country into the ground. Maybe I heard it was great and had some unrealistic expectations but it feels like anyone with a smooth brain could have guessed how this one would end. If I could just change the ending, this is an S-tier movie.",
5a516c13-f876-4f29-bb32-2e456525e7ba,2025-08-09,2026-01-19 19:48:15.737245+00,02e69be6-32eb-447e-9a0c-9469dc5ea41e,99d4da5e-bd1b-45b6-8929-dbed2aa3b10a,B-Tier,83,84,83,79,86,85,71,"Still good, sticking with character dev but story seems a little more predictable than the previous, also tom cruise delivers one of the worst lines in cinema history, but henry cavill plus",
5c613b81-cedb-4fe0-bbf0-7c3674c13225,2024-12-12,2026-01-17 22:30:38.674086+00,02e69be6-32eb-447e-9a0c-9469dc5ea41e,461d01a3-28e3-4b0b-b09c-cb2649c2b574,A-Tier,91,79,84,79,93,84,82,"Got too much hate, the ending is solidly entertaining and the visually are really impressive for a SW film","""We Had Each Other, That's How We Won."" -Lando Calrissian"
5cf0ee89-a16c-4e18-bd05-250687ff89ff,2025-08-09,2026-01-19 19:47:10.292465+00,02e69be6-32eb-447e-9a0c-9469dc5ea41e,6d634705-aa97-454e-8b00-e7c1e9a60cce,B-Tier,86,84,87,79,82,90,68,"Better than others really bcuz of character dev, more hot women, some good twists but plot just felt more thought out",
5cffc01c-b99f-455d-8001-2031a7bab61a,2025-08-09,2026-01-18 01:22:42.75822+00,02e69be6-32eb-447e-9a0c-9469dc5ea41e,34f7bbb1-80d3-4cce-9171-ffe15e8c374e,B-Tier,81,81,87,79,85,85,77,"Better plot, better CGI (minus russia part), finally some character development, better action sequences",
5d1ffa79-5819-4380-925e-837390adccdb,2025-06-09,2026-01-17 23:01:34.205458+00,02e69be6-32eb-447e-9a0c-9469dc5ea41e,a0e6e507-142e-4f07-9778-685e1b03d277,B-Tier,81,84,89,90,98,76,67,"Don't watch for the plot, watch for the fucking sick driving scenes","""Can you introduce me to Carlos Sainz?"" -Nightclub Girl"
5e86ae08-7812-41e4-9bd3-4a58057b3534,2024-06-12,2026-01-17 20:52:08.291567+00,02e69be6-32eb-447e-9a0c-9469dc5ea41e,e73704e1-6dee-4828-bb1f-921e02d7bd1b,A-Tier,86,83,87,89,97,80,74,"America fuck yea, cinematogrophy is peak, great music, tom cruise good as always",
5fb58d8a-16f5-4bc2-ba8a-7cc988b7ddd4,2025-10-19,2026-01-17 23:05:08.725552+00,7a19f60a-9864-42f9-91fa-96e5433218ee,7c912c4e-888c-4637-a9ed-01a249f45f49,A-Tier,90,95,90,85,91,89,50,"Truly classic story with some iconic movie quotes. It contains some essence of a creepy horror film without being too off-putting. Anthony Hopkins as Hannibal Lecter and Ted Levine as Buffalo Bill carry a lot of the entertainment value of this film for me, and put up great performances.","""Would you fuck me? I'd fuck me"" - Buffalo Bill"
5fd5644e-2e32-440b-ad00-aaa5acdac59e,2024-12-05,2026-01-17 21:15:09.073719+00,02e69be6-32eb-447e-9a0c-9469dc5ea41e,45881880-57dd-4495-8501-6158f3db170e,A-Tier,86,76,78,79,77,83,76,Has to go down as one of the best with order 66 and probably the most important plot point of any SW movie,"“I don’t like sand. It’s coarse and rough and irritating, and it gets everywhere.” -Anakin Skywalker"
6167f458-4438-4bf5-90dc-fdd74169febd,2025-01-28,2026-01-17 22:45:46.459575+00,02e69be6-32eb-447e-9a0c-9469dc5ea41e,16d53720-c0a6-456b-b41e-f921101768a7,D-Tier,52,87,62,83,84,73,76,"Not satisfying plot, bounces around a lot, good acting, cool shots but the lack of substance or maybe the constant attempt to be ""uneasy"" kind of ruins it",
62071622-6d0c-43d8-af79-6c52ea379662,2025-12-28,2026-01-19 21:02:49.790108+00,02e69be6-32eb-447e-9a0c-9469dc5ea41e,ae2da529-2556-4901-8ea0-e76221587828,C-Tier,61,70,67,72,90,52,59,Exactly what you expect it to be. So so over the top and unrealistic that it feels really hard to get deeply invested in it. I like the call back shots from previous movies and as always the stunts are the best part but it just feels like a movie written by a 5 year old on cocaine and adderall.,
638042e2-9824-4e94-a623-30e1536e5dcf,2025-09-15,2026-01-19 20:20:04.02909+00,02e69be6-32eb-447e-9a0c-9469dc5ea41e,9147a5cb-f9eb-427e-95ed-8ff51d372b1a,A-Tier,88,87,76,87,86,90,84,Just slightly better than the previous because the pacing is like 1% better. The fighting scenes were also better and who doesn't love talking trees,"""What's taters, precious? What's taters, eh?"" -Gollum"
6778880f-461c-4b73-85fa-6e6454adfd18,2025-08-30,2026-01-19 20:07:54.792034+00,02e69be6-32eb-447e-9a0c-9469dc5ea41e,27ef9d2b-f6d4-47a5-b780-9cb30b019fe6,C-Tier,69,76,69,75,74,77,69,Pacing was all over the place. Plot was okay but kind of messy and the acting was fine. Kind played like a comedy at points which was weird. Also the guy got shot damn 50 times and didnt die right away,"""People Are Gonna Drink! You Know That. I Know That."" -Al Capone"
682f89bb-a954-412b-aecc-a25bcd9f4f5c,2024-12-10,2026-01-17 22:28:41.557087+00,02e69be6-32eb-447e-9a0c-9469dc5ea41e,fefa3d55-9d9d-4579-ae85-1e44b88f5da3,B-Tier,77,71,65,79,81,73,70,Feels almost as if the whole movie is in place to set up the cast/characters and not much else. Still entertaining as always but as a stand-alone it just alright.,"""You Probably Don't Recognize Me Because Of The Red Arm."" -C-3PO"
69175d5f-f50d-4241-a544-fa77f6584aa5,2025-09-06,2026-01-19 20:13:50.482649+00,02e69be6-32eb-447e-9a0c-9469dc5ea41e,b5f231f8-3342-4bbb-83ce-2debe33e1115,C-Tier,65,67,70,87,74,63,67,Honestly eminem is a better actor than I would have expected. Plot is weak and predictable and overdramatic,"""And Clarence parents have a real good marriage"" -B. Rabbit"
69d73302-88ac-4644-961b-fe60d66d0036,2025-12-12,2026-01-19 21:00:01.553031+00,02e69be6-32eb-447e-9a0c-9469dc5ea41e,3ef80d20-7a96-43d9-a241-048113e8beaf,A-Tier,86,85,79,88,93,79,84,Like always Denis KILLS the looks and cinematagrophy of any movie hes apart of. So grand and awesome. Plot and pacing kind of swing into these highs and lows which ultimately brings it down for me.,"""They all think it's about more detail. But that's not how memory works. We recall with our feelings. Anything real should be a mess."" - Dr. Ana Stelline"
6af583b1-8f4d-4d05-bf30-431fc49d589c,2025-08-21,2026-01-19 20:02:25.222265+00,02e69be6-32eb-447e-9a0c-9469dc5ea41e,217ac67a-f242-4f8f-8818-08e111415b08,D-Tier,32,48,55,70,70,22,42,"Still bad, its like some mystical wizard shit now, but Cogman is goated which makes it not the worst",
6b82c2d5-5324-4f3d-b03e-9041afc8a2cb,2025-10-27,2026-01-19 20:46:24.817427+00,02e69be6-32eb-447e-9a0c-9469dc5ea41e,3cd2e735-a7b3-4ae2-b968-6b3eb081066e,B-Tier,79,78,80,81,83,70,82,"Honestly, dont know why people dont rate this movie higher. Its unique, the CGI is pretty damn good, and the dialogue/characters are fucking hilarious and likeable. We'll see how the series progresses but I really like how this fits into the oversaturated marvel super hero universe shit.","""Yes. So, you will be this armless, legless, faceless thing, won't you, going down the street like a turd in the wind? Do you feel me?"" -Venom"
6c66d51e-36b8-4271-aadc-bff32f22048d,2026-01-07,2026-01-22 22:30:45.041+00,02e69be6-32eb-447e-9a0c-9469dc5ea41e,b7437cda-13b9-490d-86ec-740a317cbd6d,A-Tier,90,89,79,88,84,84,88,"I wish I could split this review into two parts, because the first 2/3rds of this movie are ELITE before the last 1/3rd starts to drag on a bit and feel a but sluggish. That being said though, Timothée absolutely smashed the acting and truly played an insufferable prick amazingly well. The dialogue is fucking hilarious, the pacing/side plots feel like a damn roller coaster but damn was it an enjoyable ride. Also the uncomfortable bits like the spanking and the licking honey were done so well.","""I'm going to do to Kletzki what Auschwitz couldn't."" -Marty Mauser"
6d57af94-f2e0-4b10-94ed-78517aa8046c,2025-10-19,2026-01-19 20:42:25.393963+00,02e69be6-32eb-447e-9a0c-9469dc5ea41e,92ade00d-e9f0-410b-abd7-4fd8ef7dc16e,B-Tier,71,76,68,73,83,78,79,I think the movie loses just a little bit of the sparkle that the first one had. It's still really good and I actually think the plot is just a little bit more in-depth but the acting and pacing are a bit of a drop,"""I got a jar of dirt, I got a jar of dirt, and guess what's inside it!"" -Jack Sparrow"
6e0c80d5-be3a-441f-8740-07dbc62e4544,2026-01-26,2026-02-03 06:46:57.205765+00,7a19f60a-9864-42f9-91fa-96e5433218ee,7d7d77ad-8ce0-4da0-a2a6-6aa75037ad54,D-Tier,58,58,53,75,49,45,48,"Yeah...really didn't enjoy that one. That helicopter scene really did a good job at pissing me off.  There's got to be a way to make something action-packed without dipping your goddamn hand into the fantasy bag of bullshit that is this movie. You could seriously skip this one and go straight to ""No Time to Die."" I genuinely think that'd work better.",
761171da-8ba9-4d3e-ac4a-8e7701c63443,2026-01-10,2026-01-19 21:09:20.863681+00,02e69be6-32eb-447e-9a0c-9469dc5ea41e,2b4da692-3217-4414-9e0d-50513fb7d436,A-Tier,88,86,84,97,90,78,83,"Is this an amazing movie yes, but is it a bit overrated also yes. The beauty and sound design are absolutely in a league of there own and are unmatche. McConaughey also puts out an absolutely stunning performance but unfortunately I think everyone around him and plot kind of drop the ball. The lack of well written characters outside of McConaughey causes the plot to lose some intensity and in my opinion the movie fails to really display the importance and impact of the ""loss of time"" plot as well as it should. Definitely worth a watch but maybe the imagery and sound deisgn carried it further along than people realise.","""You're telling me it takes two numbers to measure your own ass but only one to measure my son's future?"" -Cooper"
769407d9-7ba0-478b-af53-690215eae6ad,2025-11-05,2026-01-19 20:51:50.017827+00,02e69be6-32eb-447e-9a0c-9469dc5ea41e,c7e28f3b-d160-4794-adb4-17e52f3e083d,D-Tier,56,75,73,70,58,56,62,"The acting was probably the only above average aspect of this movie, but the list of good really ends there. CGI fluctuates from fine to horrible in the blink of an eye, and the plot/intrigue is madly uninteresting. This whole movie feels like an UNSEASONED, ROOM TEMP, POACHED CHICKEN.",
769fc120-6a63-4e43-9dba-91d826837676,2025-09-28,2026-01-19 20:27:20.061259+00,02e69be6-32eb-447e-9a0c-9469dc5ea41e,1adaa710-002b-4210-a8a2-4391b0454e47,A-Tier,90,95,83,84,87,88,88,Acting is super high for a blockbuster action spy movie. The cinematagrophy is peak and the whoever is the stunt coordinator needs their own damn award cuz wow. Pacing can feel both good and average at different points but still inteising throuhgout. Honestly really keep you wanting to watch the next one.,"""I've got a little itch, down there. Would you mind?"" -James Bond"
76dfe79b-c63d-45ae-84f2-a7199fc81033,2025-08-18,2026-01-27 05:55:10.885+00,02e69be6-32eb-447e-9a0c-9469dc5ea41e,0da00b7c-696c-4151-81e1-99e1730ce913,B-Tier,73,75,77,83,81,70,64,"Peak Michael Bay, super high contrast but its okay cuz Megan Fox is hot and the CGI honestly really good",
7710ace4-31f4-4ddd-8f08-ac4d3a255e50,2024-12-16,2026-01-17 22:35:19.850453+00,02e69be6-32eb-447e-9a0c-9469dc5ea41e,9641662f-df87-4b3b-9062-85ce81ffe8c5,C-Tier,62,61,57,76,75,67,59,Definitely that nostalgic feel but I don't think it lived up to its name. A slower world building first movie that I feel could be improved greatly with some pacing changes.,
780d972d-c853-4747-a31a-5262d4a64e9d,2025-08-11,2026-01-17 23:09:35.84555+00,7a19f60a-9864-42f9-91fa-96e5433218ee,a1cef5b6-6e63-46d1-ba4c-b18b94c11318,A-Tier,93,96,92,85,93,97,50,SCIENCE SCIENCE SCIENCE!!! - minus storms on a planet with virtually no atmosphere?,"""Mark Whatney. Space pirate."" - Mark Whatney"
7a30369b-7049-4220-ad79-bd7ff3ca89ea,2025-02-22,2026-01-17 22:47:12.685327+00,02e69be6-32eb-447e-9a0c-9469dc5ea41e,2114141d-0570-4436-8d61-84bf9abdb074,A-Tier,93,86,79,93,95,82,86,"Beautifully shot with some epic sound design. Clearly in place as a slower world building movie which many firsts are, but some amazing acting and intriguing story lines.",“An Animal Caught In A Trap Will Gnaw Off Its Own Leg To Escape. What Will You Do?” -Reverend Mother Gaius Helen Mohiam
7c1cd181-1e0b-4690-8919-21b55cd8f8ef,2026-01-25,2026-01-26 05:46:51.740392+00,02e69be6-32eb-447e-9a0c-9469dc5ea41e,c502ae70-3ac8-485e-8228-fc2a97328d36,A-Tier,76,50,80,70,97,50,50,"Is Alex Honnold the coolest person ever, Yes. Is this camera work on this documentary fucking amazing, Yes. Does every single person need to watch this at least once, Yes. But I genuinely believe that this documentary falls well well well short in expressing just how incredible and difficult what he did was. The footage of the actual climb is too short, theres a serious lack of technical explanations and I just think they didn't truly capture how impressive what he did was.",
7d69d5d4-cab3-413d-b64d-ebeb9749958a,2025-08-22,2026-01-19 20:03:21.418054+00,02e69be6-32eb-447e-9a0c-9469dc5ea41e,5ae07954-45c3-43b1-ae5a-d2aba1c1ef76,D-Tier,46,48,65,72,74,52,52,"Acting still bad, especially elena, and they completely loose the sense of lore/psychics but still brain candy",
7df099f9-9bf2-4f15-a76c-5e3ec8552db6,2026-01-24,2026-01-30 05:39:08.629667+00,7a19f60a-9864-42f9-91fa-96e5433218ee,653e9b9f-f967-4cce-acbc-1a1d95edc8d7,B-Tier,77,70,85,80,58,61,61,"Sharp decline from Casino Royale, but knowing that Spectre comes up after this makes me hold it in better regard than I initially would. On the positive side, I prefer the female lead's dynamic with Bond, in how they are both independently seeking something that fulfills them, but upon completion, removes their need for each other to remain linked. On the negative side, CGI doesn't age well, Plane scenes/skydiving scenes are just so so bad, and there's just not really any hard-hitting villainy to add that ""it ""factor.",
7eb1886e-6637-4e27-b54a-aa325014e2e3,2025-10-08,2026-01-19 20:36:12.443442+00,02e69be6-32eb-447e-9a0c-9469dc5ea41e,c07ff27d-f83f-489a-a863-d9355d9ee773,C-Tier,67,75,75,67,69,72,67,"I honestly think the only differentiating or intriguing part of this movie is that they got solid actors. Plot is predictable and its a bit of an ""easy"" watch, but thats kind of expected given that nobody can every make a good video game movie",
80e0a781-b9cc-4056-b396-61b5e83ac81f,2024-12-04,2026-01-17 21:01:35.095528+00,02e69be6-32eb-447e-9a0c-9469dc5ea41e,48154403-8503-4b35-a477-9d11c95aba00,B-Tier,81,76,63,79,72,75,70,"A bit slow, but it has fucking dope ass pod racing and some light pedophilia to keep you entertained","""How Wude!"" -Jar Jar Binks"
80e5cf4e-d71f-41c1-b391-113ab7807dfc,2026-01-19,2026-01-19 02:25:00.184149+00,02e69be6-32eb-447e-9a0c-9469dc5ea41e,ab713ac3-2a8d-4454-9db7-4279cf5d6bfe,C-Tier,64,60,75,67,62,60,64,"I guess I forgot how underwhelming this movie is. I understand the significance of The Avengers franchise as a whole but holy hell the movie feels like the color beige. The acting is bad, the plot is boring, every shot feels like it was directed by a little kid. The only real saving graces for this movie are the good pacing to hold your attention and the fact that RDJ is good enough to really help carry the weight. Oh and the scene where Hulk throws Loki around.","""Puny God"" -Hulk"
814da975-9582-4b5f-a716-e269b4670dd1,2024-11-30,2026-01-17 20:58:41.624079+00,02e69be6-32eb-447e-9a0c-9469dc5ea41e,6547197e-15bb-4224-b488-6bb9636ebd08,D-Tier,48,70,64,80,78,60,68,"A huge step down from previous, super unnecasry and seems way less thought out which was a huge seling point for the others",
844b4a5b-9ee5-46d1-82a9-e8ec295e2770,2026-02-12,2026-02-13 05:51:26.035459+00,dec05f71-5143-4df6-af9d-f855fdc1c75a,bade7a1a-7a46-4ee3-b165-2583b387d47f,S-Tier,50,50,50,50,50,50,50,Hell yeah,
84586b36-c5b7-4fea-ab1f-dd29ec7eea9e,2025-02-04,2026-01-17 22:46:25.985972+00,02e69be6-32eb-447e-9a0c-9469dc5ea41e,783a3f78-da67-4bd0-9b8f-20c9cffcdf73,C-Tier,71,74,79,74,82,75,67,"Pretty good plot, cool shots for an action movie, acting good enough",
8672cfe1-5c06-4ad7-93bb-1c07b584067b,2025-05-19,2026-01-17 22:57:31.598215+00,02e69be6-32eb-447e-9a0c-9469dc5ea41e,59f0c4ba-17e1-4f67-9183-cf44114d2928,F-Tier,18,63,35,45,52,10,50,"Utter garbage, no world building, super predictable, horrendous acting, and what I might say is worst ending in cinema history",
86bdac29-90c7-4608-b0c7-4c3cb915893b,2024-03-01,2026-01-17 23:07:20.448924+00,7a19f60a-9864-42f9-91fa-96e5433218ee,e98e650d-c26b-4416-ab21-e5f35c8f4742,S-Tier,94,99,95,85,93,97,50,Time to watch it again!,"""Dominic Decoco"" - Omar Umer"
86d1fc6c-5f7c-40eb-b25b-20f33904bc26,2025-10-18,2026-01-19 20:41:22.196772+00,02e69be6-32eb-447e-9a0c-9469dc5ea41e,bc7051c3-24ff-4c01-870e-1268903fbcb3,A-Tier,82,81,76,85,84,77,87,Obviously the movie is heavily carried by Johnny Depp but her carries it sooooo well that he truly does elevate the movie to a whole new level. And for 2003 the CGI ain't half bad. Also Kiera Knightley is so hot.,"""No survivors? Then where do the stories come from, I wonder?"" -Jack Sparrow"
86f99696-f232-4bc7-afd2-30dc53b57427,2026-01-19,2026-01-21 05:54:34.97+00,02e69be6-32eb-447e-9a0c-9469dc5ea41e,1e45b8b3-f64a-4172-9d54-b429faef40fa,S-Tier,94,89,82,87,90,95,94,"I'm mad it took me this long to watch this movie. I can't even describe in words just how this movie is able to excel in every single measurable aspect but also in the immeasurable. This movie has the ""it"" factor that I cannot put words to but the vibes are just immaculate. And to create all of this in the early 70s, I mean cmon. So excited to watch the second. Don Corleone the goat.",
8a21f7e0-a57b-4cf4-b14c-3e207597c328,2025-08-25,2026-01-19 20:07:08.444744+00,02e69be6-32eb-447e-9a0c-9469dc5ea41e,51982468-6f17-422e-bf95-be99861437db,B-Tier,80,80,80,75,83,77,76,"Basically the exact same as the first but improvements to CGI and modern tech, story 1 point better because has a tiny tiny bit more depth","""Violence is the universal langauge."" -Macrinus"
8b144e8d-6e1e-4a5e-9acf-d5188879a5f4,2025-08-12,2026-01-17 23:10:24.20854+00,7a19f60a-9864-42f9-91fa-96e5433218ee,fe154e91-3eb4-43cb-8ccb-2e871413b094,C-Tier,58,51,65,60,61,56,50,"Pretty much what you'd expect. Plotholes, human stupidity, and CGI. Basically a waste of time unless you have mono! Whoop whoop.","When the dinosaur went ""roarrr"" - Big Dinosaur"
8b8a3911-8c28-4bf8-bda9-f50d02361357,2026-02-02,2026-02-03 06:49:40.706+00,7a19f60a-9864-42f9-91fa-96e5433218ee,bc7051c3-24ff-4c01-870e-1268903fbcb3,A-Tier,88,83,80,97,74,91,90,"Never a bad watch, this one gets me every... single ...time. It's the first time we get to experience the best pirate of all time on screen.  A comical adventure with twists and turns that leave you wondering if this sparrow guy is a genius or the luckiest drunk pirate of all time. Do yourself a favor and pour up the rum rope together a coupla sea turtles and immerse yourself in the pirate life!","""Why is the rum gone?"" - Captain Jack Sparrow"
8c130e43-46a3-4ff4-baf6-f5ff737340ee,2025-08-13,2026-01-17 23:12:18.385358+00,7a19f60a-9864-42f9-91fa-96e5433218ee,28ca88fe-f94b-4a40-9afd-d94fa284178b,F-Tier,34,29,33,60,32,17,50,Apocolyptic Star Wars looking ass dinosaur world. this film genuinley makes the first Jurassic World movie seem good. Mono Movie :(,Probably something Jeff Goldblum said
8d7a6c0a-5f56-49e6-a73c-7bd204689c01,2025-10-16,2026-01-17 23:16:28.448476+00,7a19f60a-9864-42f9-91fa-96e5433218ee,93297d01-f819-4757-a64d-99e2d544b704,B-Tier,83,91,84,80,82,81,50,"Palpable chemistry between the characters. Despite the timeline being all over, I didn't feel like anything was out of place. It was reminiscent of how  memories of a loved one who's passed often pop into your head with little to no warning.","""Do you remember the best way to crack an egg?"" - Tobias"
8dc6c5f3-b52c-4c9d-bcfd-39414f87765d,2026-02-02,2026-02-09 05:56:15.288+00,02e69be6-32eb-447e-9a0c-9469dc5ea41e,e823b2aa-efe0-4580-9a59-67831caf6712,A-Tier,87,86,84,86,95,79,84,This movie is a must watch simply because of how cool the method of filming is. The feeling of watching a movie thats supposed to be one long continuous shot is just fucking epic and immersive and its really fun to try and find the cuts. Also holy crap they must have some record for the number of extras in a movie its nuts. Everyone should watch this movie at some point.,
8f750b08-80ef-4a35-afca-1cd3cdc70759,2025-11-04,2026-01-19 20:49:42.939713+00,02e69be6-32eb-447e-9a0c-9469dc5ea41e,e879ffd2-b841-411b-95bb-9e0a7d11f2b6,A-Tier,90,94,86,80,93,91,87,"A great fucking movie, the acting is awesome and the imagery/color scheme makes it feel super intense and really hightens the senses. I think Morgan Freeman and Brad Pitt fucking rocked their roles. The gore is also perfect. Not too much not too little.","""Whats in the box?!?!? Whats in the box?!?!?"" -Detective Mills"
8f98cddb-9184-4187-ac26-0d457a53c82c,2026-02-03,2026-02-04 03:42:19.622376+00,ef487192-cee2-4ac8-8dd1-2b8d4ca20d54,2b8fe9cd-7791-493d-a83f-6f04005fda88,B-Tier,80,86,86,78,61,76,82,"Not the best Jake Gyllenhaal film but what an interesting premise. Unique concept, well acted, definitely worth a watch.",
900624b7-759e-446c-9df4-e22ac762b6d1,2026-01-26,2026-01-27 22:27:07.278781+00,02e69be6-32eb-447e-9a0c-9469dc5ea41e,f9715383-787a-419b-b97a-30248001659c,B-Tier,69,74,83,72,73,80,60,"STOP PUTTING FACETIME SCENES IN MOVIES!!! It's so lazy. This movies really feels like Netflix personified. The plot is alright but the dialogue is clearly in place for people who are scrolling on their phones while watching. So much of it is the overly explained and described fluff like ""Woah dude look at the big, red, car that has its headlights on, and the engine is running, and I feel scared!!"".",
901b0316-5c5d-4319-9363-2147ed0fc228,2025-12-09,2026-01-19 20:59:03.795422+00,02e69be6-32eb-447e-9a0c-9469dc5ea41e,b680d130-30cf-4093-8602-9c09e062cf0b,B-Tier,67,58,83,70,55,54,61,Really banking on the nostalgia score but I just love it. It's so funny and soooo stupid. Kids need more movies like this to grow up to,"""Regrettably, I have made boom-boom"" -Mr. Medulla"
90a67ab1-a1ea-471b-af2c-fb8f4ae09aba,2025-08-14,2026-01-19 19:55:27.707323+00,02e69be6-32eb-447e-9a0c-9469dc5ea41e,bc76b58b-325f-43ea-ba7a-2e95374c8c1b,B-Tier,73,70,80,70,82,84,63,"Only Swayze and Busey can kind of act, Keanu Reeves is terrible but none the less the vibes are peak surf drama, its great","""The correct term is babes, sir."" -Johnny Utah"
913b91f7-893e-4ed4-8aab-a7718ddfd8f8,2025-09-04,2026-01-19 20:11:20.155832+00,02e69be6-32eb-447e-9a0c-9469dc5ea41e,2f7965cd-58cc-4394-9627-2bba582eb772,C-Tier,68,71,70,64,73,70,68,"Just your basic Netflix-isized who done it, not comedy enough to be funny, not intriguing enough to my a compelling mystery, boring simple watch",
92418b1e-a836-4948-be44-f4f94245e691,2025-11-20,2026-01-17 23:24:46.850003+00,7a19f60a-9864-42f9-91fa-96e5433218ee,81a61028-36ae-4cfc-b9c1-871aa621f24f,B-Tier,86,79,88,80,85,86,50,"I can understand why people tend to really like this movie, and overall I enjoyed it as well, but I'm sorry, the way Bradley Cooper and Jennifer Lawrence act comes across like two retards humping a doorknob. It just feels so forced.",
93b1abc8-2b23-40a5-94a1-4b38c01aba32,2026-01-25,2026-01-30 05:44:01.806109+00,7a19f60a-9864-42f9-91fa-96e5433218ee,50644cc9-1d2d-49c4-94d8-6fca5ef267c5,A-Tier,80,75,71,80,71,79,77,"Probably my next favorite after Casino Royale.  Again, these films aren't the most spectacular, but a bit of nostalgia and tradition can help to push them across the finish line. Javiar Bardem is what I see when I imagine a Bond villain, and I think he does really well for most of the film.",
946098b9-6253-4c31-a2f4-808ec0afccf9,2026-01-21,2026-01-21 05:45:56.95173+00,02e69be6-32eb-447e-9a0c-9469dc5ea41e,9bab6e9b-d797-417a-8bd7-727b2b7d41bf,A-Tier,86,84,81,86,82,88,87,This is still an absolutely epic movie of epic proportions but there is something about it that make it fall just a bit short of the first and I'm not sure its something you can necessarily measure. For some reason it just lacks a little bit of the depth and oomph from the first. Maybe it's the timeline bouncing but it feels just a bit harder to truly immerse into the movie.,"""Oh, Michael. Michael, you are blind. It wasn't a miscarriage. It was an abortion. An abortion, Michael. Just like our marriage is an abortion. Something that's unholy and evil. I didn't want your son, Michael! I wouldn't bring another one of you sons into this world! It was an abortion, Michael! It was a son Michael! A son! And I had it killed because this must all end!"" -Kay Corleone"
956fc368-2a1e-4e26-834b-3a9ce7f21fa6,2025-08-11,2026-01-19 19:52:35.695672+00,02e69be6-32eb-447e-9a0c-9469dc5ea41e,18448708-afde-4994-a0b4-a0e01ed2a3ab,B-Tier,75,75,84,80,85,82,72,"Better plot, more indepth and seem more thought out, cumberbatch good addition","""Because I am better"" -Khan"
97a4a002-1da9-465d-9d38-a083c608f7aa,2025-10-24,2026-01-19 20:43:27.127577+00,02e69be6-32eb-447e-9a0c-9469dc5ea41e,439729aa-1170-4427-8cf8-eca8c7cfb3e5,D-Tier,51,71,60,65,80,72,68,"I feel bad giving this one a bad rating because I don't have much more reason than it was just worse. It feels like they were doing too much, the acting fell-off and the appeal of a nice pirate movie, completely gone. At this points is closer to a space alien movie with some psychedlics thrown in and it lost all its charm.","""Dying is the day worth living for."" -Barbossa"
97fb695f-502d-4078-9ddb-1026c72c97e6,2025-11-16,2026-01-19 20:56:42.148277+00,02e69be6-32eb-447e-9a0c-9469dc5ea41e,c6520718-de3c-4ace-b437-31dbfb6de9e0,A-Tier,86,86,77,85,90,72,87,Its definitely a bit overrated but the vibes of the movie are immaculate start to finish and I can't even articulate why. Cinematagrophy great but the plot or like like of character development or anything really kind makes it hard to watch this movie fully invested. Its just a tease of really cool characters that go no where and blunt scenes.,"""Butch? Will you give me oral pleasure?"" -Fabienne"
9bb76315-c230-4e42-8d6a-a73856d049d4,2026-01-17,2026-01-17 23:18:40.165779+00,7a19f60a-9864-42f9-91fa-96e5433218ee,5fab6e44-6ff8-4fdb-92b3-e1b7c9e40531,A-Tier,90,95,90,85,85,96,50,Great film. Holiday feel-good romantic comedy adjacent.,"""He's the fastest jack in Jefferson county!""       -Horny Grandma"
9c224b81-904f-4f37-8446-3ab124e1e363,2025-05-25,2026-01-17 22:59:30.140072+00,02e69be6-32eb-447e-9a0c-9469dc5ea41e,d989fc27-30db-45bb-9264-16e269df05e9,B-Tier,70,91,81,82,88,75,78,"Great acting, beautiful, kind of lack luster plot but wasn't obvious in a good way. Not that scary",
a040d0e8-725b-41f6-acd4-1842fd83f669,2025-08-31,2026-01-19 20:08:51.149798+00,02e69be6-32eb-447e-9a0c-9469dc5ea41e,b0dd5067-ebba-4053-aff8-1dfdcfd1d227,A-Tier,89,93,84,89,96,89,87,"Amazin cinematography, really a highlight of the movie is the camera shots, the motion, and the way its filmed. Love the gore, plot is decent, acting reat","""This Ryan better be worth it. He'd better go home and cure some disease or invent a longer-lasting lightbulb or something."" -Captain John MIller"
a1f1a901-b2b6-4ace-bb66-e4db5441666f,2025-09-10,2026-01-19 20:16:23.351031+00,02e69be6-32eb-447e-9a0c-9469dc5ea41e,a098b417-048c-49bc-a25c-180017b3b1f1,B-Tier,77,78,64,78,80,78,79,Honestly similar to the first but I feel like it lost a lot of it cute fantasy charm and turned more into a hyper outlandish adventure. Bring back the dwarf chanting and world building.,"""Truly the songs and tales fall utterly short of your enormity, O Smaug, the Stupendous…"" -Bilbo Baggins"
a43346ef-e592-49e0-bab9-e61b8c46efc2,2025-11-14,2026-01-19 20:56:00.930207+00,02e69be6-32eb-447e-9a0c-9469dc5ea41e,fba8b66b-8e4a-42b2-afbc-d2d59f95c2ad,F-Tier,17,65,9,60,78,5,50,"Holy holy terrible movie. This the most boring, stale, dry, fucking all the bad adjective movie of all time and its not even close.",
a43d95c2-d1e8-4288-aff6-f31577971222,2024-11-29,2026-01-17 23:06:39.279946+00,7a19f60a-9864-42f9-91fa-96e5433218ee,55da6e1f-fafb-4e65-893e-963a2eae2fd1,S-Tier,96,98,92,99,96,97,50,"Absolutely mind-bending with an incredibly strong performance by Jake Gyllenhaal. This movie requires some time to process, so give yourself some time to chew on it and rewatch when needed. Features an iconic soundtrack.","""Oh please Elizabeth, how exactly does one suck a fuck?"" - Donnie Darko"
a743a6fd-6dc4-4d25-9c75-3ed3a0cf1a70,2024-12-19,2026-01-17 22:40:31.372508+00,02e69be6-32eb-447e-9a0c-9469dc5ea41e,ed5e3e9f-4d54-462a-bf53-43a7cc6dd595,B-Tier,70,88,75,76,84,81,76,Not the scariest horror movie but the plot carries its weight along with some cool shots and decapitation,
a7e1efc9-ae1b-4eef-a59e-9c6c05c0ed10,2025-10-16,2026-01-17 23:14:39.066515+00,7a19f60a-9864-42f9-91fa-96e5433218ee,1bcac2d7-0dd3-440f-b590-e55f26af7436,B-Tier,83,91,51,90,89,95,50,Impressive visuals and effects considering it was released in 68. Unsettling scenes as HAL starts to act up are entertaining and creepy. Much of the film's scenes drag on for way too long to be able to stay engaged. I was begging for some of these scenes to end so we could get to the point.,"""I'm afraid, Dave.""                    ""I can feel my mind going. There's no question about it.""                 - HAL"
a84a761f-6408-4b51-b7dc-0c712e32ff3c,2025-01-27,2026-01-17 22:45:05.481297+00,02e69be6-32eb-447e-9a0c-9469dc5ea41e,707e6925-5c81-4c7b-a649-9ef9131b82f8,S-Tier,93,90,91,65,85,89,90,"Amazing movie, the way the plot jumps around actually works very well and the pacing matches perfectly","""It's fun to kill people. You should try it sometime."" -Ray Marcus"
aac3f570-a1b9-4945-930c-30bd3bfe20d0,2026-01-25,2026-01-26 03:50:01.884684+00,02e69be6-32eb-447e-9a0c-9469dc5ea41e,ee477c9c-a805-436e-b9e4-dfa7e8db61de,B-Tier,77,81,82,78,85,75,72,Im glad this is the way the Daniel Craig series gets to end. Its clean and doesn't leave anything up for interpretation but this movie is just another bond movie. That being said I feel like the imagery in this one takes a super big step up from some previous and its a nice watch,
ac7ff7b9-3b12-4d3b-be90-7037aea80a31,2024-12-09,2026-01-17 22:27:32.917537+00,02e69be6-32eb-447e-9a0c-9469dc5ea41e,3e69e1bc-90ae-4c08-9496-b70c75b7d523,A-Tier,87,72,75,81,79,82,78,"One of my favorite SW movies, but how could it not be with Jaba the Hut and Ewoks","""It's against my programming to impersonate a deity"" -C-3PO"
adedc252-955f-40e3-93d8-2ba30850b5ff,2025-02-24,2026-01-17 22:48:49.883312+00,02e69be6-32eb-447e-9a0c-9469dc5ea41e,76ca80e8-0c4f-4501-85ed-2ee572d738f1,S-Tier,100,90,89,94,100,93,93,"Best movie of all time. Great acting, even better world building, and the best cinematography you will ever see in your life guaranteed.","""SILENCE"" -Paul Atreides"
afd1d8c3-d006-41dd-9784-30c80a98c14f,2025-04-13,2026-01-17 22:53:06.075552+00,02e69be6-32eb-447e-9a0c-9469dc5ea41e,3f5ee6dd-e3fd-4e84-8269-1ff8a8a8c735,S-Tier,92,89,92,90,86,94,90,"The most immersive movie ever, perfectly intense. No real plot or character development but thats not the point. Feels more like a well acted documentary in a good way",
b23c9a8f-9e17-465b-84d2-6525be75a54e,2025-10-13,2026-01-19 20:39:33.968848+00,02e69be6-32eb-447e-9a0c-9469dc5ea41e,4ca71b70-34c9-464e-a98d-52d4bde1e374,B-Tier,82,77,87,70,95,77,67,"Honestly, this might have become the peak for gory movies. Almost every single kill is disgustingly perfect and I just want to see more. Obviously the acting won't be the best and the plot almost doesn't exist, but the quality of the shots and what seems like a heavy emphasis on practical effects makes this DAMN AWESOME.","""Seteleitä. Isoja, kiitos."" -Aatami ""Koschei"" Korpi"
b53489fc-970e-418d-9ef1-0b5980b124da,2026-01-28,2026-01-29 05:37:23.33932+00,02e69be6-32eb-447e-9a0c-9469dc5ea41e,5b5e24b0-5cf8-4d62-9e8b-5c063bad442a,S-Tier,94,78,84,76,70,96,96,"No movie, and I mean no movie makes me feel the way Stand By Me does. On the surface its nothing objectively special but I think thats what makes it so great! Its carried by a plot a dialogue and general feeling that can make any person at any point in their life long for their younger days, their innocence, the friends they do see and the friends they will never see again.","""I’m gonna rip your head off and shit down your neck!"" -Teddy Duchamp AND ""I'm in the prime of my youth and I'll only be young once!......Yeah, but you're gonna be stupid the rest of your life"" -Chris Chamber"
b988eaec-93e2-4f04-ab9e-8fb0272d1a23,2025-10-01,2026-01-19 20:31:34.729585+00,02e69be6-32eb-447e-9a0c-9469dc5ea41e,50644cc9-1d2d-49c4-94d8-6fca5ef267c5,A-Tier,85,90,77,83,82,88,85,"Homie looked like tin tin. Movie improves so dramatically when Javier Bardem shows up. The plot at the beginning seems pretty dumb and does not flow well into the second half, but movie really just gets better as it goes on.","""Well when you've worked with Bond as long as I have you realize that somewhere in the South China Sea is precise intelligence."" -M"
ba54d303-49bf-4479-b372-aee0bd3f6f6c,2025-11-20,2026-01-17 23:25:26.476485+00,7a19f60a-9864-42f9-91fa-96e5433218ee,c42c096f-35fb-4052-ae32-0ce00a013abf,D-Tier,68,71,70,75,69,57,50,Kind of a douchey movie and a whole lot of Anne Hathaway's boobs,
bba6ef6f-0ac4-4086-9def-1f3b6e47de17,2025-05-28,2026-01-17 23:00:22.500918+00,02e69be6-32eb-447e-9a0c-9469dc5ea41e,0f7ef0be-975a-4229-ba13-a0c779769467,A-Tier,89,90,82,87,90,94,87,"Amazing story, great animation, slow at the start but amazing ending",
bc2c876b-d101-4669-b629-9a278715d549,2025-10-26,2026-01-19 20:45:23.255208+00,02e69be6-32eb-447e-9a0c-9469dc5ea41e,0fc4294e-a739-432e-8e4d-5b11921b9af4,B-Tier,76,85,76,72,81,73,67,This is a pretty damn good movie but this is a pretty damn good movie ALMOST entirely because of Baymax. One of the best cute little movie characters of all time. Some of the science stuff is pretty cool too.,"""Balalalala"" -Baymax"
bcc0896e-a49d-48f4-a90d-7353ec1cbab9,2025-08-24,2026-01-19 20:06:15.613748+00,02e69be6-32eb-447e-9a0c-9469dc5ea41e,fd41cbd7-bfc1-43cd-ac95-75278c646240,B-Tier,79,82,75,69,80,77,78,"Solid watch, wish the plot had a bit more depth but the cinematography was good and I liked the gore and the action scenes","""Am I not merciful?"" -Commodus"
bd84533f-ddb8-4f1a-8502-08b1a80ce841,2025-09-21,2026-01-19 20:23:18.075912+00,02e69be6-32eb-447e-9a0c-9469dc5ea41e,4d88cef1-fd59-4735-8e3f-ae66f39e291e,C-Tier,71,80,77,65,81,77,77,"Plot has a bit more depth but it kinda lost its dapper brittish charm which I think carried it more than they realised. It was also visually a bit less appealing, but some of the camera movement on the action scenes was fucking awesome","""Oh, that'll make you wanna slap your mama right there, boy."" -Tequila"
be7a1e20-22f5-4336-b862-b78a7056166c,2025-12-19,2026-01-19 21:02:01.035314+00,02e69be6-32eb-447e-9a0c-9469dc5ea41e,a2735300-fc1d-4b67-895f-eaf085260462,B-Tier,80,83,82,72,70,84,76,"Really solid all the way around except for the occasional dispersion of slop they call CGI. Otherwise the plot is interesting and Ben Affleck and the people he saves really show off some good acting. I really just think that the unique premise of the movie and the ""based on a true story part"" make it worth the watch.",
be834b34-4b28-4071-a5a1-449e501e26b4,2025-06-13,2026-01-17 23:02:24.85042+00,02e69be6-32eb-447e-9a0c-9469dc5ea41e,9c47efa4-e944-4767-b5f2-70f7e489a26f,A-Tier,86,88,87,85,84,89,86,Great plot that stays enteratining throughout and cool car shots,"""Ow! God! I sat on my nuts!' -Henry Ford II"
c0116933-458b-4d2b-96fc-2c02adb2a05d,2024-12-14,2026-01-17 22:32:34.484541+00,02e69be6-32eb-447e-9a0c-9469dc5ea41e,db81279c-3ed8-426d-bb64-3d6a33a00d91,B-Tier,77,78,72,79,81,83,79,Honestly a great second plot and entertaining ending but will always fall into the category of an off main street SW movie,“I don’t need luck. I have you!” -Chirrut Îmwe
c01531a5-e813-4844-9bf0-8250fec1f406,2025-08-10,2026-01-19 19:49:26.846091+00,02e69be6-32eb-447e-9a0c-9469dc5ea41e,3dbc0fa6-acbe-407d-94e7-b83f483a5a25,C-Tier,73,80,76,79,84,73,65,"Don't know how this was rated so high, the pacing was worse, and the attempts at comedic relief were terrible, plot seemed messy",
c1e8b62e-16cf-4774-a11d-dbb2ccf292a5,2025-10-12,2026-01-17 23:08:10.990476+00,7a19f60a-9864-42f9-91fa-96e5433218ee,6f585593-0117-4536-a00d-47b4579e3985,C-Tier,73,49,81,93,69,72,50,Childhood nostalgia carries this movie. You're basically watching a sample platter of visual effects and bad acting as if it's your first day in Stage Production 101.,"""Bad dates"" - Sallah"
c7127269-6162-4c0e-bead-3df7ed518a59,2025-10-30,2026-01-19 20:47:51.266851+00,02e69be6-32eb-447e-9a0c-9469dc5ea41e,802365eb-b696-4f07-95f6-8f28dea88dd0,B-Tier,73,70,77,67,70,73,70,"A solid step up and solid ending to the trilogy. A bit predictable once they mentioned one of them needing to die, but brought back a lot of the charm and character charisma that meant it was kinda sad we he died.","""He doesn't whine like a little bitch!"" -Venom"
c72e3078-6f91-43b8-bc96-83f7852e3ee5,2025-10-07,2026-01-19 20:35:28.402499+00,02e69be6-32eb-447e-9a0c-9469dc5ea41e,c634e45f-645c-4153-83ae-88a04c8181af,B-Tier,74,79,78,68,84,86,86,"I think this movie took on an impossible task of trying to make racism both funny and serious at the same time and did as good of a job as anyone. Its not perfect, and the ""comedy"" angle sometimes feels like an after thought but its a great film with some solid imagery, and an awesome plot.","""Politics? It's Another Way To Sell Hate."" -David Duke"
c7654137-55e6-456a-bb7a-0087fa1f7ab8,2026-02-05,2026-02-06 06:34:33.756574+00,02e69be6-32eb-447e-9a0c-9469dc5ea41e,a28635c9-d3d7-42b8-afda-ee2795c9d1a3,A-Tier,84,84,80,72,72,85,89,"* A-Tier *
So super pleasantly surprised from this movie. It's funny, its fast paced but feels like it gets all the important details. The acting is superb and the way it directed with intense scene and then 4th wall break is quite enjoyable. My only qualm is some of the CGI imposed faces onto the ""Tonya Harding"" were a bit rough but other than that this is definitely worth a watch.","""I mean we had no idea that something like this could be done by two of the biggest boobs, in a story filled with boobs."" -Martin Maddox"
c98b116b-7266-4bb0-9972-0780e373f32a,2026-08-05,2026-01-18 01:03:46.410239+00,02e69be6-32eb-447e-9a0c-9469dc5ea41e,a210a4aa-d717-4198-80ec-d313feb0b3c9,C-Tier,67,70,80,79,70,80,67,"Standard, good story, sort of interesting but acting is lacking outside of Tom Cruise and sort of predictable",
ca44c3d7-71e0-470d-a5cc-6c6a65f6a9fa,2025-11-04,2026-01-17 23:17:24.663637+00,7a19f60a-9864-42f9-91fa-96e5433218ee,bc76b58b-325f-43ea-ba7a-2e95374c8c1b,B-Tier,74,70,85,70,69,75,50,"Total grab-bag of surfing stereotypes. The movie moves quickly enough to be engaging, despite some egregious acting. All in all, very entertaining with some comical dialogue.","I'm fucking surfing!""                - Johnny Utah"
cb8b3445-f43d-45b7-9a18-a27c3771536b,2025-07-20,2026-01-18 01:01:14.968723+00,02e69be6-32eb-447e-9a0c-9469dc5ea41e,a01a3c11-53eb-47ef-9e00-31fbbea46b17,B-Tier,80,85,82,86,85,90,72,"Beautiful, scary because its real, but really cute and great story",
cc11a365-7533-4b18-b09c-a56cdb7ad30a,2025-11-12,2026-01-19 20:54:20.958627+00,02e69be6-32eb-447e-9a0c-9469dc5ea41e,5d967040-0b79-41a5-9e26-81d4ae4306bb,B-Tier,78,80,88,83,81,79,71,A far above average horror movie. Plot is intriguing enough and the good CGI/set design clearly shows the larger budget for this movie. Not the absolute scariest as the movie goes on.,
cd2934a2-1dd4-4dcc-ba3a-58df07e269bc,2025-10-02,2026-01-19 20:33:10.888+00,02e69be6-32eb-447e-9a0c-9469dc5ea41e,7d7d77ad-8ce0-4da0-a2a6-6aa75037ad54,B-Tier,72,85,71,75,74,74,79,"Plot is just alright, a little bit predictable and straightforward but I appreciated the improvements in CGI from the previous 2 movies. Also yet again a bond film that really really improved in the second half when the direector brings on an actually talented actor in Christoph Waltz. Im getting tired of the love shit.",
cf483c5f-11d7-4d6c-be50-379548a093c8,2025-08-12,2026-01-19 19:54:24.328366+00,02e69be6-32eb-447e-9a0c-9469dc5ea41e,6b0c7be6-1c00-4fd5-9bcc-1c8bf7245f3b,C-Tier,68,73,84,73,78,80,68,"Pretty standard, and I knd of think they should have just gone with more of a comedy scene but the plot was interesting and has like a good twist or two",
cf4ec9f8-0afa-4262-8dd4-b841c34a94a0,2024-11-29,2026-01-17 20:57:20.314535+00,02e69be6-32eb-447e-9a0c-9469dc5ea41e,287fda16-1928-42ad-953b-7dd02793b1eb,B-Tier,84,86,84,80,85,82,77,"A small step down from the first, didn't like the story as much but still a great follow up to the first",
d1217a9b-dc44-4934-8cce-3d0081a55956,2026-01-19,2026-01-19 21:10:10.464671+00,02e69be6-32eb-447e-9a0c-9469dc5ea41e,62d45fa9-b876-4964-a51b-d853e8ac2e88,C-Tier,69,80,87,76,87,59,62,"I actually think this movie excelled for a superhero movie in almost every sense other than plot. The gore is done really well, the acting is way better than it needs to be and the characters actually have some depth and keep you interested. But holy hell are there plot holes. Firstly, they literally built these kids and know exactly what they can/can't do and they don't think for a fucking second to attack them differently or use weapons/tools that kind of counteract their powers. I mean cmon. Kid can breath ice, lets grab their face and not even try to cover their mouth, wth. Also real or not I think its dumb that these kids will be safe just by crossing into Canada as if international borders in the middle of nowhere would stop people chasing them wtf.","""Nature made me a freak. Man made me a weapon. And God made it last too long."" -Logan"
d32c4951-1829-4c87-9063-73995c86780f,2025-10-14,2026-01-19 20:40:33.460835+00,02e69be6-32eb-447e-9a0c-9469dc5ea41e,bc2d6131-35e2-437d-8a95-b4abc41e8b79,B-Tier,78,72,81,70,83,69,69,Perfectly fine I guess. The plot is kinda boring and unimaginative but Henry Cavill is a great superman and I think he Amy Adams acting ability along with some suprisingly above average CGI is what makes this movie a step up from what it could have been,"""Let's put our cards on the table here general. You're scared of me because you can't control me. You don't. And you never will."" -Superman"
d50b4843-bfe8-4833-9af4-5d3c0ac520eb,2025-08-10,2026-01-19 19:50:49.015188+00,02e69be6-32eb-447e-9a0c-9469dc5ea41e,00b7dbb0-6cf9-4e57-b282-677f3e8cd253,B-Tier,76,79,82,80,80,75,72,An above average action movie for visuals but the plot was a bit predictable and simple,"""Yeah. Well, I got nowhere else to go. The ex-wife took the whole damn planet in the divorce. All I got left is my bones."" -Dr Leonard ""Bones"" McCoy"
d768ece2-cd15-4dfe-b463-642c88bf3a66,2025-08-18,2026-01-19 19:58:50.373047+00,02e69be6-32eb-447e-9a0c-9469dc5ea41e,d6bebb69-c66f-464d-a0d6-1becad315aa3,C-Tier,68,73,79,85,85,60,59,Basically the same as the first but I think better plot and better writting,
d77a4d03-d2e4-4379-adce-3575057ea9f4,2025-09-14,2026-01-19 20:18:31.669321+00,02e69be6-32eb-447e-9a0c-9469dc5ea41e,400cf67b-aec6-4345-964f-e4ad676d4d72,A-Tier,86,87,74,85,86,90,87,"Always a little long but I think its far above the hobbit movies because it does a good job a sticking to that world building, and rag tag adventure team exploring a new word. The acting is always great for a movie like this and somehow the CGI remains top notch for an early 00s movie","""We've had one, yes. What about second breakfast?"" -Pippin"
d85306cb-5b97-49ef-9492-4346a51865b3,2025-08-19,2026-01-19 20:00:55.402725+00,02e69be6-32eb-447e-9a0c-9469dc5ea41e,ae4adafb-a6f2-46c3-8119-2009bc3b9326,D-Tier,51,65,73,80,75,55,50,Acting and CGI took a plumet which this time couldnt carry the bad story,
e0c4bf10-6054-46a9-af88-dc9d7f779a63,2025-11-17,2026-01-17 23:22:52.971324+00,7a19f60a-9864-42f9-91fa-96e5433218ee,9fdbee69-3d04-4988-915e-779e7d16ad75,B-Tier,82,89,85,75,85,80,50,"Definitely better than I was expecting. Pretty good comedy sprinkled throughout it - I loved Toros. The characters lack a bit of depth or backstory, but that kinda fits in with the theme of impulsivity, I suppose.","""Hi, Mr. Billy. Again, we're smoking dope in your candy shop... in your candy shop."" -Vanya"
e35a377b-4d81-4890-97bd-6a7ffad5ca16,2025-10-09,2026-01-19 20:37:03.229716+00,02e69be6-32eb-447e-9a0c-9469dc5ea41e,7c912c4e-888c-4637-a9ed-01a249f45f49,A-Tier,92,94,90,87,89,91,90,As good as you hear it is. Plot is solid with a couple solid twists but the strength of the movie really comes down to the incredible acting from lecter and the girl in the well. Super creepy in the best way.,"""AhHhHhhH"" -Buffalo Bill"
e560be16-6ce7-4f3b-8de0-1613b724e98c,2025-11-13,2026-01-19 20:55:18.211119+00,02e69be6-32eb-447e-9a0c-9469dc5ea41e,01be80c1-03c8-415d-a8b6-7b7d9d045047,A-Tier,89,90,84,95,94,87,86,"Not a ""fun"" watch, but a must see. So creepy and eary and uncomfortable. The shots are awesome, the editing is captivating and the acting (especially by the mom) makes everything feel sooo real. Top fucking tier.",
eaf52440-e08b-4aaf-8e17-ccd3853efcc2,2026-01-20,2026-01-20 05:10:46.369529+00,7a19f60a-9864-42f9-91fa-96e5433218ee,731a959e-cd03-4adc-8629-8896baa5909b,F-Tier,35,45,69,50,50,35,20,"I feel like there's a reason why the movie is just an hour long. That was a whole lotta nothing going on. Correct me if I'm wrong because I didn't grow up with any real exposure to catholicism, but that was either the worst dialogue of all time or religious people are dorkier than a wheel of Parmesan is cheesy, also why tf is this guy growing butt pubes outta his forearms? in all seriousness I feel like the idea isn't bad,  just very poorly executed.",
ebdb2eb3-4ef8-4fff-af6f-2cbf3586d168,2025-11-16,2026-01-19 20:57:25.569205+00,02e69be6-32eb-447e-9a0c-9469dc5ea41e,c3478df4-36d3-4552-a321-e1240f7b99f0,B-Tier,69,70,78,70,76,78,70,This might be the true base standard for all super hero movies. Early enough for simply CGI but stil mostly reliant on dude in costumes for fight scenes. Plot is half descent and acting is like fine outside of 30 year olds playing high school students.,"""Godspeed, Spider-Man!......Oh"" -Green Goblin"
edd60196-6b0b-492c-bb49-44e37b81e3c7,2025-10-06,2026-01-19 20:34:36.786032+00,02e69be6-32eb-447e-9a0c-9469dc5ea41e,79375f44-d1aa-4801-8d57-6369b79c5b4d,S-Tier,93,85,89,90,98,76,84,"What can you even say about this movie. Everyone knows it as one of the most visually satisfying and beautiful movies ever, and everyone would be right. You can literally feel Wes Anderson's thought process in every single pixel of very single frame. The plot and pacing have an impossible task to match the imagery but the wittiness and great characters make it impeccable.","""Did he just throw my cat out the window?"" -Kovacs"
f0c22612-ba97-43af-a907-ef8a1146c4a4,2024-12-20,2026-01-17 22:41:51.346744+00,02e69be6-32eb-447e-9a0c-9469dc5ea41e,80be6c74-4024-43a6-9ac2-330b04841a19,B-Tier,69,74,73,66,61,80,62,"Peak 2000s feel good only to rip out your fucking heart, all painted with a side dish of pedophilia from Jessica Day",
f3f05c64-4fdd-4629-a692-cebc3686a5da,2025-03-20,2026-01-17 22:50:50.797752+00,02e69be6-32eb-447e-9a0c-9469dc5ea41e,acb18032-0ad5-4e28-bd60-7f1f7ef8a5dc,A-Tier,83,83,81,74,80,87,81,Super well made with its unique organization. Sort of a tough watch since you need to focus so hard but very intriguing,
f47cbbf0-6047-4dcf-88a1-1c9f02243d9d,2025-09-04,2026-01-19 20:12:17.866363+00,02e69be6-32eb-447e-9a0c-9469dc5ea41e,6c7ded31-d2ad-4080-b25b-5ac6bc7ddbf2,S-Tier,92,95,81,85,92,90,92,"Great movie, super intense and you wanna keep watching, can be slow at points but still really good and tom hanks gave a great performance","""Look at me...I am the captain now"" -Abduwali Muse"
f48e42f2-9040-4bf2-8adc-d94e5b1296dc,2026-01-21,2026-01-22 05:17:53.966719+00,02e69be6-32eb-447e-9a0c-9469dc5ea41e,e624348e-a60e-499f-a484-37b7308ed76a,B-Tier,78,76,86,84,88,78,75,"Honestly wayyy better than I was expecting. The pacing was fast enough for a movie that was never going to be carried by a deep plot or incredible acting but they do a solid job. The CGI and visual components still carry this franchise a long way but I think there's definitely space for that today. I wish the music was better and I wish that Jared Leto had a bit more time to be evil before so quickly becoming a good AI but oh well. Also think it's fucking hilarious that the entire evil to good pipeline makes me think of ""Unwritten"" by Natasha Bedingfield the whole time","""You did this"" -Elisabeth Dillinger"
f7133531-d703-4f67-a6b9-73ac8b3eda83,2025-01-21,2026-01-17 22:42:41.108096+00,02e69be6-32eb-447e-9a0c-9469dc5ea41e,b9fb5ced-9710-4fbb-9e93-caf5c39a29b1,C-Tier,49,69,43,53,70,72,68,Pretty messy overall. Good Cinematography but the story almost feels not thought out,
fabc4d17-8fb9-47bc-b9bf-fc0ac5b2ceaf,2026-01-27,2026-02-07 09:19:46.199+00,02e69be6-32eb-447e-9a0c-9469dc5ea41e,727ef721-867c-4d98-aa19-86703984542c,S-Tier,92,91,82,77,75,93,94,Shits like taking an emotional fastball to the nutsack. The story and the acting by matt damon and robin williams take what would be an already great movie and send it into the god damn stratosphere. The second half of this movie is gonna be up there with the best 60 minutes of film you'll ever get to see and you might just cry,"""No. No, no no no. Fuck you, you don't owe it to yourself man, you owe it to me. Cuz tomorrow I'm gonna wake up and I'll be 50, and I'll still be doin' this shit. And that's all right. That's fine. I mean, you're sittin' on a winnin' lottery ticket. And you're too much of a pussy to cash it in, and that's bullshit. 'Cause I'd do fuckin' anything to have what you got. So would any of these fuckin' guys. It'd be an insult to us if you're still here in 20 years. Hangin' around here is a fuckin' waste of your time."" -Chuckie"
fb51c102-147a-446f-b4a9-03db7a262b62,2026-01-30,2026-01-31 19:59:10.819+00,02e69be6-32eb-447e-9a0c-9469dc5ea41e,b01ebcec-ac3b-4883-88b4-536f29c9e4c4,B-Tier,76,80,84,90,78,70,76,I have SOO much to say about this movie. 1) Why are vampires always horny! 2) nothing has ever pissed me off more that the  way the aspect ratio changes before that big fight scene like w just watched s GTA cut scene end.  3)  Movies like this are exactly why you should be REQUIRED to watch movies with headphones on if you are at home. There is such a depth to the sound design in this movie and the songs are soo good that you really must wear headphones to truly enjoy it. 4) I know a huge point was the music bringing together the like spirits from different generations or whatever but nothing takes me out a movie more than when someone is shaking ass and rapping to a banjo. 5) Some of the fight scene logic was really really bad. 6) This is a movie that spent almost the full 138 minutes balancing on the edge of incredible and not that great.  7) Really with the cinematography was a bit better,"""Y'all smell anything?..... I think I shat myself."" -Delta Slim"
fbc06115-6aa5-4442-9682-6c9dec1218f5,2025-11-14,2026-01-17 23:21:24.709865+00,7a19f60a-9864-42f9-91fa-96e5433218ee,fba8b66b-8e4a-42b2-afbc-d2d59f95c2ad,F-Tier,23,10,9,9,85,3,50,"Absolutely no substance to this film. The story's concept isn't very strong to begin with, but the storytelling does it no favors. No real momentum of tension builds throughout the film, and within the last 10 minutes, you get a 3-minute monologue to sum up the story you don't care about and a few graphic scenes that fall short given their timing.",Whatever the fuck that dumb 50% scale hooker said... like wtf was even that???
fc5ee99a-f726-4ef2-a1fd-1a13d40f71b9,2025-11-05,2026-01-19 20:50:28.610205+00,02e69be6-32eb-447e-9a0c-9469dc5ea41e,6d947656-3052-4a37-a443-1207b4201ed8,B-Tier,76,82,84,68,84,71,74,"Characters are likeable, plot is interesting as can be for a kids movie, but I feel like it lacks just a tad of that uniqueness and charm that shows in the divide between Dreamwork v Disney movies. Also the music is a bit ehh, sorry Shakira. Also can't tell if its like super liberal or making fun of super liberals.","""A skunk butt rug."" -Mr. Big"
feb76d2d-35d5-4a96-b705-db3b32fd77c5,2024-12-15,2026-01-17 22:33:35.018347+00,02e69be6-32eb-447e-9a0c-9469dc5ea41e,0d06b4e2-1520-4a4f-9190-8a80295d9722,S-Tier,95,95,83,87,94,94,90,Fucking amazing acting in this movie and even better gore/makeup/CGI. Absolute top tier thriller that will keep you engaged,"""Well, he has the IQ of a 10-year old. There's no way he could have abducted two girls and make them disappear."" -Detective Loki"
fed9079f-11cd-4066-8b61-f2ed27573f3b,2025-08-07,2026-01-18 01:13:50.989342+00,02e69be6-32eb-447e-9a0c-9469dc5ea41e,d6818a3d-2748-494d-a024-77b809e0f73f,C-Tier,70,79,82,79,77,73,65,"Better acting than the first one, cool shots at certain points, still predictable, some action scences were so fucking over the top",
ff02079a-811f-4edc-8591-7e00bb42724d,2025-11-16,2026-01-17 23:22:07.295012+00,7a19f60a-9864-42f9-91fa-96e5433218ee,d3475b36-adc8-4141-a0c1-01c38b2728e1,C-Tier,69,79,65,76,66,59,50,"Tennis scenes aren't great. Characters aren't deep. This movie is about ""passionate sex"". I fuck with the soundtrack. Overall it's watchable, a bit shy of enjoyable, but don't go looking for something special and you're good.","""I'd let her fuck me with a racket"" - Patrick"
ffd9c9ed-9517-4571-81d5-c68ac0c2769f,2025-09-22,2026-01-19 20:24:50.847258+00,02e69be6-32eb-447e-9a0c-9469dc5ea41e,7bd54cd1-a308-461c-b487-82b38e7a4953,B-Tier,71,67,84,70,80,62,74,"I'm sure if you were a true comic type then this superman would be an improvement but as a casual viewer I really feel like it lacked some of the ""what makes super man cool"" stuff. I want something more ""impressive"" for lack of a better word. But the visuals were kinda cool.","""That what? That what should be what? I'll have you know, 348 chicks say otherwise!"" -Guy Gardner"