movie_id,genre_id,created_at
00b7dbb0-6cf9-4e57-b282-677f3e8cd253,1e6443d9-3588-4ae6-8b6d-fcd95467551c,2026-01-25 23:24:00.994658+00
00b7dbb0-6cf9-4e57-b282-677f3e8cd253,2c296e25-c22f-4188-ac78-b76de6bd7091,2026-01-25 23:24:00.994658+00
00b7dbb0-6cf9-4e57-b282-677f3e8cd253,b90bf572-5921-40aa-89de-c53d9038c405,2026-01-25 23:24:00.994658+00
01be80c1-03c8-415d-a8b6-7b7d9d045047,7b260c79-e92b-4a40-9596-3d9e088a9705,2026-01-25 23:24:00.994658+00
01be80c1-03c8-415d-a8b6-7b7d9d045047,d044500c-04e7-423c-8ea7-a30529ef5b02,2026-01-25 23:24:00.994658+00
06a198e8-39fa-4b4c-a96b-ba2fbc71c78e,99bf123f-a9be-443d-9edd-72bcf7441862,2026-01-25 23:24:00.994658+00
06a198e8-39fa-4b4c-a96b-ba2fbc71c78e,df147e05-19f6-49bf-9fa3-ef8ab5a8114c,2026-01-25 23:24:00.994658+00
088e116f-839e-41d1-8305-110ca0059eb5,2c296e25-c22f-4188-ac78-b76de6bd7091,2026-01-25 23:24:00.994658+00
088e116f-839e-41d1-8305-110ca0059eb5,99bf123f-a9be-443d-9edd-72bcf7441862,2026-01-25 23:24:00.994658+00
088e116f-839e-41d1-8305-110ca0059eb5,b90bf572-5921-40aa-89de-c53d9038c405,2026-01-25 23:24:00.994658+00
0975c319-f728-4597-ac7a-a73c9e82bebf,1486659e-aa74-4228-a2f0-4faaa9af3129,2026-01-25 23:24:00.994658+00
0975c319-f728-4597-ac7a-a73c9e82bebf,2c296e25-c22f-4188-ac78-b76de6bd7091,2026-01-25 23:24:00.994658+00
0975c319-f728-4597-ac7a-a73c9e82bebf,4db9c563-840d-4a30-8716-d41c1c4c3c68,2026-01-25 23:24:00.994658+00
0975c319-f728-4597-ac7a-a73c9e82bebf,8cd325ea-2a69-4fa2-a60b-d87775848c00,2026-01-25 23:24:00.994658+00
0c9a8a0c-a4bd-4aa6-b79c-deb406a2f80f,2c296e25-c22f-4188-ac78-b76de6bd7091,2026-01-25 23:24:00.994658+00
0c9a8a0c-a4bd-4aa6-b79c-deb406a2f80f,7b260c79-e92b-4a40-9596-3d9e088a9705,2026-01-25 23:24:00.994658+00
0c9a8a0c-a4bd-4aa6-b79c-deb406a2f80f,b57f2fd0-43b7-43a0-952b-3a07648676a1,2026-01-25 23:24:00.994658+00
0d06b4e2-1520-4a4f-9190-8a80295d9722,7b260c79-e92b-4a40-9596-3d9e088a9705,2026-02-14 02:51:47.733425+00
0d06b4e2-1520-4a4f-9190-8a80295d9722,99bf123f-a9be-443d-9edd-72bcf7441862,2026-02-14 02:51:47.733425+00
0d06b4e2-1520-4a4f-9190-8a80295d9722,d044500c-04e7-423c-8ea7-a30529ef5b02,2026-02-14 02:51:47.733425+00
0da00b7c-696c-4151-81e1-99e1730ce913,1e6443d9-3588-4ae6-8b6d-fcd95467551c,2026-01-25 23:24:00.994658+00
0da00b7c-696c-4151-81e1-99e1730ce913,2c296e25-c22f-4188-ac78-b76de6bd7091,2026-01-25 23:24:00.994658+00
0da00b7c-696c-4151-81e1-99e1730ce913,b90bf572-5921-40aa-89de-c53d9038c405,2026-01-25 23:24:00.994658+00
0f7ef0be-975a-4229-ba13-a0c779769467,8cd325ea-2a69-4fa2-a60b-d87775848c00,2026-01-25 23:24:00.994658+00
0f7ef0be-975a-4229-ba13-a0c779769467,99bf123f-a9be-443d-9edd-72bcf7441862,2026-01-25 23:24:00.994658+00
0fc4294e-a739-432e-8e4d-5b11921b9af4,07300655-fe7e-436d-8810-2b3bd2e3f2b2,2026-01-25 23:24:00.994658+00
0fc4294e-a739-432e-8e4d-5b11921b9af4,1486659e-aa74-4228-a2f0-4faaa9af3129,2026-01-25 23:24:00.994658+00
0fc4294e-a739-432e-8e4d-5b11921b9af4,2c296e25-c22f-4188-ac78-b76de6bd7091,2026-01-25 23:24:00.994658+00
0fc4294e-a739-432e-8e4d-5b11921b9af4,8cd325ea-2a69-4fa2-a60b-d87775848c00,2026-01-25 23:24:00.994658+00
0fc4294e-a739-432e-8e4d-5b11921b9af4,b90bf572-5921-40aa-89de-c53d9038c405,2026-01-25 23:24:00.994658+00
0fde2bf0-140f-4e1f-b328-369c5e6698da,7b260c79-e92b-4a40-9596-3d9e088a9705,2026-02-03 07:02:45.819458+00
102f5c16-fe8f-4c45-a976-98fed55eb976,1e6443d9-3588-4ae6-8b6d-fcd95467551c,2026-01-25 23:24:00.994658+00
102f5c16-fe8f-4c45-a976-98fed55eb976,2c296e25-c22f-4188-ac78-b76de6bd7091,2026-01-25 23:24:00.994658+00
102f5c16-fe8f-4c45-a976-98fed55eb976,b90bf572-5921-40aa-89de-c53d9038c405,2026-01-25 23:24:00.994658+00
11e72916-1821-4132-af14-05f62f48f61b,7b260c79-e92b-4a40-9596-3d9e088a9705,2026-02-03 06:55:09.363405+00
13167567-f10a-4b1d-a5de-17b2812e400c,1e6443d9-3588-4ae6-8b6d-fcd95467551c,2026-01-25 23:24:00.994658+00
13167567-f10a-4b1d-a5de-17b2812e400c,99bf123f-a9be-443d-9edd-72bcf7441862,2026-01-25 23:24:00.994658+00
13167567-f10a-4b1d-a5de-17b2812e400c,df147e05-19f6-49bf-9fa3-ef8ab5a8114c,2026-01-25 23:24:00.994658+00
13cef6f5-f645-4463-920b-e9150e66fc52,1e6443d9-3588-4ae6-8b6d-fcd95467551c,2026-02-03 06:55:23.503445+00
13cef6f5-f645-4463-920b-e9150e66fc52,7b260c79-e92b-4a40-9596-3d9e088a9705,2026-02-03 06:55:23.503445+00
13cef6f5-f645-4463-920b-e9150e66fc52,99bf123f-a9be-443d-9edd-72bcf7441862,2026-02-03 06:55:23.503445+00
153e220b-1af7-46e5-bb92-7be4975826fd,7b260c79-e92b-4a40-9596-3d9e088a9705,2026-01-25 23:24:00.994658+00
153e220b-1af7-46e5-bb92-7be4975826fd,99bf123f-a9be-443d-9edd-72bcf7441862,2026-01-25 23:24:00.994658+00
153e220b-1af7-46e5-bb92-7be4975826fd,b90bf572-5921-40aa-89de-c53d9038c405,2026-01-25 23:24:00.994658+00
153e220b-1af7-46e5-bb92-7be4975826fd,d044500c-04e7-423c-8ea7-a30529ef5b02,2026-01-25 23:24:00.994658+00
16d53720-c0a6-456b-b41e-f921101768a7,7b260c79-e92b-4a40-9596-3d9e088a9705,2026-01-25 23:24:00.994658+00
18448708-afde-4994-a0b4-a0e01ed2a3ab,1e6443d9-3588-4ae6-8b6d-fcd95467551c,2026-01-25 23:24:00.994658+00
18448708-afde-4994-a0b4-a0e01ed2a3ab,2c296e25-c22f-4188-ac78-b76de6bd7091,2026-01-25 23:24:00.994658+00
18448708-afde-4994-a0b4-a0e01ed2a3ab,b90bf572-5921-40aa-89de-c53d9038c405,2026-01-25 23:24:00.994658+00
197021d8-e81e-4a97-a23b-e0f8c8e0cee5,21994ac5-1736-4efd-9b7f-97d303540606,2026-02-03 07:00:09.825114+00
197021d8-e81e-4a97-a23b-e0f8c8e0cee5,7b260c79-e92b-4a40-9596-3d9e088a9705,2026-02-03 07:00:09.825114+00
1adaa710-002b-4210-a8a2-4391b0454e47,2c296e25-c22f-4188-ac78-b76de6bd7091,2026-01-25 23:24:00.994658+00
1adaa710-002b-4210-a8a2-4391b0454e47,99bf123f-a9be-443d-9edd-72bcf7441862,2026-01-25 23:24:00.994658+00
1adaa710-002b-4210-a8a2-4391b0454e47,b90bf572-5921-40aa-89de-c53d9038c405,2026-01-25 23:24:00.994658+00
1b9da9ea-7cf3-4717-a1ab-3fd909e361fa,7b260c79-e92b-4a40-9596-3d9e088a9705,2026-01-25 23:24:00.994658+00
1b9da9ea-7cf3-4717-a1ab-3fd909e361fa,d044500c-04e7-423c-8ea7-a30529ef5b02,2026-01-25 23:24:00.994658+00
1bcac2d7-0dd3-440f-b590-e55f26af7436,1e6443d9-3588-4ae6-8b6d-fcd95467551c,2026-01-25 23:24:00.994658+00
1bcac2d7-0dd3-440f-b590-e55f26af7436,2c296e25-c22f-4188-ac78-b76de6bd7091,2026-01-25 23:24:00.994658+00
1bcac2d7-0dd3-440f-b590-e55f26af7436,df147e05-19f6-49bf-9fa3-ef8ab5a8114c,2026-01-25 23:24:00.994658+00
1cb983bd-3509-4bac-88b7-f2c5e82ea663,1e6443d9-3588-4ae6-8b6d-fcd95467551c,2026-01-30 01:41:17.852054+00
1cb983bd-3509-4bac-88b7-f2c5e82ea663,2c296e25-c22f-4188-ac78-b76de6bd7091,2026-01-30 01:41:17.852054+00
1cb983bd-3509-4bac-88b7-f2c5e82ea663,b90bf572-5921-40aa-89de-c53d9038c405,2026-01-30 01:41:17.852054+00
1e45b8b3-f64a-4172-9d54-b429faef40fa,7b260c79-e92b-4a40-9596-3d9e088a9705,2026-01-25 23:24:00.994658+00
1e45b8b3-f64a-4172-9d54-b429faef40fa,d044500c-04e7-423c-8ea7-a30529ef5b02,2026-01-25 23:24:00.994658+00
2114141d-0570-4436-8d61-84bf9abdb074,1e6443d9-3588-4ae6-8b6d-fcd95467551c,2026-01-25 23:24:00.994658+00
2114141d-0570-4436-8d61-84bf9abdb074,2c296e25-c22f-4188-ac78-b76de6bd7091,2026-01-25 23:24:00.994658+00
2164d4f8-1c62-4681-b0e3-486110f2fbfa,99bf123f-a9be-443d-9edd-72bcf7441862,2026-01-25 23:24:00.994658+00
2164d4f8-1c62-4681-b0e3-486110f2fbfa,b18fd99c-7028-4132-9e7a-dad69132142e,2026-01-25 23:24:00.994658+00
217ac67a-f242-4f8f-8818-08e111415b08,1e6443d9-3588-4ae6-8b6d-fcd95467551c,2026-01-25 23:24:00.994658+00
217ac67a-f242-4f8f-8818-08e111415b08,2c296e25-c22f-4188-ac78-b76de6bd7091,2026-01-25 23:24:00.994658+00
217ac67a-f242-4f8f-8818-08e111415b08,b90bf572-5921-40aa-89de-c53d9038c405,2026-01-25 23:24:00.994658+00
21f2ab21-8a18-4326-96d5-ef12745dabee,2c296e25-c22f-4188-ac78-b76de6bd7091,2026-01-25 23:24:00.994658+00
21f2ab21-8a18-4326-96d5-ef12745dabee,4db9c563-840d-4a30-8716-d41c1c4c3c68,2026-01-25 23:24:00.994658+00
21f2ab21-8a18-4326-96d5-ef12745dabee,b90bf572-5921-40aa-89de-c53d9038c405,2026-01-25 23:24:00.994658+00
27ef9d2b-f6d4-47a5-b780-9cb30b019fe6,99bf123f-a9be-443d-9edd-72bcf7441862,2026-01-25 23:24:00.994658+00
27ef9d2b-f6d4-47a5-b780-9cb30b019fe6,b57f2fd0-43b7-43a0-952b-3a07648676a1,2026-01-25 23:24:00.994658+00
27ef9d2b-f6d4-47a5-b780-9cb30b019fe6,d044500c-04e7-423c-8ea7-a30529ef5b02,2026-01-25 23:24:00.994658+00
287fda16-1928-42ad-953b-7dd02793b1eb,1e6443d9-3588-4ae6-8b6d-fcd95467551c,2026-01-25 23:24:00.994658+00
287fda16-1928-42ad-953b-7dd02793b1eb,99bf123f-a9be-443d-9edd-72bcf7441862,2026-01-25 23:24:00.994658+00
287fda16-1928-42ad-953b-7dd02793b1eb,b18fd99c-7028-4132-9e7a-dad69132142e,2026-01-25 23:24:00.994658+00
28ca88fe-f94b-4a40-9afd-d94fa284178b,1e6443d9-3588-4ae6-8b6d-fcd95467551c,2026-01-25 23:24:00.994658+00
28ca88fe-f94b-4a40-9afd-d94fa284178b,2c296e25-c22f-4188-ac78-b76de6bd7091,2026-01-25 23:24:00.994658+00
28ca88fe-f94b-4a40-9afd-d94fa284178b,b90bf572-5921-40aa-89de-c53d9038c405,2026-01-25 23:24:00.994658+00
2b4da692-3217-4414-9e0d-50513fb7d436,1e6443d9-3588-4ae6-8b6d-fcd95467551c,2026-01-25 23:24:00.994658+00
2b4da692-3217-4414-9e0d-50513fb7d436,2c296e25-c22f-4188-ac78-b76de6bd7091,2026-01-25 23:24:00.994658+00
2b4da692-3217-4414-9e0d-50513fb7d436,7b260c79-e92b-4a40-9596-3d9e088a9705,2026-01-25 23:24:00.994658+00
2b8fe9cd-7791-493d-a83f-6f04005fda88,7b260c79-e92b-4a40-9596-3d9e088a9705,2026-02-04 03:42:17.470446+00
2b8fe9cd-7791-493d-a83f-6f04005fda88,99bf123f-a9be-443d-9edd-72bcf7441862,2026-02-04 03:42:17.470446+00
2d00a912-602b-4c7b-bd95-1bc2968f326e,07300655-fe7e-436d-8810-2b3bd2e3f2b2,2026-02-03 07:00:43.831951+00
2d00a912-602b-4c7b-bd95-1bc2968f326e,1486659e-aa74-4228-a2f0-4faaa9af3129,2026-02-03 07:00:43.831951+00
2d00a912-602b-4c7b-bd95-1bc2968f326e,4db9c563-840d-4a30-8716-d41c1c4c3c68,2026-02-03 07:00:43.831951+00
2eb7bb02-48d6-4397-a8b7-4080862efc4e,1e6443d9-3588-4ae6-8b6d-fcd95467551c,2026-01-25 23:24:00.994658+00
2eb7bb02-48d6-4397-a8b7-4080862efc4e,2c296e25-c22f-4188-ac78-b76de6bd7091,2026-01-25 23:24:00.994658+00
2eb7bb02-48d6-4397-a8b7-4080862efc4e,b90bf572-5921-40aa-89de-c53d9038c405,2026-01-25 23:24:00.994658+00
2ed9292d-0258-45be-b04e-e412b74abc0a,1e6443d9-3588-4ae6-8b6d-fcd95467551c,2026-01-25 23:24:00.994658+00
2ed9292d-0258-45be-b04e-e412b74abc0a,2c296e25-c22f-4188-ac78-b76de6bd7091,2026-01-25 23:24:00.994658+00
2ed9292d-0258-45be-b04e-e412b74abc0a,b90bf572-5921-40aa-89de-c53d9038c405,2026-01-25 23:24:00.994658+00
2f7965cd-58cc-4394-9627-2bba582eb772,07300655-fe7e-436d-8810-2b3bd2e3f2b2,2026-01-25 23:24:00.994658+00
2f7965cd-58cc-4394-9627-2bba582eb772,d044500c-04e7-423c-8ea7-a30529ef5b02,2026-01-25 23:24:00.994658+00
2f7965cd-58cc-4394-9627-2bba582eb772,df147e05-19f6-49bf-9fa3-ef8ab5a8114c,2026-01-25 23:24:00.994658+00
2fb1e8f9-8e88-4a09-b17f-ecec21024bcd,7b260c79-e92b-4a40-9596-3d9e088a9705,2026-02-03 06:59:06.046829+00
2fb1e8f9-8e88-4a09-b17f-ecec21024bcd,a37a65a5-1a39-4c16-8842-6475f178af2c,2026-02-03 06:59:06.046829+00
34f7bbb1-80d3-4cce-9171-ffe15e8c374e,2c296e25-c22f-4188-ac78-b76de6bd7091,2026-01-25 23:24:00.994658+00
34f7bbb1-80d3-4cce-9171-ffe15e8c374e,99bf123f-a9be-443d-9edd-72bcf7441862,2026-01-25 23:24:00.994658+00
34f7bbb1-80d3-4cce-9171-ffe15e8c374e,b90bf572-5921-40aa-89de-c53d9038c405,2026-01-25 23:24:00.994658+00
3a25b4a4-35c9-4143-a33b-67578b394c41,7b260c79-e92b-4a40-9596-3d9e088a9705,2026-01-25 23:24:00.994658+00
3a25b4a4-35c9-4143-a33b-67578b394c41,99bf123f-a9be-443d-9edd-72bcf7441862,2026-01-25 23:24:00.994658+00
3a25b4a4-35c9-4143-a33b-67578b394c41,df147e05-19f6-49bf-9fa3-ef8ab5a8114c,2026-01-25 23:24:00.994658+00
3a9e3d9a-c33b-48f6-aeb6-c8ebf272727a,07300655-fe7e-436d-8810-2b3bd2e3f2b2,2026-01-25 23:24:00.994658+00
3a9e3d9a-c33b-48f6-aeb6-c8ebf272727a,2c296e25-c22f-4188-ac78-b76de6bd7091,2026-01-25 23:24:00.994658+00
3a9e3d9a-c33b-48f6-aeb6-c8ebf272727a,d044500c-04e7-423c-8ea7-a30529ef5b02,2026-01-25 23:24:00.994658+00
3c0b42b1-c63b-4721-80d9-dde309096411,07300655-fe7e-436d-8810-2b3bd2e3f2b2,2026-02-03 07:02:20.391307+00
3c0b42b1-c63b-4721-80d9-dde309096411,7b260c79-e92b-4a40-9596-3d9e088a9705,2026-02-03 07:02:20.391307+00
3cd2e735-a7b3-4ae2-b968-6b3eb081066e,1e6443d9-3588-4ae6-8b6d-fcd95467551c,2026-01-25 23:24:00.994658+00
3cd2e735-a7b3-4ae2-b968-6b3eb081066e,b90bf572-5921-40aa-89de-c53d9038c405,2026-01-25 23:24:00.994658+00
3dbc0fa6-acbe-407d-94e7-b83f483a5a25,2c296e25-c22f-4188-ac78-b76de6bd7091,2026-01-25 23:24:00.994658+00
3dbc0fa6-acbe-407d-94e7-b83f483a5a25,99bf123f-a9be-443d-9edd-72bcf7441862,2026-01-25 23:24:00.994658+00
3dbc0fa6-acbe-407d-94e7-b83f483a5a25,b90bf572-5921-40aa-89de-c53d9038c405,2026-01-25 23:24:00.994658+00
3e69e1bc-90ae-4c08-9496-b70c75b7d523,1e6443d9-3588-4ae6-8b6d-fcd95467551c,2026-01-25 23:24:00.994658+00
3e69e1bc-90ae-4c08-9496-b70c75b7d523,2c296e25-c22f-4188-ac78-b76de6bd7091,2026-01-25 23:24:00.994658+00
3e69e1bc-90ae-4c08-9496-b70c75b7d523,b90bf572-5921-40aa-89de-c53d9038c405,2026-01-25 23:24:00.994658+00
3ef80d20-7a96-43d9-a241-048113e8beaf,1e6443d9-3588-4ae6-8b6d-fcd95467551c,2026-01-25 23:24:00.994658+00
3ef80d20-7a96-43d9-a241-048113e8beaf,7b260c79-e92b-4a40-9596-3d9e088a9705,2026-01-25 23:24:00.994658+00
3f5ee6dd-e3fd-4e84-8269-1ff8a8a8c735,b90bf572-5921-40aa-89de-c53d9038c405,2026-01-25 23:24:00.994658+00
3f5ee6dd-e3fd-4e84-8269-1ff8a8a8c735,bdd9c9cd-c2c6-4592-a95b-338e965395aa,2026-01-25 23:24:00.994658+00
400cf67b-aec6-4345-964f-e4ad676d4d72,2c296e25-c22f-4188-ac78-b76de6bd7091,2026-01-25 23:24:00.994658+00
400cf67b-aec6-4345-964f-e4ad676d4d72,4db9c563-840d-4a30-8716-d41c1c4c3c68,2026-01-25 23:24:00.994658+00
400cf67b-aec6-4345-964f-e4ad676d4d72,b90bf572-5921-40aa-89de-c53d9038c405,2026-01-25 23:24:00.994658+00
417f300b-0eda-4911-98b2-ea2b3edb85bf,07300655-fe7e-436d-8810-2b3bd2e3f2b2,2026-02-03 06:53:38.817855+00
417f300b-0eda-4911-98b2-ea2b3edb85bf,d044500c-04e7-423c-8ea7-a30529ef5b02,2026-02-03 06:53:38.817855+00
41ed2834-1748-4b37-a748-7965ba021030,07300655-fe7e-436d-8810-2b3bd2e3f2b2,2026-02-03 07:02:01.957161+00
41ed2834-1748-4b37-a748-7965ba021030,7b260c79-e92b-4a40-9596-3d9e088a9705,2026-02-03 07:02:01.957161+00
41ed2834-1748-4b37-a748-7965ba021030,bdd9c9cd-c2c6-4592-a95b-338e965395aa,2026-02-03 07:02:01.957161+00
433ae44f-0591-4b36-b10b-3e5ad96d3f61,7b260c79-e92b-4a40-9596-3d9e088a9705,2026-01-25 23:24:00.994658+00
433ae44f-0591-4b36-b10b-3e5ad96d3f61,99bf123f-a9be-443d-9edd-72bcf7441862,2026-01-25 23:24:00.994658+00
433ae44f-0591-4b36-b10b-3e5ad96d3f61,b90bf572-5921-40aa-89de-c53d9038c405,2026-01-25 23:24:00.994658+00
433ae44f-0591-4b36-b10b-3e5ad96d3f61,d044500c-04e7-423c-8ea7-a30529ef5b02,2026-01-25 23:24:00.994658+00
439729aa-1170-4427-8cf8-eca8c7cfb3e5,2c296e25-c22f-4188-ac78-b76de6bd7091,2026-01-25 23:24:00.994658+00
439729aa-1170-4427-8cf8-eca8c7cfb3e5,4db9c563-840d-4a30-8716-d41c1c4c3c68,2026-01-25 23:24:00.994658+00
439729aa-1170-4427-8cf8-eca8c7cfb3e5,b90bf572-5921-40aa-89de-c53d9038c405,2026-01-25 23:24:00.994658+00
440c47eb-f600-4a36-aef5-dd9d4b8a32cb,07300655-fe7e-436d-8810-2b3bd2e3f2b2,2026-01-25 23:24:00.994658+00
4457c943-a504-4eb7-9e0a-6377810eba0e,7b260c79-e92b-4a40-9596-3d9e088a9705,2026-02-03 06:54:56.339273+00
4457c943-a504-4eb7-9e0a-6377810eba0e,d044500c-04e7-423c-8ea7-a30529ef5b02,2026-02-03 06:54:56.339273+00
45881880-57dd-4495-8501-6158f3db170e,1e6443d9-3588-4ae6-8b6d-fcd95467551c,2026-01-25 23:24:00.994658+00
45881880-57dd-4495-8501-6158f3db170e,2c296e25-c22f-4188-ac78-b76de6bd7091,2026-01-25 23:24:00.994658+00
45881880-57dd-4495-8501-6158f3db170e,b90bf572-5921-40aa-89de-c53d9038c405,2026-01-25 23:24:00.994658+00
45c1bb98-05b6-4498-b083-55aa2fccdd45,99bf123f-a9be-443d-9edd-72bcf7441862,2026-01-25 23:24:00.994658+00
45c1bb98-05b6-4498-b083-55aa2fccdd45,a37a65a5-1a39-4c16-8842-6475f178af2c,2026-01-25 23:24:00.994658+00
45c1bb98-05b6-4498-b083-55aa2fccdd45,d044500c-04e7-423c-8ea7-a30529ef5b02,2026-01-25 23:24:00.994658+00
461d01a3-28e3-4b0b-b09c-cb2649c2b574,1e6443d9-3588-4ae6-8b6d-fcd95467551c,2026-01-25 23:24:00.994658+00
461d01a3-28e3-4b0b-b09c-cb2649c2b574,2c296e25-c22f-4188-ac78-b76de6bd7091,2026-01-25 23:24:00.994658+00
461d01a3-28e3-4b0b-b09c-cb2649c2b574,b90bf572-5921-40aa-89de-c53d9038c405,2026-01-25 23:24:00.994658+00
46cd7820-d43b-4714-8fc2-a082f8205a44,7b260c79-e92b-4a40-9596-3d9e088a9705,2026-02-03 07:01:08.405592+00
46cd7820-d43b-4714-8fc2-a082f8205a44,b57f2fd0-43b7-43a0-952b-3a07648676a1,2026-02-03 07:01:08.405592+00
46cd7820-d43b-4714-8fc2-a082f8205a44,bdd9c9cd-c2c6-4592-a95b-338e965395aa,2026-02-03 07:01:08.405592+00
47506a65-e2c2-4aaf-b9f4-1354b2a104b6,07300655-fe7e-436d-8810-2b3bd2e3f2b2,2026-01-25 23:24:00.994658+00
47506a65-e2c2-4aaf-b9f4-1354b2a104b6,1e6443d9-3588-4ae6-8b6d-fcd95467551c,2026-01-25 23:24:00.994658+00
47506a65-e2c2-4aaf-b9f4-1354b2a104b6,7b260c79-e92b-4a40-9596-3d9e088a9705,2026-01-25 23:24:00.994658+00
476140dd-1186-4b00-a50a-e93ecc45d746,7b260c79-e92b-4a40-9596-3d9e088a9705,2026-02-03 06:55:34.586565+00
476140dd-1186-4b00-a50a-e93ecc45d746,b57f2fd0-43b7-43a0-952b-3a07648676a1,2026-02-03 06:55:34.586565+00
48154403-8503-4b35-a477-9d11c95aba00,1e6443d9-3588-4ae6-8b6d-fcd95467551c,2026-01-25 23:24:00.994658+00
48154403-8503-4b35-a477-9d11c95aba00,2c296e25-c22f-4188-ac78-b76de6bd7091,2026-01-25 23:24:00.994658+00
48154403-8503-4b35-a477-9d11c95aba00,b90bf572-5921-40aa-89de-c53d9038c405,2026-01-25 23:24:00.994658+00
49de1947-0763-4c40-b2b9-380e46d43341,7b260c79-e92b-4a40-9596-3d9e088a9705,2026-01-25 23:24:00.994658+00
49de1947-0763-4c40-b2b9-380e46d43341,b57f2fd0-43b7-43a0-952b-3a07648676a1,2026-01-25 23:24:00.994658+00
49de1947-0763-4c40-b2b9-380e46d43341,bdd9c9cd-c2c6-4592-a95b-338e965395aa,2026-01-25 23:24:00.994658+00
4ca71b70-34c9-464e-a98d-52d4bde1e374,b90bf572-5921-40aa-89de-c53d9038c405,2026-01-25 23:24:00.994658+00
4ca71b70-34c9-464e-a98d-52d4bde1e374,bdd9c9cd-c2c6-4592-a95b-338e965395aa,2026-01-25 23:24:00.994658+00
4d88cef1-fd59-4735-8e3f-ae66f39e291e,07300655-fe7e-436d-8810-2b3bd2e3f2b2,2026-01-25 23:24:00.994658+00
4d88cef1-fd59-4735-8e3f-ae66f39e291e,2c296e25-c22f-4188-ac78-b76de6bd7091,2026-01-25 23:24:00.994658+00
4d88cef1-fd59-4735-8e3f-ae66f39e291e,b90bf572-5921-40aa-89de-c53d9038c405,2026-01-25 23:24:00.994658+00
4d88cef1-fd59-4735-8e3f-ae66f39e291e,d044500c-04e7-423c-8ea7-a30529ef5b02,2026-01-25 23:24:00.994658+00
4f1a0ff1-b317-4867-b621-5ebde72d812b,7b260c79-e92b-4a40-9596-3d9e088a9705,2026-01-25 23:24:00.994658+00
4f1a0ff1-b317-4867-b621-5ebde72d812b,99bf123f-a9be-443d-9edd-72bcf7441862,2026-01-25 23:24:00.994658+00
4f1a0ff1-b317-4867-b621-5ebde72d812b,d044500c-04e7-423c-8ea7-a30529ef5b02,2026-01-25 23:24:00.994658+00
4f86ddf6-aa04-4f00-b7ae-0dd101677825,a37a65a5-1a39-4c16-8842-6475f178af2c,2026-02-03 06:54:23.283846+00
4f86ddf6-aa04-4f00-b7ae-0dd101677825,b90bf572-5921-40aa-89de-c53d9038c405,2026-02-03 06:54:23.283846+00
50181bee-6af5-44fc-a899-48ba33d6e12e,07300655-fe7e-436d-8810-2b3bd2e3f2b2,2026-01-25 23:24:00.994658+00
50181bee-6af5-44fc-a899-48ba33d6e12e,21994ac5-1736-4efd-9b7f-97d303540606,2026-01-25 23:24:00.994658+00
50644cc9-1d2d-49c4-94d8-6fca5ef267c5,2c296e25-c22f-4188-ac78-b76de6bd7091,2026-01-30 05:43:59.630255+00
50644cc9-1d2d-49c4-94d8-6fca5ef267c5,99bf123f-a9be-443d-9edd-72bcf7441862,2026-01-30 05:43:59.630255+00
50644cc9-1d2d-49c4-94d8-6fca5ef267c5,b90bf572-5921-40aa-89de-c53d9038c405,2026-01-30 05:43:59.630255+00
51982468-6f17-422e-bf95-be99861437db,2c296e25-c22f-4188-ac78-b76de6bd7091,2026-01-25 23:24:00.994658+00
51982468-6f17-422e-bf95-be99861437db,7b260c79-e92b-4a40-9596-3d9e088a9705,2026-01-25 23:24:00.994658+00
51982468-6f17-422e-bf95-be99861437db,b90bf572-5921-40aa-89de-c53d9038c405,2026-01-25 23:24:00.994658+00
52c0b4ee-ea55-481d-9985-15523d7360ae,7b260c79-e92b-4a40-9596-3d9e088a9705,2026-01-25 23:24:00.994658+00
52c444b4-8ce2-4915-b1c9-1e8ec5efa052,7b260c79-e92b-4a40-9596-3d9e088a9705,2026-01-25 23:24:00.994658+00
52c444b4-8ce2-4915-b1c9-1e8ec5efa052,b90bf572-5921-40aa-89de-c53d9038c405,2026-01-25 23:24:00.994658+00
55da6e1f-fafb-4e65-893e-963a2eae2fd1,4db9c563-840d-4a30-8716-d41c1c4c3c68,2026-01-25 23:24:00.994658+00
55da6e1f-fafb-4e65-893e-963a2eae2fd1,7b260c79-e92b-4a40-9596-3d9e088a9705,2026-01-25 23:24:00.994658+00
55da6e1f-fafb-4e65-893e-963a2eae2fd1,df147e05-19f6-49bf-9fa3-ef8ab5a8114c,2026-01-25 23:24:00.994658+00
58baaeb5-d63a-4539-8603-6545500bc202,07300655-fe7e-436d-8810-2b3bd2e3f2b2,2026-02-03 06:56:11.870213+00
58baaeb5-d63a-4539-8603-6545500bc202,1486659e-aa74-4228-a2f0-4faaa9af3129,2026-02-03 06:56:11.870213+00
58baaeb5-d63a-4539-8603-6545500bc202,7b260c79-e92b-4a40-9596-3d9e088a9705,2026-02-03 06:56:11.870213+00
590b97b6-86a9-476a-b64b-4bc308ee9a0d,99bf123f-a9be-443d-9edd-72bcf7441862,2026-01-25 23:24:00.994658+00
590b97b6-86a9-476a-b64b-4bc308ee9a0d,b90bf572-5921-40aa-89de-c53d9038c405,2026-01-25 23:24:00.994658+00
590b97b6-86a9-476a-b64b-4bc308ee9a0d,d044500c-04e7-423c-8ea7-a30529ef5b02,2026-01-25 23:24:00.994658+00
59f0c4ba-17e1-4f67-9183-cf44114d2928,1e6443d9-3588-4ae6-8b6d-fcd95467551c,2026-01-25 23:24:00.994658+00
59f0c4ba-17e1-4f67-9183-cf44114d2928,7b260c79-e92b-4a40-9596-3d9e088a9705,2026-01-25 23:24:00.994658+00
59f0c4ba-17e1-4f67-9183-cf44114d2928,b90bf572-5921-40aa-89de-c53d9038c405,2026-01-25 23:24:00.994658+00
5ac1f6da-e511-40a1-82a1-273e794dd0eb,7b260c79-e92b-4a40-9596-3d9e088a9705,2026-02-03 06:58:48.867151+00
5ae07954-45c3-43b1-ae5a-d2aba1c1ef76,1e6443d9-3588-4ae6-8b6d-fcd95467551c,2026-01-25 23:24:00.994658+00
5ae07954-45c3-43b1-ae5a-d2aba1c1ef76,2c296e25-c22f-4188-ac78-b76de6bd7091,2026-01-25 23:24:00.994658+00
5ae07954-45c3-43b1-ae5a-d2aba1c1ef76,b90bf572-5921-40aa-89de-c53d9038c405,2026-01-25 23:24:00.994658+00
5b5e24b0-5cf8-4d62-9e8b-5c063bad442a,7b260c79-e92b-4a40-9596-3d9e088a9705,2026-02-04 03:38:54.142929+00
5b5e24b0-5cf8-4d62-9e8b-5c063bad442a,d044500c-04e7-423c-8ea7-a30529ef5b02,2026-02-04 03:38:54.142929+00
5d967040-0b79-41a5-9e26-81d4ae4306bb,b18fd99c-7028-4132-9e7a-dad69132142e,2026-01-25 23:24:00.994658+00
5d967040-0b79-41a5-9e26-81d4ae4306bb,df147e05-19f6-49bf-9fa3-ef8ab5a8114c,2026-01-25 23:24:00.994658+00
5fab6e44-6ff8-4fdb-92b3-e1b7c9e40531,07300655-fe7e-436d-8810-2b3bd2e3f2b2,2026-01-25 23:24:00.994658+00
5fab6e44-6ff8-4fdb-92b3-e1b7c9e40531,21994ac5-1736-4efd-9b7f-97d303540606,2026-01-25 23:24:00.994658+00
5fab6e44-6ff8-4fdb-92b3-e1b7c9e40531,4db9c563-840d-4a30-8716-d41c1c4c3c68,2026-01-25 23:24:00.994658+00
60e44e6f-8b8e-475f-b854-5630c06d2db7,07300655-fe7e-436d-8810-2b3bd2e3f2b2,2026-02-04 06:28:36.0262+00
60e44e6f-8b8e-475f-b854-5630c06d2db7,4db9c563-840d-4a30-8716-d41c1c4c3c68,2026-02-04 06:28:36.0262+00
62d45fa9-b876-4964-a51b-d853e8ac2e88,1e6443d9-3588-4ae6-8b6d-fcd95467551c,2026-01-25 23:24:00.994658+00
62d45fa9-b876-4964-a51b-d853e8ac2e88,7b260c79-e92b-4a40-9596-3d9e088a9705,2026-01-25 23:24:00.994658+00
62d45fa9-b876-4964-a51b-d853e8ac2e88,b90bf572-5921-40aa-89de-c53d9038c405,2026-01-25 23:24:00.994658+00
640d0cf1-4b39-471b-a162-2ebf72917bdd,1e6443d9-3588-4ae6-8b6d-fcd95467551c,2026-01-25 23:24:00.994658+00
640d0cf1-4b39-471b-a162-2ebf72917bdd,7b260c79-e92b-4a40-9596-3d9e088a9705,2026-01-25 23:24:00.994658+00
640d0cf1-4b39-471b-a162-2ebf72917bdd,df147e05-19f6-49bf-9fa3-ef8ab5a8114c,2026-01-25 23:24:00.994658+00
653e9b9f-f967-4cce-acbc-1a1d95edc8d7,2c296e25-c22f-4188-ac78-b76de6bd7091,2026-01-30 05:39:07.380516+00
653e9b9f-f967-4cce-acbc-1a1d95edc8d7,99bf123f-a9be-443d-9edd-72bcf7441862,2026-01-30 05:39:07.380516+00
653e9b9f-f967-4cce-acbc-1a1d95edc8d7,b90bf572-5921-40aa-89de-c53d9038c405,2026-01-30 05:39:07.380516+00
653e9b9f-f967-4cce-acbc-1a1d95edc8d7,d044500c-04e7-423c-8ea7-a30529ef5b02,2026-01-30 05:39:07.380516+00
6547197e-15bb-4224-b488-6bb9636ebd08,1e6443d9-3588-4ae6-8b6d-fcd95467551c,2026-01-25 23:24:00.994658+00
6547197e-15bb-4224-b488-6bb9636ebd08,99bf123f-a9be-443d-9edd-72bcf7441862,2026-01-25 23:24:00.994658+00
6547197e-15bb-4224-b488-6bb9636ebd08,b18fd99c-7028-4132-9e7a-dad69132142e,2026-01-25 23:24:00.994658+00
68a2908a-f5b9-4ce6-b292-1ee57feb6425,1e6443d9-3588-4ae6-8b6d-fcd95467551c,2026-01-25 23:24:00.994658+00
68a2908a-f5b9-4ce6-b292-1ee57feb6425,2c296e25-c22f-4188-ac78-b76de6bd7091,2026-01-25 23:24:00.994658+00
68a2908a-f5b9-4ce6-b292-1ee57feb6425,b90bf572-5921-40aa-89de-c53d9038c405,2026-01-25 23:24:00.994658+00
69edb519-f185-4c8f-99e9-28125cdf91be,2c296e25-c22f-4188-ac78-b76de6bd7091,2026-01-25 23:24:00.994658+00
69edb519-f185-4c8f-99e9-28125cdf91be,99bf123f-a9be-443d-9edd-72bcf7441862,2026-01-25 23:24:00.994658+00
69edb519-f185-4c8f-99e9-28125cdf91be,b90bf572-5921-40aa-89de-c53d9038c405,2026-01-25 23:24:00.994658+00
6b0c7be6-1c00-4fd5-9bcc-1c8bf7245f3b,b90bf572-5921-40aa-89de-c53d9038c405,2026-01-25 23:24:00.994658+00
6b0c7be6-1c00-4fd5-9bcc-1c8bf7245f3b,d044500c-04e7-423c-8ea7-a30529ef5b02,2026-01-25 23:24:00.994658+00
6c7ded31-d2ad-4080-b25b-5ac6bc7ddbf2,7b260c79-e92b-4a40-9596-3d9e088a9705,2026-01-25 23:24:00.994658+00
6c7ded31-d2ad-4080-b25b-5ac6bc7ddbf2,99bf123f-a9be-443d-9edd-72bcf7441862,2026-01-25 23:24:00.994658+00
6c7ded31-d2ad-4080-b25b-5ac6bc7ddbf2,b90bf572-5921-40aa-89de-c53d9038c405,2026-01-25 23:24:00.994658+00
6d634705-aa97-454e-8b00-e7c1e9a60cce,2c296e25-c22f-4188-ac78-b76de6bd7091,2026-01-25 23:24:00.994658+00
6d634705-aa97-454e-8b00-e7c1e9a60cce,b90bf572-5921-40aa-89de-c53d9038c405,2026-01-25 23:24:00.994658+00
6d947656-3052-4a37-a443-1207b4201ed8,07300655-fe7e-436d-8810-2b3bd2e3f2b2,2026-01-25 23:24:00.994658+00
6d947656-3052-4a37-a443-1207b4201ed8,1486659e-aa74-4228-a2f0-4faaa9af3129,2026-01-25 23:24:00.994658+00
6d947656-3052-4a37-a443-1207b4201ed8,2c296e25-c22f-4188-ac78-b76de6bd7091,2026-01-25 23:24:00.994658+00
6d947656-3052-4a37-a443-1207b4201ed8,8cd325ea-2a69-4fa2-a60b-d87775848c00,2026-01-25 23:24:00.994658+00
6f585593-0117-4536-a00d-47b4579e3985,2c296e25-c22f-4188-ac78-b76de6bd7091,2026-01-25 23:24:00.994658+00
6f585593-0117-4536-a00d-47b4579e3985,b90bf572-5921-40aa-89de-c53d9038c405,2026-01-25 23:24:00.994658+00
6fdf387b-9aab-4c9a-8685-f7c142f2cc61,07300655-fe7e-436d-8810-2b3bd2e3f2b2,2026-01-25 23:24:00.994658+00
6fdf387b-9aab-4c9a-8685-f7c142f2cc61,2c296e25-c22f-4188-ac78-b76de6bd7091,2026-01-25 23:24:00.994658+00
6fdf387b-9aab-4c9a-8685-f7c142f2cc61,b90bf572-5921-40aa-89de-c53d9038c405,2026-01-25 23:24:00.994658+00
6fdf387b-9aab-4c9a-8685-f7c142f2cc61,bdd9c9cd-c2c6-4592-a95b-338e965395aa,2026-01-25 23:24:00.994658+00
707e6925-5c81-4c7b-a649-9ef9131b82f8,7b260c79-e92b-4a40-9596-3d9e088a9705,2026-01-25 23:24:00.994658+00
707e6925-5c81-4c7b-a649-9ef9131b82f8,99bf123f-a9be-443d-9edd-72bcf7441862,2026-01-25 23:24:00.994658+00
71454d40-1dcd-4c00-985b-adf7b73730fc,1e6443d9-3588-4ae6-8b6d-fcd95467551c,2026-01-25 23:24:00.994658+00
71454d40-1dcd-4c00-985b-adf7b73730fc,2c296e25-c22f-4188-ac78-b76de6bd7091,2026-01-25 23:24:00.994658+00
71454d40-1dcd-4c00-985b-adf7b73730fc,b90bf572-5921-40aa-89de-c53d9038c405,2026-01-25 23:24:00.994658+00
727ef721-867c-4d98-aa19-86703984542c,7b260c79-e92b-4a40-9596-3d9e088a9705,2026-01-28 06:10:34.777324+00
72c665a5-4c8a-45ad-baf1-4ae527ce1f7d,7b260c79-e92b-4a40-9596-3d9e088a9705,2026-02-03 07:02:57.487349+00
731a959e-cd03-4adc-8629-8896baa5909b,07300655-fe7e-436d-8810-2b3bd2e3f2b2,2026-01-25 23:24:00.994658+00
731a959e-cd03-4adc-8629-8896baa5909b,7b260c79-e92b-4a40-9596-3d9e088a9705,2026-01-25 23:24:00.994658+00
75432010-a4c9-4eda-b684-46e0e90ecd8a,1e6443d9-3588-4ae6-8b6d-fcd95467551c,2026-01-25 23:24:00.994658+00
75432010-a4c9-4eda-b684-46e0e90ecd8a,2c296e25-c22f-4188-ac78-b76de6bd7091,2026-01-25 23:24:00.994658+00
75432010-a4c9-4eda-b684-46e0e90ecd8a,b90bf572-5921-40aa-89de-c53d9038c405,2026-01-25 23:24:00.994658+00
76ca80e8-0c4f-4501-85ed-2ee572d738f1,1e6443d9-3588-4ae6-8b6d-fcd95467551c,2026-01-25 23:24:00.994658+00
76ca80e8-0c4f-4501-85ed-2ee572d738f1,2c296e25-c22f-4188-ac78-b76de6bd7091,2026-01-25 23:24:00.994658+00
780bec16-607f-4442-8cfb-c379309499d5,1e6443d9-3588-4ae6-8b6d-fcd95467551c,2026-02-08 09:38:59.732213+00
780bec16-607f-4442-8cfb-c379309499d5,2c296e25-c22f-4188-ac78-b76de6bd7091,2026-02-08 09:38:59.732213+00
780bec16-607f-4442-8cfb-c379309499d5,99bf123f-a9be-443d-9edd-72bcf7441862,2026-02-08 09:38:59.732213+00
780bec16-607f-4442-8cfb-c379309499d5,b90bf572-5921-40aa-89de-c53d9038c405,2026-02-08 09:38:59.732213+00
78380afb-5b46-4794-9f5a-2b828fae3769,07300655-fe7e-436d-8810-2b3bd2e3f2b2,2026-01-25 23:24:00.994658+00
78380afb-5b46-4794-9f5a-2b828fae3769,99bf123f-a9be-443d-9edd-72bcf7441862,2026-01-25 23:24:00.994658+00
78380afb-5b46-4794-9f5a-2b828fae3769,b90bf572-5921-40aa-89de-c53d9038c405,2026-01-25 23:24:00.994658+00
783a3f78-da67-4bd0-9b8f-20c9cffcdf73,07300655-fe7e-436d-8810-2b3bd2e3f2b2,2026-01-25 23:24:00.994658+00
783a3f78-da67-4bd0-9b8f-20c9cffcdf73,2c296e25-c22f-4188-ac78-b76de6bd7091,2026-01-25 23:24:00.994658+00
783a3f78-da67-4bd0-9b8f-20c9cffcdf73,b90bf572-5921-40aa-89de-c53d9038c405,2026-01-25 23:24:00.994658+00
79375f44-d1aa-4801-8d57-6369b79c5b4d,07300655-fe7e-436d-8810-2b3bd2e3f2b2,2026-01-25 23:24:00.994658+00
79375f44-d1aa-4801-8d57-6369b79c5b4d,7b260c79-e92b-4a40-9596-3d9e088a9705,2026-01-25 23:24:00.994658+00
79a46b44-80af-4d51-a97c-e7dcbb02b9a7,1e6443d9-3588-4ae6-8b6d-fcd95467551c,2026-01-25 23:24:00.994658+00
79a46b44-80af-4d51-a97c-e7dcbb02b9a7,7b260c79-e92b-4a40-9596-3d9e088a9705,2026-01-25 23:24:00.994658+00
79a46b44-80af-4d51-a97c-e7dcbb02b9a7,b18fd99c-7028-4132-9e7a-dad69132142e,2026-01-25 23:24:00.994658+00
79b1358f-b9be-401a-a1dc-c17ae9c683df,1e6443d9-3588-4ae6-8b6d-fcd95467551c,2026-01-25 23:24:00.994658+00
79b1358f-b9be-401a-a1dc-c17ae9c683df,2c296e25-c22f-4188-ac78-b76de6bd7091,2026-01-25 23:24:00.994658+00
79b1358f-b9be-401a-a1dc-c17ae9c683df,b90bf572-5921-40aa-89de-c53d9038c405,2026-01-25 23:24:00.994658+00
7bd54cd1-a308-461c-b487-82b38e7a4953,1e6443d9-3588-4ae6-8b6d-fcd95467551c,2026-01-25 23:24:00.994658+00
7bd54cd1-a308-461c-b487-82b38e7a4953,2c296e25-c22f-4188-ac78-b76de6bd7091,2026-01-25 23:24:00.994658+00
7bd54cd1-a308-461c-b487-82b38e7a4953,b90bf572-5921-40aa-89de-c53d9038c405,2026-01-25 23:24:00.994658+00
7c912c4e-888c-4637-a9ed-01a249f45f49,7b260c79-e92b-4a40-9596-3d9e088a9705,2026-01-25 23:24:00.994658+00
7c912c4e-888c-4637-a9ed-01a249f45f49,99bf123f-a9be-443d-9edd-72bcf7441862,2026-01-25 23:24:00.994658+00
7c912c4e-888c-4637-a9ed-01a249f45f49,d044500c-04e7-423c-8ea7-a30529ef5b02,2026-01-25 23:24:00.994658+00
7d7d77ad-8ce0-4da0-a2a6-6aa75037ad54,2c296e25-c22f-4188-ac78-b76de6bd7091,2026-02-03 06:46:55.862584+00
7d7d77ad-8ce0-4da0-a2a6-6aa75037ad54,99bf123f-a9be-443d-9edd-72bcf7441862,2026-02-03 06:46:55.862584+00
7d7d77ad-8ce0-4da0-a2a6-6aa75037ad54,b90bf572-5921-40aa-89de-c53d9038c405,2026-02-03 06:46:55.862584+00
802365eb-b696-4f07-95f6-8f28dea88dd0,1e6443d9-3588-4ae6-8b6d-fcd95467551c,2026-01-25 23:24:00.994658+00
802365eb-b696-4f07-95f6-8f28dea88dd0,2c296e25-c22f-4188-ac78-b76de6bd7091,2026-01-25 23:24:00.994658+00
802365eb-b696-4f07-95f6-8f28dea88dd0,b90bf572-5921-40aa-89de-c53d9038c405,2026-01-25 23:24:00.994658+00
80be6c74-4024-43a6-9ac2-330b04841a19,1486659e-aa74-4228-a2f0-4faaa9af3129,2026-01-25 23:24:00.994658+00
80be6c74-4024-43a6-9ac2-330b04841a19,2c296e25-c22f-4188-ac78-b76de6bd7091,2026-01-25 23:24:00.994658+00
80be6c74-4024-43a6-9ac2-330b04841a19,7b260c79-e92b-4a40-9596-3d9e088a9705,2026-01-25 23:24:00.994658+00
81a61028-36ae-4cfc-b9c1-871aa621f24f,07300655-fe7e-436d-8810-2b3bd2e3f2b2,2026-01-25 23:24:00.994658+00
81a61028-36ae-4cfc-b9c1-871aa621f24f,21994ac5-1736-4efd-9b7f-97d303540606,2026-01-25 23:24:00.994658+00
81a61028-36ae-4cfc-b9c1-871aa621f24f,7b260c79-e92b-4a40-9596-3d9e088a9705,2026-01-25 23:24:00.994658+00
82d99b16-18e6-4d75-b06c-7dfcae66fae2,07300655-fe7e-436d-8810-2b3bd2e3f2b2,2026-02-03 06:56:25.719934+00
82d99b16-18e6-4d75-b06c-7dfcae66fae2,99bf123f-a9be-443d-9edd-72bcf7441862,2026-02-03 06:56:25.719934+00
82d99b16-18e6-4d75-b06c-7dfcae66fae2,b18fd99c-7028-4132-9e7a-dad69132142e,2026-02-03 06:56:25.719934+00
88a10c9c-3b04-4d8e-a9f9-ab793a237c8a,2c296e25-c22f-4188-ac78-b76de6bd7091,2026-02-13 05:52:57.730478+00
88a10c9c-3b04-4d8e-a9f9-ab793a237c8a,4db9c563-840d-4a30-8716-d41c1c4c3c68,2026-02-13 05:52:57.730478+00
8bcda306-c6f5-4b13-ae35-e655e22d00e2,07300655-fe7e-436d-8810-2b3bd2e3f2b2,2026-02-03 06:56:59.400759+00
8bcda306-c6f5-4b13-ae35-e655e22d00e2,21994ac5-1736-4efd-9b7f-97d303540606,2026-02-03 06:56:59.400759+00
8bcda306-c6f5-4b13-ae35-e655e22d00e2,7b260c79-e92b-4a40-9596-3d9e088a9705,2026-02-03 06:56:59.400759+00
8d788734-78ff-4e79-ba58-f4479c2399e1,07300655-fe7e-436d-8810-2b3bd2e3f2b2,2026-02-12 07:07:54.84938+00
8d788734-78ff-4e79-ba58-f4479c2399e1,1486659e-aa74-4228-a2f0-4faaa9af3129,2026-02-12 07:07:54.84938+00
8d788734-78ff-4e79-ba58-f4479c2399e1,21994ac5-1736-4efd-9b7f-97d303540606,2026-02-12 07:07:54.84938+00
8d788734-78ff-4e79-ba58-f4479c2399e1,2c296e25-c22f-4188-ac78-b76de6bd7091,2026-02-12 07:07:54.84938+00
8d788734-78ff-4e79-ba58-f4479c2399e1,8cd325ea-2a69-4fa2-a60b-d87775848c00,2026-02-12 07:07:54.84938+00
90e2ffb3-2fa8-4644-8484-107576cf3077,7b260c79-e92b-4a40-9596-3d9e088a9705,2026-02-03 06:57:18.090848+00
90e2ffb3-2fa8-4644-8484-107576cf3077,b57f2fd0-43b7-43a0-952b-3a07648676a1,2026-02-03 06:57:18.090848+00
9147a5cb-f9eb-427e-95ed-8ff51d372b1a,2c296e25-c22f-4188-ac78-b76de6bd7091,2026-01-25 23:24:00.994658+00
9147a5cb-f9eb-427e-95ed-8ff51d372b1a,4db9c563-840d-4a30-8716-d41c1c4c3c68,2026-01-25 23:24:00.994658+00
9147a5cb-f9eb-427e-95ed-8ff51d372b1a,b90bf572-5921-40aa-89de-c53d9038c405,2026-01-25 23:24:00.994658+00
91da97c6-b870-4017-a357-e40f7beda072,99bf123f-a9be-443d-9edd-72bcf7441862,2026-01-25 23:24:00.994658+00
91da97c6-b870-4017-a357-e40f7beda072,b90bf572-5921-40aa-89de-c53d9038c405,2026-01-25 23:24:00.994658+00
91da97c6-b870-4017-a357-e40f7beda072,d044500c-04e7-423c-8ea7-a30529ef5b02,2026-01-25 23:24:00.994658+00
92ade00d-e9f0-410b-abd7-4fd8ef7dc16e,2c296e25-c22f-4188-ac78-b76de6bd7091,2026-01-25 23:24:00.994658+00
92ade00d-e9f0-410b-abd7-4fd8ef7dc16e,4db9c563-840d-4a30-8716-d41c1c4c3c68,2026-01-25 23:24:00.994658+00
92ade00d-e9f0-410b-abd7-4fd8ef7dc16e,b90bf572-5921-40aa-89de-c53d9038c405,2026-01-25 23:24:00.994658+00
93297d01-f819-4757-a64d-99e2d544b704,21994ac5-1736-4efd-9b7f-97d303540606,2026-01-25 23:24:00.994658+00
93297d01-f819-4757-a64d-99e2d544b704,7b260c79-e92b-4a40-9596-3d9e088a9705,2026-01-25 23:24:00.994658+00
9556c853-b0d2-49bb-9dd5-cbec8cf3f861,99bf123f-a9be-443d-9edd-72bcf7441862,2026-01-25 23:24:00.994658+00
9556c853-b0d2-49bb-9dd5-cbec8cf3f861,b18fd99c-7028-4132-9e7a-dad69132142e,2026-01-25 23:24:00.994658+00
9556c853-b0d2-49bb-9dd5-cbec8cf3f861,d044500c-04e7-423c-8ea7-a30529ef5b02,2026-01-25 23:24:00.994658+00
9556c853-b0d2-49bb-9dd5-cbec8cf3f861,df147e05-19f6-49bf-9fa3-ef8ab5a8114c,2026-01-25 23:24:00.994658+00
963a934f-573c-431c-8d0d-8e2c360a06d3,1e6443d9-3588-4ae6-8b6d-fcd95467551c,2026-01-25 23:24:00.994658+00
963a934f-573c-431c-8d0d-8e2c360a06d3,2c296e25-c22f-4188-ac78-b76de6bd7091,2026-01-25 23:24:00.994658+00
963a934f-573c-431c-8d0d-8e2c360a06d3,b90bf572-5921-40aa-89de-c53d9038c405,2026-01-25 23:24:00.994658+00
9641662f-df87-4b3b-9062-85ce81ffe8c5,1486659e-aa74-4228-a2f0-4faaa9af3129,2026-01-25 23:24:00.994658+00
9641662f-df87-4b3b-9062-85ce81ffe8c5,2c296e25-c22f-4188-ac78-b76de6bd7091,2026-01-25 23:24:00.994658+00
9641662f-df87-4b3b-9062-85ce81ffe8c5,4db9c563-840d-4a30-8716-d41c1c4c3c68,2026-01-25 23:24:00.994658+00
99d4da5e-bd1b-45b6-8929-dbed2aa3b10a,2c296e25-c22f-4188-ac78-b76de6bd7091,2026-01-25 23:24:00.994658+00
99d4da5e-bd1b-45b6-8929-dbed2aa3b10a,b90bf572-5921-40aa-89de-c53d9038c405,2026-01-25 23:24:00.994658+00
9bab6e9b-d797-417a-8bd7-727b2b7d41bf,7b260c79-e92b-4a40-9596-3d9e088a9705,2026-01-25 23:24:00.994658+00
9bab6e9b-d797-417a-8bd7-727b2b7d41bf,d044500c-04e7-423c-8ea7-a30529ef5b02,2026-01-25 23:24:00.994658+00
9c47efa4-e944-4767-b5f2-70f7e489a26f,7b260c79-e92b-4a40-9596-3d9e088a9705,2026-01-25 23:24:00.994658+00
9c47efa4-e944-4767-b5f2-70f7e489a26f,b57f2fd0-43b7-43a0-952b-3a07648676a1,2026-01-25 23:24:00.994658+00
9c47efa4-e944-4767-b5f2-70f7e489a26f,b90bf572-5921-40aa-89de-c53d9038c405,2026-01-25 23:24:00.994658+00
9db2aa03-e9c9-40ba-bcbd-338770de0ca6,1e6443d9-3588-4ae6-8b6d-fcd95467551c,2026-01-25 23:24:00.994658+00
9db2aa03-e9c9-40ba-bcbd-338770de0ca6,2c296e25-c22f-4188-ac78-b76de6bd7091,2026-01-25 23:24:00.994658+00
9db2aa03-e9c9-40ba-bcbd-338770de0ca6,b90bf572-5921-40aa-89de-c53d9038c405,2026-01-25 23:24:00.994658+00
9fdbee69-3d04-4988-915e-779e7d16ad75,07300655-fe7e-436d-8810-2b3bd2e3f2b2,2026-01-25 23:24:00.994658+00
9fdbee69-3d04-4988-915e-779e7d16ad75,21994ac5-1736-4efd-9b7f-97d303540606,2026-01-25 23:24:00.994658+00
9fdbee69-3d04-4988-915e-779e7d16ad75,7b260c79-e92b-4a40-9596-3d9e088a9705,2026-01-25 23:24:00.994658+00
a01a3c11-53eb-47ef-9e00-31fbbea46b17,1486659e-aa74-4228-a2f0-4faaa9af3129,2026-01-25 23:24:00.994658+00
a01a3c11-53eb-47ef-9e00-31fbbea46b17,1e6443d9-3588-4ae6-8b6d-fcd95467551c,2026-01-25 23:24:00.994658+00
a01a3c11-53eb-47ef-9e00-31fbbea46b17,8cd325ea-2a69-4fa2-a60b-d87775848c00,2026-01-25 23:24:00.994658+00
a098b417-048c-49bc-a25c-180017b3b1f1,2c296e25-c22f-4188-ac78-b76de6bd7091,2026-01-25 23:24:00.994658+00
a098b417-048c-49bc-a25c-180017b3b1f1,4db9c563-840d-4a30-8716-d41c1c4c3c68,2026-01-25 23:24:00.994658+00
a098b417-048c-49bc-a25c-180017b3b1f1,b90bf572-5921-40aa-89de-c53d9038c405,2026-01-25 23:24:00.994658+00
a0e6e507-142e-4f07-9778-685e1b03d277,7b260c79-e92b-4a40-9596-3d9e088a9705,2026-01-25 23:24:00.994658+00
a0e6e507-142e-4f07-9778-685e1b03d277,b90bf572-5921-40aa-89de-c53d9038c405,2026-01-25 23:24:00.994658+00
a1cef5b6-6e63-46d1-ba4c-b18b94c11318,1e6443d9-3588-4ae6-8b6d-fcd95467551c,2026-01-25 23:24:00.994658+00
a1cef5b6-6e63-46d1-ba4c-b18b94c11318,2c296e25-c22f-4188-ac78-b76de6bd7091,2026-01-25 23:24:00.994658+00
a1cef5b6-6e63-46d1-ba4c-b18b94c11318,7b260c79-e92b-4a40-9596-3d9e088a9705,2026-01-25 23:24:00.994658+00
a210a4aa-d717-4198-80ec-d313feb0b3c9,2c296e25-c22f-4188-ac78-b76de6bd7091,2026-01-25 23:24:00.994658+00
a210a4aa-d717-4198-80ec-d313feb0b3c9,99bf123f-a9be-443d-9edd-72bcf7441862,2026-01-25 23:24:00.994658+00
a210a4aa-d717-4198-80ec-d313feb0b3c9,b90bf572-5921-40aa-89de-c53d9038c405,2026-01-25 23:24:00.994658+00
a2735300-fc1d-4b67-895f-eaf085260462,7b260c79-e92b-4a40-9596-3d9e088a9705,2026-01-25 23:24:00.994658+00
a2735300-fc1d-4b67-895f-eaf085260462,99bf123f-a9be-443d-9edd-72bcf7441862,2026-01-25 23:24:00.994658+00
a28635c9-d3d7-42b8-afda-ee2795c9d1a3,07300655-fe7e-436d-8810-2b3bd2e3f2b2,2026-02-06 06:34:32.281476+00
a28635c9-d3d7-42b8-afda-ee2795c9d1a3,7b260c79-e92b-4a40-9596-3d9e088a9705,2026-02-06 06:34:32.281476+00
a74132aa-59f1-430b-8574-a97309574cf3,99bf123f-a9be-443d-9edd-72bcf7441862,2026-01-25 23:24:00.994658+00
a74132aa-59f1-430b-8574-a97309574cf3,d044500c-04e7-423c-8ea7-a30529ef5b02,2026-01-25 23:24:00.994658+00
ab713ac3-2a8d-4454-9db7-4279cf5d6bfe,1e6443d9-3588-4ae6-8b6d-fcd95467551c,2026-01-25 23:24:00.994658+00
ab713ac3-2a8d-4454-9db7-4279cf5d6bfe,2c296e25-c22f-4188-ac78-b76de6bd7091,2026-01-25 23:24:00.994658+00
ab713ac3-2a8d-4454-9db7-4279cf5d6bfe,b90bf572-5921-40aa-89de-c53d9038c405,2026-01-25 23:24:00.994658+00
abfb0d55-d51d-4f13-90d0-6ef670e7aa5b,7b260c79-e92b-4a40-9596-3d9e088a9705,2026-02-03 06:54:08.092434+00
abfb0d55-d51d-4f13-90d0-6ef670e7aa5b,85f37d13-bc19-4487-86f8-0115c3db8735,2026-02-03 06:54:08.092434+00
acb18032-0ad5-4e28-bd60-7f1f7ef8a5dc,99bf123f-a9be-443d-9edd-72bcf7441862,2026-01-25 23:24:00.994658+00
acb18032-0ad5-4e28-bd60-7f1f7ef8a5dc,df147e05-19f6-49bf-9fa3-ef8ab5a8114c,2026-01-25 23:24:00.994658+00
acfd36cc-bd80-473e-8ff4-d6d06a6adf5b,7b260c79-e92b-4a40-9596-3d9e088a9705,2026-02-03 06:57:09.549575+00
acfd36cc-bd80-473e-8ff4-d6d06a6adf5b,85f37d13-bc19-4487-86f8-0115c3db8735,2026-02-03 06:57:09.549575+00
ae2da529-2556-4901-8ea0-e76221587828,2c296e25-c22f-4188-ac78-b76de6bd7091,2026-01-25 23:24:00.994658+00
ae2da529-2556-4901-8ea0-e76221587828,99bf123f-a9be-443d-9edd-72bcf7441862,2026-01-25 23:24:00.994658+00
ae2da529-2556-4901-8ea0-e76221587828,b90bf572-5921-40aa-89de-c53d9038c405,2026-01-25 23:24:00.994658+00
ae4adafb-a6f2-46c3-8119-2009bc3b9326,1e6443d9-3588-4ae6-8b6d-fcd95467551c,2026-01-25 23:24:00.994658+00
ae4adafb-a6f2-46c3-8119-2009bc3b9326,2c296e25-c22f-4188-ac78-b76de6bd7091,2026-01-25 23:24:00.994658+00
ae4adafb-a6f2-46c3-8119-2009bc3b9326,b90bf572-5921-40aa-89de-c53d9038c405,2026-01-25 23:24:00.994658+00
b01ebcec-ac3b-4883-88b4-536f29c9e4c4,99bf123f-a9be-443d-9edd-72bcf7441862,2026-01-31 19:56:20.295754+00
b01ebcec-ac3b-4883-88b4-536f29c9e4c4,b18fd99c-7028-4132-9e7a-dad69132142e,2026-01-31 19:56:20.295754+00
b01ebcec-ac3b-4883-88b4-536f29c9e4c4,b90bf572-5921-40aa-89de-c53d9038c405,2026-01-31 19:56:20.295754+00
b0dd5067-ebba-4053-aff8-1dfdcfd1d227,7b260c79-e92b-4a40-9596-3d9e088a9705,2026-01-25 23:24:00.994658+00
b0dd5067-ebba-4053-aff8-1dfdcfd1d227,b57f2fd0-43b7-43a0-952b-3a07648676a1,2026-01-25 23:24:00.994658+00
b0dd5067-ebba-4053-aff8-1dfdcfd1d227,bdd9c9cd-c2c6-4592-a95b-338e965395aa,2026-01-25 23:24:00.994658+00
b36ace1f-b0bb-4a58-9f59-c95e0be99217,1e6443d9-3588-4ae6-8b6d-fcd95467551c,2026-01-25 23:24:00.994658+00
b36ace1f-b0bb-4a58-9f59-c95e0be99217,2c296e25-c22f-4188-ac78-b76de6bd7091,2026-01-25 23:24:00.994658+00
b36ace1f-b0bb-4a58-9f59-c95e0be99217,b90bf572-5921-40aa-89de-c53d9038c405,2026-01-25 23:24:00.994658+00
b52a7729-5f51-4298-8a07-441d3f6874dc,07300655-fe7e-436d-8810-2b3bd2e3f2b2,2026-01-25 23:24:00.994658+00
b52a7729-5f51-4298-8a07-441d3f6874dc,7b260c79-e92b-4a40-9596-3d9e088a9705,2026-01-25 23:24:00.994658+00
b52a7729-5f51-4298-8a07-441d3f6874dc,99bf123f-a9be-443d-9edd-72bcf7441862,2026-01-25 23:24:00.994658+00
b5f231f8-3342-4bbb-83ce-2debe33e1115,7b260c79-e92b-4a40-9596-3d9e088a9705,2026-01-25 23:24:00.994658+00
b5f231f8-3342-4bbb-83ce-2debe33e1115,85f37d13-bc19-4487-86f8-0115c3db8735,2026-01-25 23:24:00.994658+00
b680d130-30cf-4093-8602-9c09e062cf0b,07300655-fe7e-436d-8810-2b3bd2e3f2b2,2026-01-25 23:24:00.994658+00
b680d130-30cf-4093-8602-9c09e062cf0b,1486659e-aa74-4228-a2f0-4faaa9af3129,2026-01-25 23:24:00.994658+00
b680d130-30cf-4093-8602-9c09e062cf0b,2c296e25-c22f-4188-ac78-b76de6bd7091,2026-01-25 23:24:00.994658+00
b7437cda-13b9-490d-86ec-740a317cbd6d,7b260c79-e92b-4a40-9596-3d9e088a9705,2026-01-25 23:24:00.994658+00
b9fb5ced-9710-4fbb-9e93-caf5c39a29b1,1e6443d9-3588-4ae6-8b6d-fcd95467551c,2026-01-25 23:24:00.994658+00
b9fb5ced-9710-4fbb-9e93-caf5c39a29b1,7b260c79-e92b-4a40-9596-3d9e088a9705,2026-01-25 23:24:00.994658+00
b9fb5ced-9710-4fbb-9e93-caf5c39a29b1,99bf123f-a9be-443d-9edd-72bcf7441862,2026-01-25 23:24:00.994658+00
b9fb5ced-9710-4fbb-9e93-caf5c39a29b1,b90bf572-5921-40aa-89de-c53d9038c405,2026-01-25 23:24:00.994658+00
bade7a1a-7a46-4ee3-b165-2583b387d47f,7b260c79-e92b-4a40-9596-3d9e088a9705,2026-02-13 05:51:24.491887+00
bb9fc7e6-8de4-46ed-809c-2f1b65759435,2c296e25-c22f-4188-ac78-b76de6bd7091,2026-01-25 23:24:00.994658+00
bb9fc7e6-8de4-46ed-809c-2f1b65759435,4db9c563-840d-4a30-8716-d41c1c4c3c68,2026-01-25 23:24:00.994658+00
bb9fc7e6-8de4-46ed-809c-2f1b65759435,b90bf572-5921-40aa-89de-c53d9038c405,2026-01-25 23:24:00.994658+00
bc2d6131-35e2-437d-8a95-b4abc41e8b79,1e6443d9-3588-4ae6-8b6d-fcd95467551c,2026-01-25 23:24:00.994658+00
bc2d6131-35e2-437d-8a95-b4abc41e8b79,2c296e25-c22f-4188-ac78-b76de6bd7091,2026-01-25 23:24:00.994658+00
bc2d6131-35e2-437d-8a95-b4abc41e8b79,b90bf572-5921-40aa-89de-c53d9038c405,2026-01-25 23:24:00.994658+00
bc7051c3-24ff-4c01-870e-1268903fbcb3,2c296e25-c22f-4188-ac78-b76de6bd7091,2026-02-03 06:33:34.449974+00
bc7051c3-24ff-4c01-870e-1268903fbcb3,4db9c563-840d-4a30-8716-d41c1c4c3c68,2026-02-03 06:33:34.449974+00
bc7051c3-24ff-4c01-870e-1268903fbcb3,b90bf572-5921-40aa-89de-c53d9038c405,2026-02-03 06:33:34.449974+00
bc76b58b-325f-43ea-ba7a-2e95374c8c1b,99bf123f-a9be-443d-9edd-72bcf7441862,2026-01-25 23:24:00.994658+00
bc76b58b-325f-43ea-ba7a-2e95374c8c1b,b90bf572-5921-40aa-89de-c53d9038c405,2026-01-25 23:24:00.994658+00
bc76b58b-325f-43ea-ba7a-2e95374c8c1b,d044500c-04e7-423c-8ea7-a30529ef5b02,2026-01-25 23:24:00.994658+00
bf29a200-b18f-4887-8950-3dfe357f3ed3,7b260c79-e92b-4a40-9596-3d9e088a9705,2026-01-25 23:24:00.994658+00
bf29a200-b18f-4887-8950-3dfe357f3ed3,99bf123f-a9be-443d-9edd-72bcf7441862,2026-01-25 23:24:00.994658+00
bf8996e7-5317-4d96-b69c-0b8bc350a941,7b260c79-e92b-4a40-9596-3d9e088a9705,2026-01-28 04:23:03.935455+00
bf8996e7-5317-4d96-b69c-0b8bc350a941,d044500c-04e7-423c-8ea7-a30529ef5b02,2026-01-28 04:23:03.935455+00
c07ff27d-f83f-489a-a863-d9355d9ee773,2c296e25-c22f-4188-ac78-b76de6bd7091,2026-01-25 23:24:00.994658+00
c07ff27d-f83f-489a-a863-d9355d9ee773,b90bf572-5921-40aa-89de-c53d9038c405,2026-01-25 23:24:00.994658+00
c1fc271b-9cf6-403f-8c3a-ee324f336e71,1e6443d9-3588-4ae6-8b6d-fcd95467551c,2026-01-25 23:24:00.994658+00
c1fc271b-9cf6-403f-8c3a-ee324f336e71,2c296e25-c22f-4188-ac78-b76de6bd7091,2026-01-25 23:24:00.994658+00
c1fc271b-9cf6-403f-8c3a-ee324f336e71,99bf123f-a9be-443d-9edd-72bcf7441862,2026-01-25 23:24:00.994658+00
c1fc271b-9cf6-403f-8c3a-ee324f336e71,b90bf572-5921-40aa-89de-c53d9038c405,2026-01-25 23:24:00.994658+00
c3478df4-36d3-4552-a321-e1240f7b99f0,1e6443d9-3588-4ae6-8b6d-fcd95467551c,2026-01-25 23:24:00.994658+00
c3478df4-36d3-4552-a321-e1240f7b99f0,b90bf572-5921-40aa-89de-c53d9038c405,2026-01-25 23:24:00.994658+00
c37c6bdf-e3db-4404-a77a-d947cedd0387,07300655-fe7e-436d-8810-2b3bd2e3f2b2,2026-01-25 23:24:00.994658+00
c37c6bdf-e3db-4404-a77a-d947cedd0387,2c296e25-c22f-4188-ac78-b76de6bd7091,2026-01-25 23:24:00.994658+00
c37c6bdf-e3db-4404-a77a-d947cedd0387,b90bf572-5921-40aa-89de-c53d9038c405,2026-01-25 23:24:00.994658+00
c37c6bdf-e3db-4404-a77a-d947cedd0387,d044500c-04e7-423c-8ea7-a30529ef5b02,2026-01-25 23:24:00.994658+00
c3aef98e-b349-437b-bdab-eb35ba74fefe,7b260c79-e92b-4a40-9596-3d9e088a9705,2026-02-03 07:00:32.949693+00
c3dd248e-590c-4700-bee2-9cb4f5997014,07300655-fe7e-436d-8810-2b3bd2e3f2b2,2026-01-25 23:24:00.994658+00
c3dd248e-590c-4700-bee2-9cb4f5997014,1486659e-aa74-4228-a2f0-4faaa9af3129,2026-01-25 23:24:00.994658+00
c3dd248e-590c-4700-bee2-9cb4f5997014,2c296e25-c22f-4188-ac78-b76de6bd7091,2026-01-25 23:24:00.994658+00
c3dd248e-590c-4700-bee2-9cb4f5997014,8cd325ea-2a69-4fa2-a60b-d87775848c00,2026-01-25 23:24:00.994658+00
c42c096f-35fb-4052-ae32-0ce00a013abf,07300655-fe7e-436d-8810-2b3bd2e3f2b2,2026-01-25 23:24:00.994658+00
c42c096f-35fb-4052-ae32-0ce00a013abf,21994ac5-1736-4efd-9b7f-97d303540606,2026-01-25 23:24:00.994658+00
c42c096f-35fb-4052-ae32-0ce00a013abf,7b260c79-e92b-4a40-9596-3d9e088a9705,2026-01-25 23:24:00.994658+00
c502ae70-3ac8-485e-8228-fc2a97328d36,2c296e25-c22f-4188-ac78-b76de6bd7091,2026-01-26 05:46:50.582571+00
c502ae70-3ac8-485e-8228-fc2a97328d36,3fde9e6d-98ae-4257-9050-73ddaa777baa,2026-01-26 05:46:50.582571+00
c634e45f-645c-4153-83ae-88a04c8181af,07300655-fe7e-436d-8810-2b3bd2e3f2b2,2026-01-25 23:24:00.994658+00
c634e45f-645c-4153-83ae-88a04c8181af,7b260c79-e92b-4a40-9596-3d9e088a9705,2026-01-25 23:24:00.994658+00
c634e45f-645c-4153-83ae-88a04c8181af,b57f2fd0-43b7-43a0-952b-3a07648676a1,2026-01-25 23:24:00.994658+00
c634e45f-645c-4153-83ae-88a04c8181af,d044500c-04e7-423c-8ea7-a30529ef5b02,2026-01-25 23:24:00.994658+00
c6520718-de3c-4ace-b437-31dbfb6de9e0,07300655-fe7e-436d-8810-2b3bd2e3f2b2,2026-01-25 23:24:00.994658+00
c6520718-de3c-4ace-b437-31dbfb6de9e0,99bf123f-a9be-443d-9edd-72bcf7441862,2026-01-25 23:24:00.994658+00
c6520718-de3c-4ace-b437-31dbfb6de9e0,d044500c-04e7-423c-8ea7-a30529ef5b02,2026-01-25 23:24:00.994658+00
c6dbc9dd-c57b-4e3c-b9c6-393300264b0b,1e6443d9-3588-4ae6-8b6d-fcd95467551c,2026-01-31 05:36:18.354446+00
c6dbc9dd-c57b-4e3c-b9c6-393300264b0b,2c296e25-c22f-4188-ac78-b76de6bd7091,2026-01-31 05:36:18.354446+00
c6dbc9dd-c57b-4e3c-b9c6-393300264b0b,b90bf572-5921-40aa-89de-c53d9038c405,2026-01-31 05:36:18.354446+00
c7e28f3b-d160-4794-adb4-17e52f3e083d,1e6443d9-3588-4ae6-8b6d-fcd95467551c,2026-01-25 23:24:00.994658+00
c7e28f3b-d160-4794-adb4-17e52f3e083d,2c296e25-c22f-4188-ac78-b76de6bd7091,2026-01-25 23:24:00.994658+00
c7e28f3b-d160-4794-adb4-17e52f3e083d,b90bf572-5921-40aa-89de-c53d9038c405,2026-01-25 23:24:00.994658+00
ca5746a0-d31c-4c60-8626-231216bca0cb,1e6443d9-3588-4ae6-8b6d-fcd95467551c,2026-01-25 23:24:00.994658+00
ca5746a0-d31c-4c60-8626-231216bca0cb,2c296e25-c22f-4188-ac78-b76de6bd7091,2026-01-25 23:24:00.994658+00
ca5746a0-d31c-4c60-8626-231216bca0cb,b90bf572-5921-40aa-89de-c53d9038c405,2026-01-25 23:24:00.994658+00
cbbacd12-cac4-4f81-8c07-999601b604dd,7b260c79-e92b-4a40-9596-3d9e088a9705,2026-02-03 06:58:34.193266+00
cbbacd12-cac4-4f81-8c07-999601b604dd,8cd325ea-2a69-4fa2-a60b-d87775848c00,2026-02-03 06:58:34.193266+00
cbbacd12-cac4-4f81-8c07-999601b604dd,bdd9c9cd-c2c6-4592-a95b-338e965395aa,2026-02-03 06:58:34.193266+00
ce63e6d4-32ac-460b-bf44-874d7f9ef805,1e6443d9-3588-4ae6-8b6d-fcd95467551c,2026-01-29 18:14:03.079843+00
ce63e6d4-32ac-460b-bf44-874d7f9ef805,2c296e25-c22f-4188-ac78-b76de6bd7091,2026-01-29 18:14:03.079843+00
ce63e6d4-32ac-460b-bf44-874d7f9ef805,b90bf572-5921-40aa-89de-c53d9038c405,2026-01-29 18:14:03.079843+00
d0e0580b-b85b-4871-9851-a952c4e2e875,21994ac5-1736-4efd-9b7f-97d303540606,2026-01-25 23:24:00.994658+00
d0e0580b-b85b-4871-9851-a952c4e2e875,7b260c79-e92b-4a40-9596-3d9e088a9705,2026-01-25 23:24:00.994658+00
d15f381d-f4a7-4286-b245-899060896e25,07300655-fe7e-436d-8810-2b3bd2e3f2b2,2026-01-25 23:24:00.994658+00
d3475b36-adc8-4141-a0c1-01c38b2728e1,21994ac5-1736-4efd-9b7f-97d303540606,2026-01-25 23:24:00.994658+00
d3475b36-adc8-4141-a0c1-01c38b2728e1,7b260c79-e92b-4a40-9596-3d9e088a9705,2026-01-25 23:24:00.994658+00
d5327004-9b33-4656-8672-9c02c3d71398,07300655-fe7e-436d-8810-2b3bd2e3f2b2,2026-02-03 07:03:26.843457+00
d5327004-9b33-4656-8672-9c02c3d71398,d044500c-04e7-423c-8ea7-a30529ef5b02,2026-02-03 07:03:26.843457+00
d5f3a604-bbe6-470a-9499-2aff7aa74fec,2c296e25-c22f-4188-ac78-b76de6bd7091,2026-01-25 23:24:00.994658+00
d5f3a604-bbe6-470a-9499-2aff7aa74fec,4db9c563-840d-4a30-8716-d41c1c4c3c68,2026-01-25 23:24:00.994658+00
d5f3a604-bbe6-470a-9499-2aff7aa74fec,b90bf572-5921-40aa-89de-c53d9038c405,2026-01-25 23:24:00.994658+00
d6818a3d-2748-494d-a024-77b809e0f73f,2c296e25-c22f-4188-ac78-b76de6bd7091,2026-01-25 23:24:00.994658+00
d6818a3d-2748-494d-a024-77b809e0f73f,99bf123f-a9be-443d-9edd-72bcf7441862,2026-01-25 23:24:00.994658+00
d6818a3d-2748-494d-a024-77b809e0f73f,b90bf572-5921-40aa-89de-c53d9038c405,2026-01-25 23:24:00.994658+00
d6bebb69-c66f-464d-a0d6-1becad315aa3,1e6443d9-3588-4ae6-8b6d-fcd95467551c,2026-01-25 23:24:00.994658+00
d6bebb69-c66f-464d-a0d6-1becad315aa3,2c296e25-c22f-4188-ac78-b76de6bd7091,2026-01-25 23:24:00.994658+00
d6bebb69-c66f-464d-a0d6-1becad315aa3,b90bf572-5921-40aa-89de-c53d9038c405,2026-01-25 23:24:00.994658+00
d8ea2af1-8454-4123-bd76-b4a7839b2984,4db9c563-840d-4a30-8716-d41c1c4c3c68,2026-02-03 06:59:54.605243+00
d8ea2af1-8454-4123-bd76-b4a7839b2984,7b260c79-e92b-4a40-9596-3d9e088a9705,2026-02-03 06:59:54.605243+00
d8ea2af1-8454-4123-bd76-b4a7839b2984,bdd9c9cd-c2c6-4592-a95b-338e965395aa,2026-02-03 06:59:54.605243+00
d989fc27-30db-45bb-9264-16e269df05e9,4db9c563-840d-4a30-8716-d41c1c4c3c68,2026-01-25 23:24:00.994658+00
d989fc27-30db-45bb-9264-16e269df05e9,7b260c79-e92b-4a40-9596-3d9e088a9705,2026-01-25 23:24:00.994658+00
d989fc27-30db-45bb-9264-16e269df05e9,b18fd99c-7028-4132-9e7a-dad69132142e,2026-01-25 23:24:00.994658+00
da258b24-1b69-42d2-9064-dabaa251502e,b18fd99c-7028-4132-9e7a-dad69132142e,2026-01-25 23:24:00.994658+00
da258b24-1b69-42d2-9064-dabaa251502e,df147e05-19f6-49bf-9fa3-ef8ab5a8114c,2026-01-25 23:24:00.994658+00
da9bcee0-ad95-4167-9933-450b787a74de,7b260c79-e92b-4a40-9596-3d9e088a9705,2026-01-25 23:24:00.994658+00
da9bcee0-ad95-4167-9933-450b787a74de,99bf123f-a9be-443d-9edd-72bcf7441862,2026-01-25 23:24:00.994658+00
da9bcee0-ad95-4167-9933-450b787a74de,d044500c-04e7-423c-8ea7-a30529ef5b02,2026-01-25 23:24:00.994658+00
db81279c-3ed8-426d-bb64-3d6a33a00d91,1e6443d9-3588-4ae6-8b6d-fcd95467551c,2026-01-25 23:24:00.994658+00
db81279c-3ed8-426d-bb64-3d6a33a00d91,2c296e25-c22f-4188-ac78-b76de6bd7091,2026-01-25 23:24:00.994658+00
db81279c-3ed8-426d-bb64-3d6a33a00d91,b90bf572-5921-40aa-89de-c53d9038c405,2026-01-25 23:24:00.994658+00
dcb4b8d7-95b0-40d6-a69b-16cf85766b8a,b90bf572-5921-40aa-89de-c53d9038c405,2026-01-25 23:24:00.994658+00
dcb4b8d7-95b0-40d6-a69b-16cf85766b8a,bdd9c9cd-c2c6-4592-a95b-338e965395aa,2026-01-25 23:24:00.994658+00
dcee5afc-a672-42b7-ab55-00fc4a87c2e4,7b260c79-e92b-4a40-9596-3d9e088a9705,2026-01-25 23:24:00.994658+00
dcee5afc-a672-42b7-ab55-00fc4a87c2e4,99bf123f-a9be-443d-9edd-72bcf7441862,2026-01-25 23:24:00.994658+00
dcee5afc-a672-42b7-ab55-00fc4a87c2e4,df147e05-19f6-49bf-9fa3-ef8ab5a8114c,2026-01-25 23:24:00.994658+00
dfaf2e6f-6f24-4508-b7b1-b3ab65dfa8d7,4db9c563-840d-4a30-8716-d41c1c4c3c68,2026-02-03 06:57:39.238379+00
dfaf2e6f-6f24-4508-b7b1-b3ab65dfa8d7,7b260c79-e92b-4a40-9596-3d9e088a9705,2026-02-03 06:57:39.238379+00
dfaf2e6f-6f24-4508-b7b1-b3ab65dfa8d7,99bf123f-a9be-443d-9edd-72bcf7441862,2026-02-03 06:57:39.238379+00
e173ce10-aa35-49f0-924f-ada25b129105,07300655-fe7e-436d-8810-2b3bd2e3f2b2,2026-02-03 07:03:14.023732+00
e173ce10-aa35-49f0-924f-ada25b129105,7b260c79-e92b-4a40-9596-3d9e088a9705,2026-02-03 07:03:14.023732+00
e173ce10-aa35-49f0-924f-ada25b129105,99bf123f-a9be-443d-9edd-72bcf7441862,2026-02-03 07:03:14.023732+00
e624348e-a60e-499f-a484-37b7308ed76a,1e6443d9-3588-4ae6-8b6d-fcd95467551c,2026-01-25 23:24:00.994658+00
e624348e-a60e-499f-a484-37b7308ed76a,2c296e25-c22f-4188-ac78-b76de6bd7091,2026-01-25 23:24:00.994658+00
e624348e-a60e-499f-a484-37b7308ed76a,b90bf572-5921-40aa-89de-c53d9038c405,2026-01-25 23:24:00.994658+00
e73704e1-6dee-4828-bb1f-921e02d7bd1b,7b260c79-e92b-4a40-9596-3d9e088a9705,2026-01-25 23:24:00.994658+00
e73704e1-6dee-4828-bb1f-921e02d7bd1b,b90bf572-5921-40aa-89de-c53d9038c405,2026-01-25 23:24:00.994658+00
e823b2aa-efe0-4580-9a59-67831caf6712,7b260c79-e92b-4a40-9596-3d9e088a9705,2026-02-03 01:23:51.798476+00
e823b2aa-efe0-4580-9a59-67831caf6712,b57f2fd0-43b7-43a0-952b-3a07648676a1,2026-02-03 01:23:51.798476+00
e823b2aa-efe0-4580-9a59-67831caf6712,b90bf572-5921-40aa-89de-c53d9038c405,2026-02-03 01:23:51.798476+00
e823b2aa-efe0-4580-9a59-67831caf6712,bdd9c9cd-c2c6-4592-a95b-338e965395aa,2026-02-03 01:23:51.798476+00
e879ffd2-b841-411b-95bb-9e0a7d11f2b6,99bf123f-a9be-443d-9edd-72bcf7441862,2026-01-25 23:24:00.994658+00
e879ffd2-b841-411b-95bb-9e0a7d11f2b6,d044500c-04e7-423c-8ea7-a30529ef5b02,2026-01-25 23:24:00.994658+00
e879ffd2-b841-411b-95bb-9e0a7d11f2b6,df147e05-19f6-49bf-9fa3-ef8ab5a8114c,2026-01-25 23:24:00.994658+00
e98e650d-c26b-4416-ab21-e5f35c8f4742,7b260c79-e92b-4a40-9596-3d9e088a9705,2026-01-25 23:24:00.994658+00
e98e650d-c26b-4416-ab21-e5f35c8f4742,99bf123f-a9be-443d-9edd-72bcf7441862,2026-01-25 23:24:00.994658+00
e98e650d-c26b-4416-ab21-e5f35c8f4742,bdd9c9cd-c2c6-4592-a95b-338e965395aa,2026-01-25 23:24:00.994658+00
ed5e3e9f-4d54-462a-bf53-43a7cc6dd595,99bf123f-a9be-443d-9edd-72bcf7441862,2026-01-25 23:24:00.994658+00
ed5e3e9f-4d54-462a-bf53-43a7cc6dd595,b18fd99c-7028-4132-9e7a-dad69132142e,2026-01-25 23:24:00.994658+00
ed5e3e9f-4d54-462a-bf53-43a7cc6dd595,df147e05-19f6-49bf-9fa3-ef8ab5a8114c,2026-01-25 23:24:00.994658+00
ee477c9c-a805-436e-b9e4-dfa7e8db61de,2c296e25-c22f-4188-ac78-b76de6bd7091,2026-01-26 03:50:00.880157+00
ee477c9c-a805-436e-b9e4-dfa7e8db61de,99bf123f-a9be-443d-9edd-72bcf7441862,2026-01-26 03:50:00.880157+00
ee477c9c-a805-436e-b9e4-dfa7e8db61de,b90bf572-5921-40aa-89de-c53d9038c405,2026-01-26 03:50:00.880157+00
ee5034a7-51a9-411e-935d-b060d1815cf5,07300655-fe7e-436d-8810-2b3bd2e3f2b2,2026-02-03 06:59:35.915479+00
eec769e9-a56b-49d1-9d30-fe62a8e05b1d,07300655-fe7e-436d-8810-2b3bd2e3f2b2,2026-01-25 23:24:00.994658+00
eec769e9-a56b-49d1-9d30-fe62a8e05b1d,1486659e-aa74-4228-a2f0-4faaa9af3129,2026-01-25 23:24:00.994658+00
eec769e9-a56b-49d1-9d30-fe62a8e05b1d,2c296e25-c22f-4188-ac78-b76de6bd7091,2026-01-25 23:24:00.994658+00
eef51c92-1567-4bed-a176-68e85a7867aa,a37a65a5-1a39-4c16-8842-6475f178af2c,2026-01-28 04:23:33.145987+00
f110548e-a0f9-4ea5-bfdc-47d93316fd89,7b260c79-e92b-4a40-9596-3d9e088a9705,2026-01-25 23:24:00.994658+00
f110548e-a0f9-4ea5-bfdc-47d93316fd89,99bf123f-a9be-443d-9edd-72bcf7441862,2026-01-25 23:24:00.994658+00
f4a34286-f03b-4c0e-b512-8cec688eebcb,1e6443d9-3588-4ae6-8b6d-fcd95467551c,2026-01-25 23:24:00.994658+00
f4a34286-f03b-4c0e-b512-8cec688eebcb,99bf123f-a9be-443d-9edd-72bcf7441862,2026-01-25 23:24:00.994658+00
f4a34286-f03b-4c0e-b512-8cec688eebcb,b90bf572-5921-40aa-89de-c53d9038c405,2026-01-25 23:24:00.994658+00
f4a34286-f03b-4c0e-b512-8cec688eebcb,df147e05-19f6-49bf-9fa3-ef8ab5a8114c,2026-01-25 23:24:00.994658+00
f9715383-787a-419b-b97a-30248001659c,99bf123f-a9be-443d-9edd-72bcf7441862,2026-01-27 22:27:06.230084+00
f9715383-787a-419b-b97a-30248001659c,b90bf572-5921-40aa-89de-c53d9038c405,2026-01-27 22:27:06.230084+00
f9715383-787a-419b-b97a-30248001659c,d044500c-04e7-423c-8ea7-a30529ef5b02,2026-01-27 22:27:06.230084+00
fb9e638c-c71b-473a-bd22-202924ba3c64,07300655-fe7e-436d-8810-2b3bd2e3f2b2,2026-02-03 06:56:38.399008+00
fb9e638c-c71b-473a-bd22-202924ba3c64,21994ac5-1736-4efd-9b7f-97d303540606,2026-02-03 06:56:38.399008+00
fb9e638c-c71b-473a-bd22-202924ba3c64,7b260c79-e92b-4a40-9596-3d9e088a9705,2026-02-03 06:56:38.399008+00
fba8b66b-8e4a-42b2-afbc-d2d59f95c2ad,b18fd99c-7028-4132-9e7a-dad69132142e,2026-01-25 23:24:00.994658+00
fba8b66b-8e4a-42b2-afbc-d2d59f95c2ad,df147e05-19f6-49bf-9fa3-ef8ab5a8114c,2026-01-25 23:24:00.994658+00
fbb55cf9-7f1c-429e-8852-b43684e3ac46,7b260c79-e92b-4a40-9596-3d9e088a9705,2026-01-28 04:23:17.907459+00
fd2d6a40-d45f-4456-b4dc-4c0f3ffc951e,1e6443d9-3588-4ae6-8b6d-fcd95467551c,2026-01-25 23:24:00.994658+00
fd2d6a40-d45f-4456-b4dc-4c0f3ffc951e,2c296e25-c22f-4188-ac78-b76de6bd7091,2026-01-25 23:24:00.994658+00
fd2d6a40-d45f-4456-b4dc-4c0f3ffc951e,b90bf572-5921-40aa-89de-c53d9038c405,2026-01-25 23:24:00.994658+00
fd41cbd7-bfc1-43cd-ac95-75278c646240,2c296e25-c22f-4188-ac78-b76de6bd7091,2026-01-25 23:24:00.994658+00
fd41cbd7-bfc1-43cd-ac95-75278c646240,7b260c79-e92b-4a40-9596-3d9e088a9705,2026-01-25 23:24:00.994658+00
fd41cbd7-bfc1-43cd-ac95-75278c646240,b90bf572-5921-40aa-89de-c53d9038c405,2026-01-25 23:24:00.994658+00
fd8f0877-6f8f-45ae-98fd-af04061d2e69,07300655-fe7e-436d-8810-2b3bd2e3f2b2,2026-01-25 23:24:00.994658+00
fd8f0877-6f8f-45ae-98fd-af04061d2e69,21994ac5-1736-4efd-9b7f-97d303540606,2026-01-25 23:24:00.994658+00
fe154e91-3eb4-43cb-8ccb-2e871413b094,1e6443d9-3588-4ae6-8b6d-fcd95467551c,2026-01-25 23:24:00.994658+00
fe154e91-3eb4-43cb-8ccb-2e871413b094,2c296e25-c22f-4188-ac78-b76de6bd7091,2026-01-25 23:24:00.994658+00
fe154e91-3eb4-43cb-8ccb-2e871413b094,99bf123f-a9be-443d-9edd-72bcf7441862,2026-01-25 23:24:00.994658+00
fe154e91-3eb4-43cb-8ccb-2e871413b094,b90bf572-5921-40aa-89de-c53d9038c405,2026-01-25 23:24:00.994658+00
fefa3d55-9d9d-4579-ae85-1e44b88f5da3,1e6443d9-3588-4ae6-8b6d-fcd95467551c,2026-01-25 23:24:00.994658+00
fefa3d55-9d9d-4579-ae85-1e44b88f5da3,2c296e25-c22f-4188-ac78-b76de6bd7091,2026-01-25 23:24:00.994658+00
fefa3d55-9d9d-4579-ae85-1e44b88f5da3,b90bf572-5921-40aa-89de-c53d9038c405,2026-01-25 23:24:00.994658+00