id,created_at,tmdb_id,imdb_id,title,release_year,runtime_minutes,mpa_rating,is_series,poster_path
00b7dbb0-6cf9-4e57-b282-677f3e8cd253,2026-01-19 19:50:47.692051+00,13475,tt0796366,Star Trek,2009,127,PG-13,false,/hN2ZtF3Uw6mhIHZiqL0SKzELtKn.jpg
01be80c1-03c8-415d-a8b6-7b7d9d045047,2026-01-17 23:20:44.521176+00,641,tt0180093,Requiem for a Dream,2000,102,NR,false,/nOd6vjEmzCT0k4VYqsA2hwyi87C.jpg
06a198e8-39fa-4b4c-a96b-ba2fbc71c78e,2026-01-17 22:43:24.075163+00,181886,tt2316411,Enemy,2014,91,R,false,/vf40tyDRKZsBmaLsYeopzfFLzLx.jpg
088e116f-839e-41d1-8305-110ca0059eb5,2026-01-18 01:16:50.182961+00,956,tt0317919,Mission: Impossible III,2006,126,PG-13,false,/vKGYCpmQyV9uHybWDzXuII8Los5.jpg
0975c319-f728-4597-ac7a-a73c9e82bebf,2026-01-18 00:39:56.085316+00,10191,tt0892769,How to Train Your Dragon,2010,98,PG,false,/ygGmAO60t8GyqUo9xYeYxSZAR3b.jpg
0c9a8a0c-a4bd-4aa6-b79c-deb406a2f80f,2026-01-17 23:24:13.020503+00,7305,tt0106246,Alive,1993,127,R,false,/uQACcCZqd7WCTRin9xRIW5gr1bd.jpg
0d06b4e2-1520-4a4f-9190-8a80295d9722,2026-01-17 22:33:33.691749+00,146233,tt1392214,Prisoners,2013,153,R,false,/jsS3a3ep2KyBVmmiwaz3LvK49b1.jpg
0da00b7c-696c-4151-81e1-99e1730ce913,2026-01-19 19:57:51.654934+00,1858,tt0418279,Transformers,2007,144,PG-13,false,/4N4sipl8T72tNE4earcctQa2Kw2.jpg
0f7ef0be-975a-4229-ba13-a0c779769467,2026-01-17 23:00:21.329167+00,10494,tt0156887,Perfect Blue,1998,82,R,false,/6WTiOCfDPP8XV4jqfloiVWf7KHq.jpg
0fc4294e-a739-432e-8e4d-5b11921b9af4,2026-01-19 20:45:22.008625+00,177572,tt2245084,Big Hero 6,2014,102,PG,false,/2mxS4wUimwlLmI1xp6QW6NSU361.jpg
0fde2bf0-140f-4e1f-b328-369c5e6698da,2026-02-03 07:02:45.619252+00,87502,tt1907668,Flight,2012,138,R,false,/tFsHDNclXoCKy2xMxskzXXMaFJS.jpg
102f5c16-fe8f-4c45-a976-98fed55eb976,2026-01-17 21:16:52.175224+00,1895,tt0121766,Star Wars: Episode III - Revenge of the Sith,2005,140,PG-13,false,/xfSAoBEm9MNBjmlNcDYLvLSMlnq.jpg
11e72916-1821-4132-af14-05f62f48f61b,2026-02-03 06:55:09.11718+00,13466,tt0132477,October Sky,1999,108,PG,false,/1weUnrWqESWoLzMgSs64jd4GEwY.jpg
13167567-f10a-4b1d-a5de-17b2812e400c,2026-01-19 21:01:23.643882+00,51876,tt1219289,Limitless,2011,106,PG-13,false,/kCokPP4WCQRrrAuZ7FcpIyHr8b2.jpg
13cef6f5-f645-4463-920b-e9150e66fc52,2026-02-03 06:55:23.257887+00,78,tt0083658,Blade Runner,1982,118,R,false,/63N9uy8nd9j7Eog2axPQ8lbr3Wj.jpg
153e220b-1af7-46e5-bb92-7be4975826fd,2026-01-19 20:44:31.598736+00,155,tt0468569,The Dark Knight,2008,152,PG-13,false,/qJ2tW6WMUDux911r6m7haRef0WH.jpg
16d53720-c0a6-456b-b41e-f921101768a7,2026-01-17 22:45:45.270515+00,68722,tt1560747,The Master,2012,137,R,false,/rUSjbyvYWN9H4az8xt0tDtU7I6v.jpg
18448708-afde-4994-a0b4-a0e01ed2a3ab,2026-01-19 19:52:34.525401+00,54138,tt1408101,Star Trek Into Darkness,2013,132,PG-13,false,/Aim3kVNh1MPIxPEFeJrl9e9Uf1a.jpg
197021d8-e81e-4a97-a23b-e0f8c8e0cee5,2026-02-03 07:00:09.557913+00,289,tt0034583,Casablanca,1943,103,PG,false,/lGCEKlJo2CnWydQj7aamY7s1S7Q.jpg
1adaa710-002b-4210-a8a2-4391b0454e47,2026-01-19 20:27:15.342088+00,36557,tt0381061,Casino Royale,2006,144,PG-13,false,/lMrxYKKhd4lqRzwUHAy5gcx9PSO.jpg
1b9da9ea-7cf3-4717-a1ab-3fd909e361fa,2026-01-19 21:03:35.050321+00,640,tt0264464,Catch Me If You Can,2002,141,PG-13,false,/ctjEj2xM32OvBXCq8zAdK3ZrsAj.jpg
1bcac2d7-0dd3-440f-b590-e55f26af7436,2026-01-17 23:14:37.810329+00,62,tt0062622,2001: A Space Odyssey,1968,149,G,false,/ve72VxNqjGM69Uky4WTo2bK6rfq.jpg
1cb983bd-3509-4bac-88b7-f2c5e82ea663,2026-01-30 01:41:17.081383+00,299536,tt4154756,Avengers: Infinity War,2018,149,PG-13,false,/7WsyChQLEftFiDOVTGkv3hFpyyt.jpg
1e45b8b3-f64a-4172-9d54-b429faef40fa,2026-01-19 07:55:06.597069+00,238,tt0068646,The Godfather,1972,175,R,false,/3bhkrj58Vtu7enYsRolD1fZdja1.jpg
2114141d-0570-4436-8d61-84bf9abdb074,2026-01-17 22:47:11.40282+00,438631,tt1160419,Dune,2021,155,PG-13,false,/d5NXSklXo0qyIYkgV94XAgMIckC.jpg
2164d4f8-1c62-4681-b0e3-486110f2fbfa,2026-01-17 22:51:36.240937+00,1138194,tt28015403,Heretic,2024,111,R,false,/fr96XzlzsONrQrGfdLMiwtQjott.jpg
217ac67a-f242-4f8f-8818-08e111415b08,2026-01-19 20:02:22.844634+00,335988,tt3371366,Transformers: The Last Knight,2017,154,PG-13,false,/s5HQf2Gb3lIO2cRcFwNL9sn1o1o.jpg
21f2ab21-8a18-4326-96d5-ef12745dabee,2026-01-19 20:21:23.46433+00,122,tt0167260,The Lord of the Rings: The Return of the King,2003,201,PG-13,false,/rCzpDGLbOoPwLjy3OAm5NUPOTrC.jpg
27ef9d2b-f6d4-47a5-b780-9cb30b019fe6,2026-01-19 20:07:53.676873+00,117,tt0094226,The Untouchables,1987,119,R,false,/8BquGK22zCcsmBWiaIakaaPpSZb.jpg
287fda16-1928-42ad-953b-7dd02793b1eb,2026-01-17 20:57:18.513929+00,520763,tt8332922,A Quiet Place Part II,2021,96,PG-13,false,/4q2hz2m8hubgvijz8Ez0T2Os2Yv.jpg
28ca88fe-f94b-4a40-9afd-d94fa284178b,2026-01-17 23:12:17.080897+00,507086,tt8041270,Jurassic World Dominion,2022,147,PG-13,false,/jbAvCACjLf1ZG0unB2tdmx5HAf1.jpg
2b4da692-3217-4414-9e0d-50513fb7d436,2026-01-17 23:08:53.430403+00,157336,tt0816692,Interstellar,2014,169,PG-13,false,/gEU2QniE6E77NI6lCU6MxlNBvIx.jpg
2b8fe9cd-7791-493d-a83f-6f04005fda88,2026-02-04 03:42:16.961877+00,567748,tt9421570,The Guilty,2021,91,R,false,/m8aR1k35oZMOzZ1kYWUyt401mwq.jpg
2d00a912-602b-4c7b-bd95-1bc2968f326e,2026-02-03 07:00:43.621955+00,2284,tt0457419,Mr. Magorium's Wonder Emporium,2007,93,G,false,/rdFgWATSVhhFtNYZUFsGcHzltcG.jpg
2eb7bb02-48d6-4397-a8b7-4080862efc4e,2026-01-19 20:47:10.126826+00,580489,tt7097896,Venom: Let There Be Carnage,2021,97,PG-13,false,/pzKsRuKLFmYrW5Q0q8E8G78Tcgo.jpg
2ed9292d-0258-45be-b04e-e412b74abc0a,2026-01-17 22:24:37.923838+00,11,tt0076759,Star Wars,1977,121,PG,false,/6FfCtAuVAW8XJjZ7eWeLibRLWTw.jpg
2f7965cd-58cc-4394-9627-2bba582eb772,2026-01-19 20:11:18.849714+00,744653,tt12001534,The Thursday Murder Club,2025,118,PG-13,false,/jbnazCHr8S2l2glyvjPTpa4NbEw.jpg
2fb1e8f9-8e88-4a09-b17f-ecec21024bcd,2026-02-03 06:59:05.808978+00,68718,tt1853728,Django Unchained,2012,165,R,false,/7oWY8VDWW7thTzWh3OKYRkWUlD5.jpg
34f7bbb1-80d3-4cce-9171-ffe15e8c374e,2026-01-18 01:22:41.584467+00,56292,tt1229238,Mission: Impossible - Ghost Protocol,2011,133,PG-13,false,/eRZTGx7GsiKqPch96k27LK005ZL.jpg
3a25b4a4-35c9-4143-a33b-67578b394c41,2026-01-17 21:00:23.999685+00,399057,tt5715874,The Killing of a Sacred Deer,2017,121,R,false,/e4DGlsc9g0h5AyoyvvAuIRnofN7.jpg
3a9e3d9a-c33b-48f6-aeb6-c8ebf272727a,2026-01-19 21:07:03.974701+00,1137350,tt30840798,The Phoenician Scheme,2025,102,PG-13,false,/u2jxeYLXTYfu0bqJmnLGIgZswib.jpg
3c0b42b1-c63b-4721-80d9-dde309096411,2026-02-03 07:02:20.160695+00,542178,tt8847712,"The French Dispatch of the Liberty, Kansas Evening Sun",2021,108,R,false,/6JXR3KJH5roiBCjWFt09xfgxHZc.jpg
3cd2e735-a7b3-4ae2-b968-6b3eb081066e,2026-01-19 20:46:23.654685+00,335983,tt1270797,Venom,2018,112,PG-13,false,/2uNW4WbgBXL25BAbXGLnLqX71Sw.jpg
3dbc0fa6-acbe-407d-94e7-b83f483a5a25,2026-01-19 19:49:25.685886+00,575264,tt9603212,Mission: Impossible - Dead Reckoning Part One,2023,164,PG-13,false,/NNxYkU70HPurnNCSiCjYAmacwm.jpg
3e69e1bc-90ae-4c08-9496-b70c75b7d523,2026-01-17 22:27:31.743774+00,1892,tt0086190,Return of the Jedi,1983,132,PG,false,/jQYlydvHm3kUix1f8prMucrplhm.jpg
3ef80d20-7a96-43d9-a241-048113e8beaf,2026-01-19 20:59:59.783992+00,335984,tt1856101,Blade Runner 2049,2017,164,R,false,/gajva2L0rPYkEWjzgFlBXCAVBE5.jpg
3f5ee6dd-e3fd-4e84-8269-1ff8a8a8c735,2026-01-17 22:53:04.83797+00,1241436,tt31434639,Warfare,2025,95,R,false,/srj9rYrjefyWqkLc6l2xjTGeBGO.jpg
400cf67b-aec6-4345-964f-e4ad676d4d72,2026-01-19 20:18:30.054283+00,120,tt0120737,The Lord of the Rings: The Fellowship of the Ring,2001,179,PG-13,false,/6oom5QYQ2yQTMJIbnvbkBL9cHo6.jpg
417f300b-0eda-4911-98b2-ea2b3edb85bf,2026-02-03 06:53:38.344091+00,107,tt0208092,Snatch,2000,103,R,false,/kJZoAHq1SLDdWjeNGtlHAnGpmFV.jpg
41ed2834-1748-4b37-a748-7965ba021030,2026-02-03 07:02:01.646421+00,515001,tt2584384,Jojo Rabbit,2019,108,PG-13,false,/7GsM4mtM0worCtIVeiQt28HieeN.jpg
433ae44f-0591-4b36-b10b-3e5ad96d3f61,2026-01-19 21:04:21.382475+00,49026,tt1345836,The Dark Knight Rises,2012,165,PG-13,false,/hr0L2aueqlP2BYUblTTjmtn0hw4.jpg
439729aa-1170-4427-8cf8-eca8c7cfb3e5,2026-01-19 20:43:25.175496+00,285,tt0449088,Pirates of the Caribbean: At World's End,2007,169,PG-13,false,/jGWpG4YhpQwVmjyHEGkxEkeRf0S.jpg
440c47eb-f600-4a36-aef5-dd9d4b8a32cb,2026-01-17 22:36:14.942305+00,9472,tt0364725,DodgeBall: A True Underdog Story,2004,92,PG-13,false,/r8KbNHkkwFXLjV1suGwm0Qjure5.jpg
4457c943-a504-4eb7-9e0a-6377810eba0e,2026-02-03 06:54:56.078207+00,168672,tt1800241,American Hustle,2013,138,R,false,/z6O1KDhfWDTm5ZBr6Ovr0eg8LqO.jpg
45881880-57dd-4495-8501-6158f3db170e,2026-01-17 21:15:07.74277+00,1894,tt0121765,Star Wars: Episode II - Attack of the Clones,2002,142,PG,false,/oZNPzxqM2s5DyVWab09NTQScDQt.jpg
45c1bb98-05b6-4498-b083-55aa2fccdd45,2026-01-19 20:37:44.711292+00,6977,tt0477348,No Country for Old Men,2007,122,R,false,/6d5XOczc226jECq0LIX0siKtgHR.jpg
461d01a3-28e3-4b0b-b09c-cb2649c2b574,2026-01-17 22:30:37.479479+00,181812,tt2527338,Star Wars: The Rise of Skywalker,2019,142,PG-13,false,/db32LaOibwEliAmSL2jjDF6oDdj.jpg
46cd7820-d43b-4714-8fc2-a082f8205a44,2026-02-03 07:01:08.143969+00,14574,tt0914798,The Boy in the Striped Pyjamas,2008,94,PG-13,false,/sLwYSEVVV3r047cjrpRAbGgNsfL.jpg
47506a65-e2c2-4aaf-b9f4-1354b2a104b6,2026-01-17 23:26:09.404198+00,646380,tt11286314,Don't Look Up,2021,138,R,false,/th4E1yqsE8DGpAseLiUrI60Hf8V.jpg
476140dd-1186-4b00-a50a-e93ecc45d746,2026-02-03 06:55:34.309873+00,369972,tt1213641,First Man,2018,141,PG-13,false,/i91mfvFcPPlaegcbOyjGgiWfZzh.jpg
48154403-8503-4b35-a477-9d11c95aba00,2026-01-17 21:01:33.867594+00,1893,tt0120915,Star Wars: Episode I - The Phantom Menace,1999,136,PG,false,/6wkfovpn7Eq8dYNKaG5PY3q2oq6.jpg
49de1947-0763-4c40-b2b9-380e46d43341,2026-01-19 20:48:32.794079+00,205,tt0395169,Hotel Rwanda,2004,122,PG-13,false,/p3pHw85UMZPegfMZBA6dZ06yarm.jpg
4ca71b70-34c9-464e-a98d-52d4bde1e374,2026-01-19 20:39:28.178431+00,840326,tt14846026,Sisu,2022,91,R,false,/ygO9lowFMXWymATCrhoQXd6gCEh.jpg
4d88cef1-fd59-4735-8e3f-ae66f39e291e,2026-01-19 20:23:16.860661+00,343668,tt4649466,Kingsman: The Golden Circle,2017,141,R,false,/34xBL6BXNYFqtHO9zhcgoakS4aP.jpg
4f1a0ff1-b317-4867-b621-5ebde72d812b,2026-01-19 20:53:43.33537+00,629,tt0114814,The Usual Suspects,1995,106,R,false,/99X2SgyFunJFXGAYnDv3sb9pnUD.jpg
4f86ddf6-aa04-4f00-b7ae-0dd101677825,2026-02-03 06:54:23.037596+00,11969,tt0108358,Tombstone,1993,130,R,false,/wGFCvylul8iEQhJOKfwZGGvXMzA.jpg
50181bee-6af5-44fc-a899-48ba33d6e12e,2026-01-19 20:04:27.399068+00,9602,tt0094898,Coming to America,1988,117,R,false,/8YZiA1o264dk0cr1USyMdph6SZl.jpg
50644cc9-1d2d-49c4-94d8-6fca5ef267c5,2026-01-19 20:31:33.467107+00,37724,tt1074638,Skyfall,2012,143,PG-13,false,/d0IVecFQvsGdSbnMAHqiYsNYaJT.jpg
51982468-6f17-422e-bf95-be99861437db,2026-01-19 20:07:07.084138+00,558449,tt9218128,Gladiator II,2024,148,R,false,/2cxhvwyEwRlysAmRH4iodkvo0z5.jpg
52c0b4ee-ea55-481d-9985-15523d7360ae,2026-01-19 19:56:27.811422+00,45317,tt0964517,The Fighter,2010,116,R,false,/xfsFerGhO1h6rLk8vwLgMyQ8WVJ.jpg
52c444b4-8ce2-4915-b1c9-1e8ec5efa052,2026-01-18 00:41:24.981352+00,4421,tt0119173,G.I. Jane,1997,125,R,false,/6yBgZJYqaR4XkxwjsB9tS4GK1ZN.jpg
55da6e1f-fafb-4e65-893e-963a2eae2fd1,2026-01-17 23:06:38.250028+00,141,tt0246578,Donnie Darko,2001,114,R,false,/fhQoQfejY1hUcwyuLgpBrYs6uFt.jpg
58baaeb5-d63a-4539-8603-6545500bc202,2026-02-03 06:56:11.631587+00,2616,tt0098554,Uncle Buck,1989,100,PG,false,/euWPWqpujKQg2KnfBUVkBSZ6kf4.jpg
590b97b6-86a9-476a-b64b-4bc308ee9a0d,2026-01-19 20:38:30.805503+00,1054867,tt30144839,One Battle After Another,2025,162,R,false,/m1jFoahEbeQXtx4zArT2FKdbNIj.jpg
59f0c4ba-17e1-4f67-9183-cf44114d2928,2026-01-17 22:57:30.533228+00,110415,tt1706620,Snowpiercer,2013,127,R,false,/kw6YQudA0TMcNmGUGy5XIw7zbnV.jpg
5ac1f6da-e511-40a1-82a1-273e794dd0eb,2026-02-03 06:58:48.605604+00,334541,tt4034228,Manchester by the Sea,2016,138,R,false,/o9VXYOuaJxCEKOxbA86xqtwmqYn.jpg
5ae07954-45c3-43b1-ae5a-d2aba1c1ef76,2026-01-19 20:03:20.184143+00,667538,tt5090568,Transformers: Rise of the Beasts,2023,127,PG-13,false,/gPbM0MK8CP8A174rmUwGsADNYKD.jpg
5b5e24b0-5cf8-4d62-9e8b-5c063bad442a,2026-01-29 05:37:20.809324+00,235,tt0092005,Stand by Me,1986,89,R,false,/vz0w9BSehcqjDcJOjRaCk7fgJe7.jpg
5d967040-0b79-41a5-9e26-81d4ae4306bb,2026-01-17 23:19:57.53934+00,1078605,tt26581740,Weapons,2025,129,R,false,/cpf7vsRZ0MYRQcnLWteD5jK9ymT.jpg
5fab6e44-6ff8-4fdb-92b3-e1b7c9e40531,2026-01-17 23:18:39.039222+00,137,tt0107048,Groundhog Day,1993,101,PG,false,/gCgt1WARPZaXnq523ySQEUKinCs.jpg
60e44e6f-8b8e-475f-b854-5630c06d2db7,2026-02-04 06:28:35.605305+00,72105,tt1637725,Ted,2012,107,R,false,/tZPTcdGTpxq4yJx1YxqBl0gthNz.jpg
62d45fa9-b876-4964-a51b-d853e8ac2e88,2026-01-19 21:10:08.980056+00,263115,tt3315342,Logan,2017,137,R,false,/fnbjcRDYn6YviCcePDnGdyAkYsB.jpg
640d0cf1-4b39-471b-a162-2ebf72917bdd,2026-01-19 20:10:27.800409+00,329865,tt2543164,Arrival,2016,116,PG-13,false,/iQBIXJprC8AN7Jwx7aOI0gPUqff.jpg
653e9b9f-f967-4cce-acbc-1a1d95edc8d7,2026-01-19 20:30:21.135168+00,10764,tt0830515,Quantum of Solace,2008,106,PG-13,false,/e3DXXLJHGqMx9yYpXsql1XNljmM.jpg
6547197e-15bb-4224-b488-6bb9636ebd08,2026-01-17 20:58:40.462567+00,762441,tt13433802,A Quiet Place: Day One,2024,100,PG-13,false,/hU42CRk14JuPEdqZG3AWmagiPAP.jpg
68a2908a-f5b9-4ce6-b292-1ee57feb6425,2026-01-19 19:53:22.71225+00,188927,tt2660888,Star Trek Beyond,2016,122,PG-13,false,/m7SHlvcGfCkbzk2xP7XHDOI6o93.jpg
69edb519-f185-4c8f-99e9-28125cdf91be,2026-01-19 20:23:59.594486+00,476669,tt6856242,The King's Man,2021,131,R,false,/iMjSfMUuCkCE7z5fzGtjeDusPD3.jpg
6b0c7be6-1c00-4fd5-9bcc-1c8bf7245f3b,2026-01-19 19:54:23.206155+00,9654,tt0317740,The Italian Job,2003,110,PG-13,false,/eSkjK4kctyrWpFhxl35GPvSs6tI.jpg
6c7ded31-d2ad-4080-b25b-5ac6bc7ddbf2,2026-01-19 20:12:16.600833+00,109424,tt1535109,Captain Phillips,2013,134,PG-13,false,/8Td0kkocW6sD3uRpzwfMfkqMWhx.jpg
6d634705-aa97-454e-8b00-e7c1e9a60cce,2026-01-19 19:47:08.877621+00,177677,tt2381249,Mission: Impossible - Rogue Nation,2015,131,PG-13,false,/fRJLXQBHK2wyznK5yZbO7vmsuVK.jpg
6d947656-3052-4a37-a443-1207b4201ed8,2026-01-19 20:50:26.388498+00,269149,tt2948356,Zootopia,2016,109,PG,false,/hlK0e0wAQ3VLuJcsfIYPvb4JVud.jpg
6f585593-0117-4536-a00d-47b4579e3985,2026-01-17 23:08:09.856445+00,85,tt0082971,Raiders of the Lost Ark,1981,115,PG,false,/ceG9VzoRAVGwivFU403Wc3AHRys.jpg
6fdf387b-9aab-4c9a-8685-f7c142f2cc61,2026-01-17 22:56:44.64013+00,7446,tt0942385,Tropic Thunder,2008,107,R,false,/zAurB9mNxfYRoVrVjAJJwGV3sPg.jpg
707e6925-5c81-4c7b-a649-9ef9131b82f8,2026-01-17 22:45:04.330279+00,340666,tt4550098,Nocturnal Animals,2016,116,R,false,/mdLDgQBD0va09npSQX5Zgo2evXM.jpg
71454d40-1dcd-4c00-985b-adf7b73730fc,2026-01-17 22:29:41.567199+00,181808,tt2527336,Star Wars: The Last Jedi,2017,152,PG-13,false,/kOVEVeg59E0wsnXmF9nrh6OmWII.jpg
727ef721-867c-4d98-aa19-86703984542c,2026-01-28 06:09:45.821505+00,489,tt0119217,Good Will Hunting,1997,127,R,false,/z2FnLKpFi1HPO7BEJxdkv6hpJSU.jpg
72c665a5-4c8a-45ad-baf1-4ae527ce1f7d,2026-02-03 07:02:57.246712+00,60308,tt1210166,Moneyball,2011,134,PG-13,false,/4yIQq1e6iOcaZ5rLDG3lZBP3j7a.jpg
731a959e-cd03-4adc-8629-8896baa5909b,2026-01-19 21:11:22.402496+00,527660,tt8949056,"Yes, God, Yes",2020,78,R,false,/69SYznq2mSbgKyQF3QHYwblmqAk.jpg
75432010-a4c9-4eda-b684-46e0e90ecd8a,2026-01-19 20:58:13.199572+00,558,tt0316654,Spider-Man 2,2004,127,PG-13,false,/eg8XHjA7jkM3ulBLnfGTczR9ytI.jpg
76ca80e8-0c4f-4501-85ed-2ee572d738f1,2026-01-17 22:48:48.672872+00,693134,tt15239678,Dune: Part Two,2024,167,PG-13,false,/1pdfLvkbY9ohJlCjQH2CZjjYVvJ.jpg
780bec16-607f-4442-8cfb-c379309499d5,2026-02-08 09:38:59.408924+00,70160,tt1392170,The Hunger Games,2012,142,PG-13,false,/yXCbOiVDCxO71zI7cuwBRXdftq8.jpg
78380afb-5b46-4794-9f5a-2b828fae3769,2026-01-19 20:26:21.613275+00,718930,tt12593682,Bullet Train,2022,126,R,false,/j8szC8OgrejDQjjMKSVXyaAjw3V.jpg
783a3f78-da67-4bd0-9b8f-20c9cffcdf73,2026-01-17 22:46:24.823055+00,203801,tt1638355,The Man from U.N.C.L.E.,2015,116,PG-13,false,/y5yZaForGSJbPD66Cvq9AT5WMAD.jpg
79375f44-d1aa-4801-8d57-6369b79c5b4d,2026-01-19 20:34:35.392197+00,120467,tt2278388,The Grand Budapest Hotel,2014,100,R,false,/eWdyYQreja6JGCzqHWXpWHDrrPo.jpg
79a46b44-80af-4d51-a97c-e7dcbb02b9a7,2026-01-17 20:56:16.3741+00,447332,tt6644200,A Quiet Place,2018,91,PG-13,false,/nAU74GmpUk7t5iklEp3bufwDq4n.jpg
79b1358f-b9be-401a-a1dc-c17ae9c683df,2026-01-19 20:01:35.448272+00,91314,tt2109248,Transformers: Age of Extinction,2014,165,PG-13,false,/jyzrfx2WaeY60kYZpPYepSjGz4S.jpg
7bd54cd1-a308-461c-b487-82b38e7a4953,2026-01-19 20:24:48.497448+00,1061474,tt5950044,Superman,2025,130,PG-13,false,/wPLysNDLffQLOVebZQCbXJEv6E6.jpg
7c912c4e-888c-4637-a9ed-01a249f45f49,2026-01-17 23:05:07.61825+00,274,tt0102926,The Silence of the Lambs,1991,119,R,false,/uS9m8OBk1A8eM9I042bx8XXpqAq.jpg
7d7d77ad-8ce0-4da0-a2a6-6aa75037ad54,2026-01-19 20:32:22.800631+00,206647,tt2379713,Spectre,2015,148,PG-13,false,/zj8ongFhtWNsVlfjOGo8pSr7PQg.jpg
802365eb-b696-4f07-95f6-8f28dea88dd0,2026-01-19 20:47:50.257354+00,912649,tt16366836,Venom: The Last Dance,2024,109,PG-13,false,/1RaSkWakWBxxYOWRrqmwo2my5zg.jpg
80be6c74-4024-43a6-9ac2-330b04841a19,2026-01-17 22:41:47.434532+00,1265,tt0398808,Bridge to Terabithia,2007,95,PG,false,/3xFxGodKPMFLheS8rujFSmLfcq4.jpg
81a61028-36ae-4cfc-b9c1-871aa621f24f,2026-01-17 23:24:45.746913+00,82693,tt1045658,Silver Linings Playbook,2012,122,R,false,/wfgRhxfkA5rNPLMVhOCGJHREHJb.jpg
82d99b16-18e6-4d75-b06c-7dfcae66fae2,2026-02-03 06:56:25.489368+00,11974,tt0096734,The 'Burbs,1989,102,PG,false,/jwYKzJS0C3A711hmg1G4ptI0InF.jpg
88a10c9c-3b04-4d8e-a9f9-ab793a237c8a,2026-02-13 05:52:57.35509+00,671,tt0241527,Harry Potter and the Philosopher's Stone,2001,152,PG,false,/wuMc08IPKEatf9rnMNXvIDxqP4W.jpg
8bcda306-c6f5-4b13-ae35-e655e22d00e2,2026-02-03 06:56:59.121096+00,313369,tt3783958,La La Land,2016,129,PG-13,false,/uDO8zWDhfWwoFdKS4fzkUJt0Rf0.jpg
8d788734-78ff-4e79-ba58-f4479c2399e1,2026-02-12 07:07:54.458228+00,10340,tt0048280,Lady and the Tramp,1955,76,G,false,/340NcWz9SQXWQyf4oicMxjbrLOb.jpg
90e2ffb3-2fa8-4644-8484-107576cf3077,2026-02-03 06:57:17.841833+00,363676,tt3263904,Sully,2016,96,PG-13,false,/4vs83YcJ8TsabADDtaeCJ6ZTjYY.jpg
9147a5cb-f9eb-427e-95ed-8ff51d372b1a,2026-01-19 20:20:02.746409+00,121,tt0167261,The Lord of the Rings: The Two Towers,2002,179,PG-13,false,/5VTN0pR8gcqV3EPUHHfMGnJYN9L.jpg
91da97c6-b870-4017-a357-e40f7beda072,2026-01-19 21:00:38.937299+00,273481,tt3397884,Sicario,2015,122,R,false,/lz8vNyXeidqqOdJW9ZjnDAMb5Vr.jpg
92ade00d-e9f0-410b-abd7-4fd8ef7dc16e,2026-01-19 20:42:24.189213+00,58,tt0383574,Pirates of the Caribbean: Dead Man's Chest,2006,151,PG-13,false,/uXEqmloGyP7UXAiphJUu2v2pcuE.jpg
93297d01-f819-4757-a64d-99e2d544b704,2026-01-17 23:16:27.347015+00,1100099,tt27131358,We Live in Time,2024,108,R,false,/oeDNBgnlGF6rnyX1P1K8Vl2f3lW.jpg
9556c853-b0d2-49bb-9dd5-cbec8cf3f861,2026-01-17 22:50:04.744959+00,1226578,tt23468450,Longlegs,2024,101,R,false,/1EwNyiiNFd863H4e8nWEzutnZD7.jpg
963a934f-573c-431c-8d0d-8e2c360a06d3,2026-01-19 20:14:47.937103+00,986056,tt20969586,Thunderbolts*,2025,127,PG-13,false,/hqcexYHbiTBfDIdDWxrxPtVndBX.jpg
9641662f-df87-4b3b-9062-85ce81ffe8c5,2026-01-17 22:35:18.775039+00,411,tt0363771,"The Chronicles of Narnia: The Lion, the Witch and the Wardrobe",2005,143,PG,false,/iREd0rNCjYdf5Ar0vfaW32yrkm.jpg
99d4da5e-bd1b-45b6-8929-dbed2aa3b10a,2026-01-19 19:48:14.592004+00,353081,tt4912910,Mission: Impossible - Fallout,2018,147,PG-13,false,/AkJQpZp9WoNdj7pLYSj1L0RcMMN.jpg
9bab6e9b-d797-417a-8bd7-727b2b7d41bf,2026-01-21 05:45:55.420505+00,240,tt0071562,The Godfather Part II,1974,202,R,false,/hek3koDUyRQk7FIhPXsa6mT2Zc3.jpg
9c47efa4-e944-4767-b5f2-70f7e489a26f,2026-01-17 23:02:23.512416+00,359724,tt1950186,Ford v Ferrari,2019,153,PG-13,false,/dR1Ju50iudrOh3YgfwkAU1g2HZe.jpg
9db2aa03-e9c9-40ba-bcbd-338770de0ca6,2026-01-17 22:26:16.487082+00,1891,tt0080684,The Empire Strikes Back,1980,124,PG,false,/nNAeTmF4CtdSgMDplXTDPOpYzsX.jpg
9fdbee69-3d04-4988-915e-779e7d16ad75,2026-01-17 23:22:51.889641+00,1064213,tt28607951,Anora,2024,139,R,false,/cgXk2tNYhJZLXdBDO5DidAVzQ82.jpg
a01a3c11-53eb-47ef-9e00-31fbbea46b17,2026-01-18 01:01:12.708449+00,10681,tt0910970,WALL·E,2008,98,G,false,/hbhFnRzzg6ZDmm8YAmxBnQpQIPh.jpg
a098b417-048c-49bc-a25c-180017b3b1f1,2026-01-19 20:16:22.158703+00,57158,tt1170358,The Hobbit: The Desolation of Smaug,2013,161,PG-13,false,/xQYiXsheRCDBA39DOrmaw1aSpbk.jpg
a0e6e507-142e-4f07-9778-685e1b03d277,2026-01-17 23:01:33.02093+00,911430,tt16311594,F1,2025,156,PG-13,false,/vqBmyAj0Xm9LnS1xe1MSlMAJyHq.jpg
a1cef5b6-6e63-46d1-ba4c-b18b94c11318,2026-01-17 23:09:34.787798+00,286217,tt3659388,The Martian,2015,141,PG-13,false,/3ndAx3weG6KDkJIRMCi5vXX6Dyb.jpg
a210a4aa-d717-4198-80ec-d313feb0b3c9,2026-01-18 01:03:45.031982+00,954,tt0117060,Mission: Impossible,1996,111,PG-13,false,/l5uxY5m5OInWpcExIpKG6AR3rgL.jpg
a2735300-fc1d-4b67-895f-eaf085260462,2026-01-19 21:01:59.430434+00,68734,tt1024648,Argo,2012,120,R,false,/m5gPWFZFIp4UJFABgWyLkbXv8GX.jpg
a28635c9-d3d7-42b8-afda-ee2795c9d1a3,2026-02-06 06:34:31.61579+00,389015,tt5580036,"I, Tonya",2017,120,R,false,/6gNXwSHxaksR1PjVZRqNapmkgj3.jpg
a74132aa-59f1-430b-8574-a97309574cf3,2026-01-17 22:58:32.326909+00,161,tt0240772,Ocean's Eleven,2001,116,PG-13,false,/hQQCdZrsHtZyR6NbKH2YyCqd2fR.jpg
ab713ac3-2a8d-4454-9db7-4279cf5d6bfe,2026-01-19 02:24:58.598578+00,24428,tt0848228,The Avengers,2012,143,PG-13,false,/RYMX2wcKCBAr24UyPD7xwmjaTn.jpg
abfb0d55-d51d-4f13-90d0-6ef670e7aa5b,2026-02-03 06:54:07.775677+00,244786,tt2582802,Whiplash,2014,107,R,false,/7fn624j5lj3xTme2SgiLCeuedmO.jpg
acb18032-0ad5-4e28-bd60-7f1f7ef8a5dc,2026-01-17 22:50:49.716784+00,77,tt0209144,Memento,2000,113,R,false,/fKTPH2WvH8nHTXeBYBVhawtRqtR.jpg
acfd36cc-bd80-473e-8ff4-d6d06a6adf5b,2026-02-03 06:57:09.308502+00,537116,tt8721424,"tick, tick... BOOM!",2021,120,PG-13,false,/DPmfcuR8fh8ROYXgdjrAjSGA0o.jpg
ae2da529-2556-4901-8ea0-e76221587828,2026-01-19 21:02:48.673871+00,575265,tt9603208,Mission: Impossible - The Final Reckoning,2025,170,PG-13,false,/z53D72EAOxGRqdr7KXXWp9dJiDe.jpg
ae4adafb-a6f2-46c3-8119-2009bc3b9326,2026-01-19 20:00:53.925751+00,38356,tt1399103,Transformers: Dark of the Moon,2011,154,PG-13,false,/28YlCLrFhONteYSs9hKjD1Km0Cj.jpg
b01ebcec-ac3b-4883-88b4-536f29c9e4c4,2026-01-31 19:56:19.846135+00,1233413,tt31193180,Sinners,2025,138,R,false,/qTvFWCGeGXgBRaINLY1zqgTPSpn.jpg
b0dd5067-ebba-4053-aff8-1dfdcfd1d227,2026-01-19 20:08:49.880773+00,857,tt0120815,Saving Private Ryan,1998,169,R,false,/uqx37cS8cpHg8U35f9U5IBlrCV3.jpg
b36ace1f-b0bb-4a58-9f59-c95e0be99217,2026-01-17 22:31:42.561332+00,348350,tt3778644,Solo: A Star Wars Story,2018,135,PG-13,false,/4oD6VEccFkorEBTEDXtpLAaz0Rl.jpg
b52a7729-5f51-4298-8a07-441d3f6874dc,2026-01-25 21:09:24.353297+00,496243,tt6751668,Parasite,2019,133,R,false,/7IiTTgloJzvGI1TAYymCfbfl3vT.jpg
b5f231f8-3342-4bbb-83ce-2debe33e1115,2026-01-19 20:13:48.955715+00,65,tt0298203,8 Mile,2002,111,R,false,/7BmQj8qE1FLuLTf7Xjf9sdIHzoa.jpg
b680d130-30cf-4093-8602-9c09e062cf0b,2026-01-19 20:59:02.741456+00,11459,tt0405325,Sky High,2005,99,PG,false,/nBB0XNMwvYvWpo67EcxQqKMoMKf.jpg
b7437cda-13b9-490d-86ec-740a317cbd6d,2026-01-17 23:26:42.935396+00,1317288,tt32916440,Marty Supreme,2025,150,R,false,/firAhZA0uQvRL2slp7v3AnOj0ZX.jpg
b9fb5ced-9710-4fbb-9e93-caf5c39a29b1,2026-01-17 22:42:39.608981+00,9693,tt0206634,Children of Men,2006,109,R,false,/lQcXgb0fFzffnLV5WY0Q0X2WW7E.jpg
bade7a1a-7a46-4ee3-b165-2583b387d47f,2026-02-13 05:51:24.186317+00,7345,tt0469494,There Will Be Blood,2007,158,R,false,/fa0RDkAlCec0STeMNAhPaF89q6U.jpg
bb9fc7e6-8de4-46ed-809c-2f1b65759435,2026-01-19 20:17:13.513097+00,122917,tt2310332,The Hobbit: The Battle of the Five Armies,2014,144,PG-13,false,/xT98tLqatZPQApyRmlPL12LtiWp.jpg
bc2d6131-35e2-437d-8a95-b4abc41e8b79,2026-01-19 20:40:32.177884+00,49521,tt0770828,Man of Steel,2013,143,PG-13,false,/8GFtkImmK0K1VaUChR0n9O61CFU.jpg
bc7051c3-24ff-4c01-870e-1268903fbcb3,2026-01-19 20:41:20.604822+00,22,tt0325980,Pirates of the Caribbean: The Curse of the Black Pearl,2003,143,PG-13,false,/poHwCZeWzJCShH7tOjg8RIoyjcw.jpg
bc76b58b-325f-43ea-ba7a-2e95374c8c1b,2026-01-17 23:17:23.57683+00,1089,tt0102685,Point Break,1991,122,R,false,/tlbERIghrQ4oofqlbF7H0K0EYnx.jpg
bf29a200-b18f-4887-8950-3dfe357f3ed3,2026-01-19 20:33:50.028672+00,97630,tt1790885,Zero Dark Thirty,2012,157,R,false,/wNSdSSxowM3WIqmPJNg3RagYbwP.jpg
bf8996e7-5317-4d96-b69c-0b8bc350a941,2026-01-28 04:23:03.276545+00,278,tt0111161,The Shawshank Redemption,1994,142,R,false,/9cqNxx0GxF0bflZmeSMuL5tnGzr.jpg
c07ff27d-f83f-489a-a863-d9355d9ee773,2026-01-19 20:36:11.246972+00,335787,tt1464335,Uncharted,2022,116,PG-13,false,/rJHC1RUORuUhtfNb4Npclx0xnOf.jpg
c1fc271b-9cf6-403f-8c3a-ee324f336e71,2026-01-17 23:11:07.608713+00,351286,tt4881806,Jurassic World: Fallen Kingdom,2018,129,PG-13,false,/x2Us3jR6ToMJjbcPbLimYoxf6xr.jpg
c3478df4-36d3-4552-a321-e1240f7b99f0,2026-01-19 20:57:24.347301+00,557,tt0145487,Spider-Man,2002,121,PG-13,false,/kjdJntyBeEvqm9w97QGBdxPptzj.jpg
c37c6bdf-e3db-4404-a77a-d947cedd0387,2026-01-19 20:22:25.268732+00,207703,tt2802144,Kingsman: The Secret Service,2015,129,R,false,/r6q9wZK5a2K51KFj4LWVID6Ja1r.jpg
c3aef98e-b349-437b-bdab-eb35ba74fefe,2026-02-03 07:00:32.72214+00,103731,tt1935179,Mud,2013,130,PG-13,false,/o2jT5jQdKh1HAF0fMKuGwBOwOYB.jpg
c3dd248e-590c-4700-bee2-9cb4f5997014,2026-01-17 23:19:22.834695+00,10315,tt0432283,Fantastic Mr. Fox,2009,87,PG,false,/euZyZb6iGreujYKrGyZHRddhUYh.jpg
c42c096f-35fb-4052-ae32-0ce00a013abf,2026-01-17 23:25:25.353112+00,43347,tt0758752,Love & Other Drugs,2010,112,R,false,/wZLM2uKJRYNchLmiCIjosX0rXy8.jpg
c502ae70-3ac8-485e-8228-fc2a97328d36,2026-01-26 05:46:50.108491+00,515042,tt7775622,Free Solo,2018,100,PG-13,false,/v4QfYZMACODlWul9doN9RxE99ag.jpg
c634e45f-645c-4153-83ae-88a04c8181af,2026-01-19 20:35:27.149001+00,487558,tt7349662,BlacKkKlansman,2018,136,R,false,/8jxqAvSDoneSKRczaK8v9X5gqBp.jpg
c6520718-de3c-4ace-b437-31dbfb6de9e0,2026-01-19 20:56:40.946168+00,680,tt0110912,Pulp Fiction,1994,154,R,false,/vQWk5YBFWF4bZaofAbv0tShwBvQ.jpg
c6dbc9dd-c57b-4e3c-b9c6-393300264b0b,2026-01-30 04:44:10.375473+00,299534,tt4154796,Avengers: Endgame,2019,181,PG-13,false,/ulzhLuWrPK07P1YkdWQLZnQh1JL.jpg
c7e28f3b-d160-4794-adb4-17e52f3e083d,2026-01-19 20:51:48.753341+00,617126,tt10676052,The Fantastic 4: First Steps,2025,115,PG-13,false,/abqOz6EL3yXyOOafCPZxjL1M5bQ.jpg
ca5746a0-d31c-4c60-8626-231216bca0cb,2026-01-21 05:50:46.797398+00,333339,tt1677720,Ready Player One,2018,140,PG-13,false,/pU1ULUq8D3iRxl1fdX2lZIzdHuI.jpg
cbbacd12-cac4-4f81-8c07-999601b604dd,2026-02-03 06:58:33.970625+00,12477,tt0095327,Grave of the Fireflies,1988,89,NR,false,/k9tv1rXZbOhH7eiCk378x61kNQ1.jpg
ce63e6d4-32ac-460b-bf44-874d7f9ef805,2026-01-28 03:16:05.256309+00,99861,tt2395427,Avengers: Age of Ultron,2015,141,PG-13,false,/4ssDuvEDkSArWEdyBl2X5EHvYKU.jpg
d0e0580b-b85b-4871-9851-a952c4e2e875,2026-01-19 21:05:05.725545+00,597,tt0120338,Titanic,1997,194,PG-13,false,/9xjZS2rlVxm8SFx8kPC3aIGCOYQ.jpg
d15f381d-f4a7-4286-b245-899060896e25,2026-01-19 20:52:47.540446+00,8699,tt0357413,Anchorman: The Legend of Ron Burgundy,2004,95,PG-13,false,/Rdzsh3s6waplhSD7PUaBJovB7v.jpg
d3475b36-adc8-4141-a0c1-01c38b2728e1,2026-01-17 23:22:06.139699+00,937287,tt16426418,Challengers,2024,132,R,false,/H6vke7zGiuLsz4v4RPeReb9rsv.jpg
d5327004-9b33-4656-8672-9c02c3d71398,2026-02-03 07:03:26.534995+00,115,tt0118715,The Big Lebowski,1998,117,R,false,/9mprbw31MGdd66LR0AQKoDMoFRv.jpg
d5f3a604-bbe6-470a-9499-2aff7aa74fec,2026-01-19 20:15:30.703208+00,49051,tt0903624,The Hobbit: An Unexpected Journey,2012,169,PG-13,false,/yHA9Fc37VmpUA5UncTxxo3rTGVA.jpg
d6818a3d-2748-494d-a024-77b809e0f73f,2026-01-18 01:13:49.450205+00,955,tt0120755,Mission: Impossible II,2000,123,PG-13,false,/hfnrual76gPeNFduhD4xzHWpfTw.jpg
d6bebb69-c66f-464d-a0d6-1becad315aa3,2026-01-19 19:58:49.148014+00,8373,tt1055369,Transformers: Revenge of the Fallen,2009,150,PG-13,false,/pLBb0whOzVDtJvyD4DPeQyQNOqp.jpg
d8ea2af1-8454-4123-bd76-b4a7839b2984,2026-02-03 06:59:54.361463+00,1417,tt0457430,Pan's Labyrinth,2006,118,R,false,/z7xXihu5wHuSMWymq5VAulPVuvg.jpg
d989fc27-30db-45bb-9264-16e269df05e9,2026-01-17 22:59:28.907715+00,310131,tt4263482,The Witch,2016,92,R,false,/zap5hpFCWSvdWSuPGAQyjUv2wAC.jpg
da258b24-1b69-42d2-9064-dabaa251502e,2026-01-17 22:37:28.057784+00,882598,tt15474916,Smile,2022,115,R,false,/aPqcQwu4VGEewPhagWNncDbJ9Xp.jpg
da9bcee0-ad95-4167-9933-450b787a74de,2026-01-17 22:44:09.066325+00,242582,tt2872718,Nightcrawler,2014,118,R,false,/j9HrX8f7GbZQm1BrBiR40uFQZSb.jpg
db81279c-3ed8-426d-bb64-3d6a33a00d91,2026-01-17 22:32:33.116738+00,330459,tt3748528,Rogue One: A Star Wars Story,2016,133,PG-13,false,/i0yw1mFbB7sNGHCs7EXZPzFkdA1.jpg
dcb4b8d7-95b0-40d6-a69b-16cf85766b8a,2026-01-19 20:09:32.764418+00,190859,tt2179136,American Sniper,2014,133,R,false,/vJgtfUmZE5i4L12sOryAPuBa04K.jpg
dcee5afc-a672-42b7-ab55-00fc4a87c2e4,2026-01-25 09:07:01.8414+00,11324,tt1130884,Shutter Island,2010,138,R,false,/nrmXQ0zcZUL8jFLrakWc90IR8z9.jpg
dfaf2e6f-6f24-4508-b7b1-b3ab65dfa8d7,2026-02-03 06:57:38.969033+00,503919,tt7984734,The Lighthouse,2019,109,R,false,/f1tIYarTbkBdIT1aW0gzelDwknv.jpg
e173ce10-aa35-49f0-924f-ada25b129105,2026-02-03 07:03:12.697513+00,466272,tt7131622,Once Upon a Time... in Hollywood,2019,162,R,false,/8j58iEBw9pOXFD2L0nt0ZXeHviB.jpg
e624348e-a60e-499f-a484-37b7308ed76a,2026-01-22 05:17:51.826168+00,533533,tt6604188,TRON: Ares,2025,119,PG-13,false,/chpWmskl3aKm1aTZqUHRCtviwPy.jpg
e73704e1-6dee-4828-bb1f-921e02d7bd1b,2026-01-17 20:52:06.810059+00,361743,tt1745960,Top Gun: Maverick,2022,131,PG-13,false,/62HCnUTziyWcpDaBO2i1DX17ljH.jpg
e823b2aa-efe0-4580-9a59-67831caf6712,2026-02-03 01:23:50.42787+00,530915,tt8579674,1917,2019,119,R,false,/iZf0KyrE25z1sage4SYFLCCrMi9.jpg
e879ffd2-b841-411b-95bb-9e0a7d11f2b6,2026-01-19 20:49:41.776931+00,807,tt0114369,Se7en,1995,127,R,false,/191nKfP0ehp3uIvWqgPbFmI4lv9.jpg
e98e650d-c26b-4416-ab21-e5f35c8f4742,2026-01-17 20:50:09.30733+00,16869,tt0361748,Inglourious Basterds,2009,153,R,false,/7sfbEnaARXDDhKm0CZ7D7uc2sbo.jpg
ed5e3e9f-4d54-462a-bf53-43a7cc6dd595,2026-01-17 22:40:30.313434+00,493922,tt7784604,Hereditary,2018,128,R,false,/hjlZSXM86wJrfCv5VKfR5DI2VeU.jpg
ee477c9c-a805-436e-b9e4-dfa7e8db61de,2026-01-25 22:57:22.189982+00,370172,tt2382320,No Time to Die,2021,163,PG-13,false,/iUgygt3fscRoKWCV1d0C7FbM9TP.jpg
ee5034a7-51a9-411e-935d-b060d1815cf5,2026-02-03 06:59:35.672354+00,11977,tt0080487,Caddyshack,1980,98,R,false,/lXnNz7zOXCsftMDVoU3VSo0Eioi.jpg
eec769e9-a56b-49d1-9d30-fe62a8e05b1d,2026-01-17 23:13:02.309219+00,9340,tt0089218,The Goonies,1985,114,PG,false,/eBU7gCjTCj9n2LTxvCSIXXOvHkD.jpg
eef51c92-1567-4bed-a176-68e85a7867aa,2026-01-28 04:23:32.836121+00,429,tt0060196,"The Good, the Bad and the Ugly",1966,161,R,false,/bX2xnavhMYjWDoZp1VM6VnU1xwe.jpg
f110548e-a0f9-4ea5-bfdc-47d93316fd89,2026-01-17 22:52:22.376634+00,550,tt0137523,Fight Club,1999,139,R,false,/pB8BM7pdSp6B6Ih7QZ4DrQ3PmJK.jpg
f4a34286-f03b-4c0e-b512-8cec688eebcb,2026-01-19 21:07:51.520057+00,198663,tt1790864,The Maze Runner,2014,113,PG-13,false,/ode14q7WtDugFDp78fo9lCsmay9.jpg
f9715383-787a-419b-b97a-30248001659c,2026-01-25 23:57:11.078911+00,1306368,tt32642706,The Rip,2026,113,R,false,/p4bW2sJKAwcHuLpfoZK7Zo63osA.jpg
fb9e638c-c71b-473a-bd22-202924ba3c64,2026-02-03 06:56:38.148771+00,718032,tt11271038,Licorice Pizza,2021,133,R,false,/ivXtvzfliGvoJ1DhSHIGyYBToWe.jpg
fba8b66b-8e4a-42b2-afbc-d2d59f95c2ad,2026-01-17 23:21:23.413233+00,1288072,tt32332404,Keeper,2025,99,R,false,/mbGHijUc0C3fcM12l6ro6FgxIvg.jpg
fbb55cf9-7f1c-429e-8852-b43684e3ac46,2026-01-28 04:23:17.601462+00,389,tt0050083,12 Angry Men,1957,97,NR,false,/ow3wq89wM8qd5X7hWKxiRfsFf9C.jpg
fd2d6a40-d45f-4456-b4dc-4c0f3ffc951e,2026-01-17 20:59:31.645023+00,20526,tt1104001,TRON: Legacy,2010,126,PG,false,/vuifSABRpSnxCAOxEnWpNbZSXpp.jpg
fd41cbd7-bfc1-43cd-ac95-75278c646240,2026-01-19 20:06:14.345083+00,98,tt0172495,Gladiator,2000,155,R,false,/ty8TGRuvJLPUmAR1H1nRIsgwvim.jpg
fd8f0877-6f8f-45ae-98fd-af04061d2e69,2026-01-17 23:18:01.593029+00,16270,tt0101545,Career Opportunities,1991,83,PG-13,false,/opfsY8aUZ1GjqiZFvYzdvETzl1l.jpg
fe154e91-3eb4-43cb-8ccb-2e871413b094,2026-01-17 23:10:23.116689+00,135397,tt0369610,Jurassic World,2015,124,PG-13,false,/rhr4y79GpxQF9IsfJItRXVaoGs4.jpg
fefa3d55-9d9d-4579-ae85-1e44b88f5da3,2026-01-17 22:28:40.300917+00,140607,tt2488496,Star Wars: The Force Awakens,2015,136,PG-13,false,/wqnLdwVXoBjKibFRR5U3y0aDUhs.jpg