movie_id,created_at,platform_id
0d06b4e2-1520-4a4f-9190-8a80295d9722,2026-02-14 02:51:48.872277+00,006a4a32-c0ac-4376-ab85-2de6835b1698
0d06b4e2-1520-4a4f-9190-8a80295d9722,2026-02-14 02:51:48.872277+00,35180c06-6e4b-4556-8c59-3af2165f1741
0d06b4e2-1520-4a4f-9190-8a80295d9722,2026-02-14 02:51:48.872277+00,49a3f530-0806-4112-981a-4257c37c0fc9
0d06b4e2-1520-4a4f-9190-8a80295d9722,2026-02-14 02:51:48.872277+00,5a7c927c-4f6c-4adb-b9ea-645a05b0c1a6
0d06b4e2-1520-4a4f-9190-8a80295d9722,2026-02-14 02:51:48.872277+00,67ac85bc-eebc-4b82-8cf2-425386a13702
0d06b4e2-1520-4a4f-9190-8a80295d9722,2026-02-14 02:51:48.872277+00,6d1a5a8b-8f3e-493e-8134-a857888fef41
0f7ef0be-975a-4229-ba13-a0c779769467,2026-02-03 07:00:23.910663+00,006a4a32-c0ac-4376-ab85-2de6835b1698
0f7ef0be-975a-4229-ba13-a0c779769467,2026-02-03 07:00:23.910663+00,35180c06-6e4b-4556-8c59-3af2165f1741
0f7ef0be-975a-4229-ba13-a0c779769467,2026-02-03 07:00:23.910663+00,49a3f530-0806-4112-981a-4257c37c0fc9
0f7ef0be-975a-4229-ba13-a0c779769467,2026-02-03 07:00:23.910663+00,67ac85bc-eebc-4b82-8cf2-425386a13702
0f7ef0be-975a-4229-ba13-a0c779769467,2026-02-03 07:00:23.910663+00,6d1a5a8b-8f3e-493e-8134-a857888fef41
0f7ef0be-975a-4229-ba13-a0c779769467,2026-02-03 07:00:23.910663+00,77b5c5d4-5d09-42d8-bc0e-203692f930c8
0f7ef0be-975a-4229-ba13-a0c779769467,2026-02-03 07:00:23.910663+00,bb9fdc18-58ec-4b7d-95e7-102b985bb3a0
0fde2bf0-140f-4e1f-b328-369c5e6698da,2026-02-03 07:02:46.017185+00,006a4a32-c0ac-4376-ab85-2de6835b1698
0fde2bf0-140f-4e1f-b328-369c5e6698da,2026-02-03 07:02:46.017185+00,07148bea-c1df-4e4e-8d24-e993f87020f3
0fde2bf0-140f-4e1f-b328-369c5e6698da,2026-02-03 07:02:46.017185+00,252dc82e-eaf1-413f-a616-e772da561fdd
0fde2bf0-140f-4e1f-b328-369c5e6698da,2026-02-03 07:02:46.017185+00,35180c06-6e4b-4556-8c59-3af2165f1741
0fde2bf0-140f-4e1f-b328-369c5e6698da,2026-02-03 07:02:46.017185+00,49a3f530-0806-4112-981a-4257c37c0fc9
0fde2bf0-140f-4e1f-b328-369c5e6698da,2026-02-03 07:02:46.017185+00,67ac85bc-eebc-4b82-8cf2-425386a13702
0fde2bf0-140f-4e1f-b328-369c5e6698da,2026-02-03 07:02:46.017185+00,6a9d1b7d-c715-4626-9b9b-c81e486cf25c
0fde2bf0-140f-4e1f-b328-369c5e6698da,2026-02-03 07:02:46.017185+00,6d1a5a8b-8f3e-493e-8134-a857888fef41
0fde2bf0-140f-4e1f-b328-369c5e6698da,2026-02-03 07:02:46.017185+00,8d23e23d-e38b-4fbc-a69f-4aba42da38fa
0fde2bf0-140f-4e1f-b328-369c5e6698da,2026-02-03 07:02:46.017185+00,8f4b2577-e4e1-482e-9045-d836105ad705
0fde2bf0-140f-4e1f-b328-369c5e6698da,2026-02-03 07:02:46.017185+00,ab8f4e17-52f3-40c5-a294-d6221b88cd11
0fde2bf0-140f-4e1f-b328-369c5e6698da,2026-02-03 07:02:46.017185+00,b34e59d1-8730-476b-be81-60bdb43b2574
0fde2bf0-140f-4e1f-b328-369c5e6698da,2026-02-03 07:02:46.017185+00,c270e90b-f6ef-4d01-af45-a478093379a7
0fde2bf0-140f-4e1f-b328-369c5e6698da,2026-02-03 07:02:46.017185+00,ee94e9d1-bce4-4792-a615-fed7cef20529
11e72916-1821-4132-af14-05f62f48f61b,2026-02-03 06:55:09.623073+00,006a4a32-c0ac-4376-ab85-2de6835b1698
11e72916-1821-4132-af14-05f62f48f61b,2026-02-03 06:55:09.623073+00,35180c06-6e4b-4556-8c59-3af2165f1741
11e72916-1821-4132-af14-05f62f48f61b,2026-02-03 06:55:09.623073+00,470f773d-4917-423a-a605-ee728de31e5e
11e72916-1821-4132-af14-05f62f48f61b,2026-02-03 06:55:09.623073+00,49a3f530-0806-4112-981a-4257c37c0fc9
11e72916-1821-4132-af14-05f62f48f61b,2026-02-03 06:55:09.623073+00,67ac85bc-eebc-4b82-8cf2-425386a13702
11e72916-1821-4132-af14-05f62f48f61b,2026-02-03 06:55:09.623073+00,6d1a5a8b-8f3e-493e-8134-a857888fef41
13cef6f5-f645-4463-920b-e9150e66fc52,2026-02-03 06:55:23.701241+00,006a4a32-c0ac-4376-ab85-2de6835b1698
13cef6f5-f645-4463-920b-e9150e66fc52,2026-02-03 06:55:23.701241+00,35180c06-6e4b-4556-8c59-3af2165f1741
13cef6f5-f645-4463-920b-e9150e66fc52,2026-02-03 06:55:23.701241+00,67ac85bc-eebc-4b82-8cf2-425386a13702
13cef6f5-f645-4463-920b-e9150e66fc52,2026-02-03 06:55:23.701241+00,6d1a5a8b-8f3e-493e-8134-a857888fef41
197021d8-e81e-4a97-a23b-e0f8c8e0cee5,2026-02-03 07:00:10.116105+00,006a4a32-c0ac-4376-ab85-2de6835b1698
197021d8-e81e-4a97-a23b-e0f8c8e0cee5,2026-02-03 07:00:10.116105+00,032fea5b-94e6-4a6e-a197-371cf4cfb35f
197021d8-e81e-4a97-a23b-e0f8c8e0cee5,2026-02-03 07:00:10.116105+00,35180c06-6e4b-4556-8c59-3af2165f1741
197021d8-e81e-4a97-a23b-e0f8c8e0cee5,2026-02-03 07:00:10.116105+00,421b2c0e-0634-4200-8350-733d2a7ae7e9
197021d8-e81e-4a97-a23b-e0f8c8e0cee5,2026-02-03 07:00:10.116105+00,49a3f530-0806-4112-981a-4257c37c0fc9
197021d8-e81e-4a97-a23b-e0f8c8e0cee5,2026-02-03 07:00:10.116105+00,67ac85bc-eebc-4b82-8cf2-425386a13702
197021d8-e81e-4a97-a23b-e0f8c8e0cee5,2026-02-03 07:00:10.116105+00,6d1a5a8b-8f3e-493e-8134-a857888fef41
197021d8-e81e-4a97-a23b-e0f8c8e0cee5,2026-02-03 07:00:10.116105+00,77b5c5d4-5d09-42d8-bc0e-203692f930c8
197021d8-e81e-4a97-a23b-e0f8c8e0cee5,2026-02-03 07:00:10.116105+00,b34e59d1-8730-476b-be81-60bdb43b2574
197021d8-e81e-4a97-a23b-e0f8c8e0cee5,2026-02-03 07:00:10.116105+00,bb9fdc18-58ec-4b7d-95e7-102b985bb3a0
1cb983bd-3509-4bac-88b7-f2c5e82ea663,2026-01-30 01:41:19.270229+00,006a4a32-c0ac-4376-ab85-2de6835b1698
1cb983bd-3509-4bac-88b7-f2c5e82ea663,2026-01-30 01:41:19.270229+00,26e4558e-9e1d-469a-a11f-219d6e7678ce
1cb983bd-3509-4bac-88b7-f2c5e82ea663,2026-01-30 01:41:19.270229+00,35180c06-6e4b-4556-8c59-3af2165f1741
1cb983bd-3509-4bac-88b7-f2c5e82ea663,2026-01-30 01:41:19.270229+00,49a3f530-0806-4112-981a-4257c37c0fc9
1cb983bd-3509-4bac-88b7-f2c5e82ea663,2026-01-30 01:41:19.270229+00,67ac85bc-eebc-4b82-8cf2-425386a13702
1cb983bd-3509-4bac-88b7-f2c5e82ea663,2026-01-30 01:41:19.270229+00,6d1a5a8b-8f3e-493e-8134-a857888fef41
2b8fe9cd-7791-493d-a83f-6f04005fda88,2026-02-04 03:42:19.401687+00,669dd75e-9f55-4f5b-86bc-99916678d64b
2b8fe9cd-7791-493d-a83f-6f04005fda88,2026-02-04 03:42:19.401687+00,df606167-32c5-4964-8629-15f9cd501e14
2d00a912-602b-4c7b-bd95-1bc2968f326e,2026-02-03 07:00:44.034465+00,49a3f530-0806-4112-981a-4257c37c0fc9
2fb1e8f9-8e88-4a09-b17f-ecec21024bcd,2026-02-03 06:59:06.308126+00,006a4a32-c0ac-4376-ab85-2de6835b1698
2fb1e8f9-8e88-4a09-b17f-ecec21024bcd,2026-02-03 06:59:06.308126+00,07148bea-c1df-4e4e-8d24-e993f87020f3
2fb1e8f9-8e88-4a09-b17f-ecec21024bcd,2026-02-03 06:59:06.308126+00,252dc82e-eaf1-413f-a616-e772da561fdd
2fb1e8f9-8e88-4a09-b17f-ecec21024bcd,2026-02-03 06:59:06.308126+00,276e28df-354d-4e75-a747-8e1770bf2026
2fb1e8f9-8e88-4a09-b17f-ecec21024bcd,2026-02-03 06:59:06.308126+00,35180c06-6e4b-4556-8c59-3af2165f1741
2fb1e8f9-8e88-4a09-b17f-ecec21024bcd,2026-02-03 06:59:06.308126+00,48a2b7ce-a182-4835-ac3f-d8aae0d97411
2fb1e8f9-8e88-4a09-b17f-ecec21024bcd,2026-02-03 06:59:06.308126+00,67ac85bc-eebc-4b82-8cf2-425386a13702
2fb1e8f9-8e88-4a09-b17f-ecec21024bcd,2026-02-03 06:59:06.308126+00,6d1a5a8b-8f3e-493e-8134-a857888fef41
2fb1e8f9-8e88-4a09-b17f-ecec21024bcd,2026-02-03 06:59:06.308126+00,8517551d-2ddf-41ed-aec6-8adfa912e87d
2fb1e8f9-8e88-4a09-b17f-ecec21024bcd,2026-02-03 06:59:06.308126+00,8d23e23d-e38b-4fbc-a69f-4aba42da38fa
2fb1e8f9-8e88-4a09-b17f-ecec21024bcd,2026-02-03 06:59:06.308126+00,8f4b2577-e4e1-482e-9045-d836105ad705
2fb1e8f9-8e88-4a09-b17f-ecec21024bcd,2026-02-03 06:59:06.308126+00,ae58076c-ca18-4646-a4f0-0bad9d53a6a7
2fb1e8f9-8e88-4a09-b17f-ecec21024bcd,2026-02-03 06:59:06.308126+00,b34e59d1-8730-476b-be81-60bdb43b2574
2fb1e8f9-8e88-4a09-b17f-ecec21024bcd,2026-02-03 06:59:06.308126+00,c15cc5d0-8f41-4c56-9455-c9527bba4ccb
2fb1e8f9-8e88-4a09-b17f-ecec21024bcd,2026-02-03 06:59:06.308126+00,ee94e9d1-bce4-4792-a615-fed7cef20529
3c0b42b1-c63b-4721-80d9-dde309096411,2026-02-03 07:02:20.657334+00,006a4a32-c0ac-4376-ab85-2de6835b1698
3c0b42b1-c63b-4721-80d9-dde309096411,2026-02-03 07:02:20.657334+00,252dc82e-eaf1-413f-a616-e772da561fdd
3c0b42b1-c63b-4721-80d9-dde309096411,2026-02-03 07:02:20.657334+00,35180c06-6e4b-4556-8c59-3af2165f1741
3c0b42b1-c63b-4721-80d9-dde309096411,2026-02-03 07:02:20.657334+00,421b2c0e-0634-4200-8350-733d2a7ae7e9
3c0b42b1-c63b-4721-80d9-dde309096411,2026-02-03 07:02:20.657334+00,49a3f530-0806-4112-981a-4257c37c0fc9
3c0b42b1-c63b-4721-80d9-dde309096411,2026-02-03 07:02:20.657334+00,67ac85bc-eebc-4b82-8cf2-425386a13702
3c0b42b1-c63b-4721-80d9-dde309096411,2026-02-03 07:02:20.657334+00,6d1a5a8b-8f3e-493e-8134-a857888fef41
3c0b42b1-c63b-4721-80d9-dde309096411,2026-02-03 07:02:20.657334+00,8384f29c-41cc-44b2-a66f-2e6eadba313c
3f5ee6dd-e3fd-4e84-8269-1ff8a8a8c735,2026-02-03 06:53:54.149081+00,006a4a32-c0ac-4376-ab85-2de6835b1698
3f5ee6dd-e3fd-4e84-8269-1ff8a8a8c735,2026-02-03 06:53:54.149081+00,35180c06-6e4b-4556-8c59-3af2165f1741
3f5ee6dd-e3fd-4e84-8269-1ff8a8a8c735,2026-02-03 06:53:54.149081+00,49a3f530-0806-4112-981a-4257c37c0fc9
3f5ee6dd-e3fd-4e84-8269-1ff8a8a8c735,2026-02-03 06:53:54.149081+00,67ac85bc-eebc-4b82-8cf2-425386a13702
3f5ee6dd-e3fd-4e84-8269-1ff8a8a8c735,2026-02-03 06:53:54.149081+00,6d1a5a8b-8f3e-493e-8134-a857888fef41
3f5ee6dd-e3fd-4e84-8269-1ff8a8a8c735,2026-02-03 06:53:54.149081+00,77b5c5d4-5d09-42d8-bc0e-203692f930c8
3f5ee6dd-e3fd-4e84-8269-1ff8a8a8c735,2026-02-03 06:53:54.149081+00,bb9fdc18-58ec-4b7d-95e7-102b985bb3a0
417f300b-0eda-4911-98b2-ea2b3edb85bf,2026-02-03 06:53:39.01946+00,006a4a32-c0ac-4376-ab85-2de6835b1698
417f300b-0eda-4911-98b2-ea2b3edb85bf,2026-02-03 06:53:39.01946+00,35180c06-6e4b-4556-8c59-3af2165f1741
417f300b-0eda-4911-98b2-ea2b3edb85bf,2026-02-03 06:53:39.01946+00,49a3f530-0806-4112-981a-4257c37c0fc9
417f300b-0eda-4911-98b2-ea2b3edb85bf,2026-02-03 06:53:39.01946+00,669dd75e-9f55-4f5b-86bc-99916678d64b
417f300b-0eda-4911-98b2-ea2b3edb85bf,2026-02-03 06:53:39.01946+00,67ac85bc-eebc-4b82-8cf2-425386a13702
417f300b-0eda-4911-98b2-ea2b3edb85bf,2026-02-03 06:53:39.01946+00,6a9d1b7d-c715-4626-9b9b-c81e486cf25c
417f300b-0eda-4911-98b2-ea2b3edb85bf,2026-02-03 06:53:39.01946+00,6d1a5a8b-8f3e-493e-8134-a857888fef41
417f300b-0eda-4911-98b2-ea2b3edb85bf,2026-02-03 06:53:39.01946+00,df606167-32c5-4964-8629-15f9cd501e14
41ed2834-1748-4b37-a748-7965ba021030,2026-02-03 07:02:02.247377+00,006a4a32-c0ac-4376-ab85-2de6835b1698
41ed2834-1748-4b37-a748-7965ba021030,2026-02-03 07:02:02.247377+00,252dc82e-eaf1-413f-a616-e772da561fdd
41ed2834-1748-4b37-a748-7965ba021030,2026-02-03 07:02:02.247377+00,35180c06-6e4b-4556-8c59-3af2165f1741
41ed2834-1748-4b37-a748-7965ba021030,2026-02-03 07:02:02.247377+00,421b2c0e-0634-4200-8350-733d2a7ae7e9
41ed2834-1748-4b37-a748-7965ba021030,2026-02-03 07:02:02.247377+00,49a3f530-0806-4112-981a-4257c37c0fc9
41ed2834-1748-4b37-a748-7965ba021030,2026-02-03 07:02:02.247377+00,67ac85bc-eebc-4b82-8cf2-425386a13702
41ed2834-1748-4b37-a748-7965ba021030,2026-02-03 07:02:02.247377+00,6d1a5a8b-8f3e-493e-8134-a857888fef41
41ed2834-1748-4b37-a748-7965ba021030,2026-02-03 07:02:02.247377+00,8384f29c-41cc-44b2-a66f-2e6eadba313c
4457c943-a504-4eb7-9e0a-6377810eba0e,2026-02-03 06:54:56.545866+00,006a4a32-c0ac-4376-ab85-2de6835b1698
4457c943-a504-4eb7-9e0a-6377810eba0e,2026-02-03 06:54:56.545866+00,35180c06-6e4b-4556-8c59-3af2165f1741
4457c943-a504-4eb7-9e0a-6377810eba0e,2026-02-03 06:54:56.545866+00,49a3f530-0806-4112-981a-4257c37c0fc9
4457c943-a504-4eb7-9e0a-6377810eba0e,2026-02-03 06:54:56.545866+00,67ac85bc-eebc-4b82-8cf2-425386a13702
4457c943-a504-4eb7-9e0a-6377810eba0e,2026-02-03 06:54:56.545866+00,6d1a5a8b-8f3e-493e-8134-a857888fef41
4457c943-a504-4eb7-9e0a-6377810eba0e,2026-02-03 06:54:56.545866+00,b34e59d1-8730-476b-be81-60bdb43b2574
46cd7820-d43b-4714-8fc2-a082f8205a44,2026-02-03 07:01:08.636009+00,006a4a32-c0ac-4376-ab85-2de6835b1698
46cd7820-d43b-4714-8fc2-a082f8205a44,2026-02-03 07:01:08.636009+00,07148bea-c1df-4e4e-8d24-e993f87020f3
46cd7820-d43b-4714-8fc2-a082f8205a44,2026-02-03 07:01:08.636009+00,252dc82e-eaf1-413f-a616-e772da561fdd
46cd7820-d43b-4714-8fc2-a082f8205a44,2026-02-03 07:01:08.636009+00,35180c06-6e4b-4556-8c59-3af2165f1741
46cd7820-d43b-4714-8fc2-a082f8205a44,2026-02-03 07:01:08.636009+00,49a3f530-0806-4112-981a-4257c37c0fc9
46cd7820-d43b-4714-8fc2-a082f8205a44,2026-02-03 07:01:08.636009+00,5ee37347-5f3d-46a2-969d-fc4386582d95
46cd7820-d43b-4714-8fc2-a082f8205a44,2026-02-03 07:01:08.636009+00,67ac85bc-eebc-4b82-8cf2-425386a13702
46cd7820-d43b-4714-8fc2-a082f8205a44,2026-02-03 07:01:08.636009+00,6a9d1b7d-c715-4626-9b9b-c81e486cf25c
46cd7820-d43b-4714-8fc2-a082f8205a44,2026-02-03 07:01:08.636009+00,6d1a5a8b-8f3e-493e-8134-a857888fef41
46cd7820-d43b-4714-8fc2-a082f8205a44,2026-02-03 07:01:08.636009+00,8f4b2577-e4e1-482e-9045-d836105ad705
46cd7820-d43b-4714-8fc2-a082f8205a44,2026-02-03 07:01:08.636009+00,c270e90b-f6ef-4d01-af45-a478093379a7
476140dd-1186-4b00-a50a-e93ecc45d746,2026-02-03 06:55:34.829222+00,006a4a32-c0ac-4376-ab85-2de6835b1698
476140dd-1186-4b00-a50a-e93ecc45d746,2026-02-03 06:55:34.829222+00,35180c06-6e4b-4556-8c59-3af2165f1741
476140dd-1186-4b00-a50a-e93ecc45d746,2026-02-03 06:55:34.829222+00,49a3f530-0806-4112-981a-4257c37c0fc9
476140dd-1186-4b00-a50a-e93ecc45d746,2026-02-03 06:55:34.829222+00,67ac85bc-eebc-4b82-8cf2-425386a13702
476140dd-1186-4b00-a50a-e93ecc45d746,2026-02-03 06:55:34.829222+00,6d1a5a8b-8f3e-493e-8134-a857888fef41
4f1a0ff1-b317-4867-b621-5ebde72d812b,2026-02-03 06:54:42.974073+00,006a4a32-c0ac-4376-ab85-2de6835b1698
4f1a0ff1-b317-4867-b621-5ebde72d812b,2026-02-03 06:54:42.974073+00,1426fed3-0a2b-4a3b-bc5f-f5b5acf5c637
4f1a0ff1-b317-4867-b621-5ebde72d812b,2026-02-03 06:54:42.974073+00,1a4060de-cff4-46ee-bf97-7c9b071b1210
4f1a0ff1-b317-4867-b621-5ebde72d812b,2026-02-03 06:54:42.974073+00,35180c06-6e4b-4556-8c59-3af2165f1741
4f1a0ff1-b317-4867-b621-5ebde72d812b,2026-02-03 06:54:42.974073+00,49a3f530-0806-4112-981a-4257c37c0fc9
4f1a0ff1-b317-4867-b621-5ebde72d812b,2026-02-03 06:54:42.974073+00,5188061d-5d82-446a-ad99-d23fc07185b5
4f1a0ff1-b317-4867-b621-5ebde72d812b,2026-02-03 06:54:42.974073+00,67ac85bc-eebc-4b82-8cf2-425386a13702
4f1a0ff1-b317-4867-b621-5ebde72d812b,2026-02-03 06:54:42.974073+00,6d1a5a8b-8f3e-493e-8134-a857888fef41
4f1a0ff1-b317-4867-b621-5ebde72d812b,2026-02-03 06:54:42.974073+00,a3d706d4-7e17-4edb-a7dc-c7ee5e59141a
4f1a0ff1-b317-4867-b621-5ebde72d812b,2026-02-03 06:54:42.974073+00,ab8f4e17-52f3-40c5-a294-d6221b88cd11
4f1a0ff1-b317-4867-b621-5ebde72d812b,2026-02-03 06:54:42.974073+00,c270e90b-f6ef-4d01-af45-a478093379a7
4f1a0ff1-b317-4867-b621-5ebde72d812b,2026-02-03 06:54:42.974073+00,ee94e9d1-bce4-4792-a615-fed7cef20529
4f1a0ff1-b317-4867-b621-5ebde72d812b,2026-02-03 06:54:42.974073+00,f68d8c59-66cd-4fd1-8ab7-9b2660c8c1c5
4f86ddf6-aa04-4f00-b7ae-0dd101677825,2026-02-03 06:54:23.581778+00,006a4a32-c0ac-4376-ab85-2de6835b1698
4f86ddf6-aa04-4f00-b7ae-0dd101677825,2026-02-03 06:54:23.581778+00,35180c06-6e4b-4556-8c59-3af2165f1741
4f86ddf6-aa04-4f00-b7ae-0dd101677825,2026-02-03 06:54:23.581778+00,421b2c0e-0634-4200-8350-733d2a7ae7e9
4f86ddf6-aa04-4f00-b7ae-0dd101677825,2026-02-03 06:54:23.581778+00,49a3f530-0806-4112-981a-4257c37c0fc9
4f86ddf6-aa04-4f00-b7ae-0dd101677825,2026-02-03 06:54:23.581778+00,67ac85bc-eebc-4b82-8cf2-425386a13702
4f86ddf6-aa04-4f00-b7ae-0dd101677825,2026-02-03 06:54:23.581778+00,691d111c-6c6f-4904-acbc-9e2387365ac4
4f86ddf6-aa04-4f00-b7ae-0dd101677825,2026-02-03 06:54:23.581778+00,6d1a5a8b-8f3e-493e-8134-a857888fef41
4f86ddf6-aa04-4f00-b7ae-0dd101677825,2026-02-03 06:54:23.581778+00,a37a5bb1-811e-48bc-a626-b2e7c85570b7
4f86ddf6-aa04-4f00-b7ae-0dd101677825,2026-02-03 06:54:23.581778+00,ae58076c-ca18-4646-a4f0-0bad9d53a6a7
4f86ddf6-aa04-4f00-b7ae-0dd101677825,2026-02-03 06:54:23.581778+00,b34e59d1-8730-476b-be81-60bdb43b2574
4f86ddf6-aa04-4f00-b7ae-0dd101677825,2026-02-03 06:54:23.581778+00,ef3d5273-e012-4263-a5d8-06aa6e145348
4f86ddf6-aa04-4f00-b7ae-0dd101677825,2026-02-03 06:54:23.581778+00,f5a9090d-f234-4f3e-8e39-cb33ea0afff7
50644cc9-1d2d-49c4-94d8-6fca5ef267c5,2026-01-30 05:44:01.626439+00,006a4a32-c0ac-4376-ab85-2de6835b1698
50644cc9-1d2d-49c4-94d8-6fca5ef267c5,2026-01-30 05:44:01.626439+00,35180c06-6e4b-4556-8c59-3af2165f1741
50644cc9-1d2d-49c4-94d8-6fca5ef267c5,2026-01-30 05:44:01.626439+00,49a3f530-0806-4112-981a-4257c37c0fc9
50644cc9-1d2d-49c4-94d8-6fca5ef267c5,2026-01-30 05:44:01.626439+00,669dd75e-9f55-4f5b-86bc-99916678d64b
50644cc9-1d2d-49c4-94d8-6fca5ef267c5,2026-01-30 05:44:01.626439+00,67ac85bc-eebc-4b82-8cf2-425386a13702
50644cc9-1d2d-49c4-94d8-6fca5ef267c5,2026-01-30 05:44:01.626439+00,6d1a5a8b-8f3e-493e-8134-a857888fef41
50644cc9-1d2d-49c4-94d8-6fca5ef267c5,2026-01-30 05:44:01.626439+00,df606167-32c5-4964-8629-15f9cd501e14
50644cc9-1d2d-49c4-94d8-6fca5ef267c5,2026-01-30 05:44:01.626439+00,ee94e9d1-bce4-4792-a615-fed7cef20529
58baaeb5-d63a-4539-8603-6545500bc202,2026-02-03 06:56:12.079274+00,006a4a32-c0ac-4376-ab85-2de6835b1698
58baaeb5-d63a-4539-8603-6545500bc202,2026-02-03 06:56:12.079274+00,35180c06-6e4b-4556-8c59-3af2165f1741
58baaeb5-d63a-4539-8603-6545500bc202,2026-02-03 06:56:12.079274+00,49a3f530-0806-4112-981a-4257c37c0fc9
58baaeb5-d63a-4539-8603-6545500bc202,2026-02-03 06:56:12.079274+00,5188061d-5d82-446a-ad99-d23fc07185b5
58baaeb5-d63a-4539-8603-6545500bc202,2026-02-03 06:56:12.079274+00,67ac85bc-eebc-4b82-8cf2-425386a13702
58baaeb5-d63a-4539-8603-6545500bc202,2026-02-03 06:56:12.079274+00,6d1a5a8b-8f3e-493e-8134-a857888fef41
58baaeb5-d63a-4539-8603-6545500bc202,2026-02-03 06:56:12.079274+00,a3d706d4-7e17-4edb-a7dc-c7ee5e59141a
5ac1f6da-e511-40a1-82a1-273e794dd0eb,2026-02-03 06:58:49.075545+00,5188061d-5d82-446a-ad99-d23fc07185b5
5ac1f6da-e511-40a1-82a1-273e794dd0eb,2026-02-03 06:58:49.075545+00,a3d706d4-7e17-4edb-a7dc-c7ee5e59141a
5b5e24b0-5cf8-4d62-9e8b-5c063bad442a,2026-02-04 03:38:55.698709+00,006a4a32-c0ac-4376-ab85-2de6835b1698
5b5e24b0-5cf8-4d62-9e8b-5c063bad442a,2026-02-04 03:38:55.698709+00,35180c06-6e4b-4556-8c59-3af2165f1741
5b5e24b0-5cf8-4d62-9e8b-5c063bad442a,2026-02-04 03:38:55.698709+00,421b2c0e-0634-4200-8350-733d2a7ae7e9
5b5e24b0-5cf8-4d62-9e8b-5c063bad442a,2026-02-04 03:38:55.698709+00,49a3f530-0806-4112-981a-4257c37c0fc9
5b5e24b0-5cf8-4d62-9e8b-5c063bad442a,2026-02-04 03:38:55.698709+00,67ac85bc-eebc-4b82-8cf2-425386a13702
5b5e24b0-5cf8-4d62-9e8b-5c063bad442a,2026-02-04 03:38:55.698709+00,6d1a5a8b-8f3e-493e-8134-a857888fef41
5b5e24b0-5cf8-4d62-9e8b-5c063bad442a,2026-02-04 03:38:55.698709+00,df606167-32c5-4964-8629-15f9cd501e14
60e44e6f-8b8e-475f-b854-5630c06d2db7,2026-02-04 06:28:37.735938+00,006a4a32-c0ac-4376-ab85-2de6835b1698
60e44e6f-8b8e-475f-b854-5630c06d2db7,2026-02-04 06:28:37.735938+00,35180c06-6e4b-4556-8c59-3af2165f1741
60e44e6f-8b8e-475f-b854-5630c06d2db7,2026-02-04 06:28:37.735938+00,49a3f530-0806-4112-981a-4257c37c0fc9
60e44e6f-8b8e-475f-b854-5630c06d2db7,2026-02-04 06:28:37.735938+00,5188061d-5d82-446a-ad99-d23fc07185b5
60e44e6f-8b8e-475f-b854-5630c06d2db7,2026-02-04 06:28:37.735938+00,67ac85bc-eebc-4b82-8cf2-425386a13702
60e44e6f-8b8e-475f-b854-5630c06d2db7,2026-02-04 06:28:37.735938+00,6d1a5a8b-8f3e-493e-8134-a857888fef41
60e44e6f-8b8e-475f-b854-5630c06d2db7,2026-02-04 06:28:37.735938+00,a3d706d4-7e17-4edb-a7dc-c7ee5e59141a
653e9b9f-f967-4cce-acbc-1a1d95edc8d7,2026-01-30 05:39:08.526307+00,006a4a32-c0ac-4376-ab85-2de6835b1698
653e9b9f-f967-4cce-acbc-1a1d95edc8d7,2026-01-30 05:39:08.526307+00,35180c06-6e4b-4556-8c59-3af2165f1741
653e9b9f-f967-4cce-acbc-1a1d95edc8d7,2026-01-30 05:39:08.526307+00,49a3f530-0806-4112-981a-4257c37c0fc9
653e9b9f-f967-4cce-acbc-1a1d95edc8d7,2026-01-30 05:39:08.526307+00,669dd75e-9f55-4f5b-86bc-99916678d64b
653e9b9f-f967-4cce-acbc-1a1d95edc8d7,2026-01-30 05:39:08.526307+00,67ac85bc-eebc-4b82-8cf2-425386a13702
653e9b9f-f967-4cce-acbc-1a1d95edc8d7,2026-01-30 05:39:08.526307+00,6d1a5a8b-8f3e-493e-8134-a857888fef41
653e9b9f-f967-4cce-acbc-1a1d95edc8d7,2026-01-30 05:39:08.526307+00,df606167-32c5-4964-8629-15f9cd501e14
653e9b9f-f967-4cce-acbc-1a1d95edc8d7,2026-01-30 05:39:08.526307+00,ee94e9d1-bce4-4792-a615-fed7cef20529
6c7ded31-d2ad-4080-b25b-5ac6bc7ddbf2,2026-02-03 06:55:59.619836+00,006a4a32-c0ac-4376-ab85-2de6835b1698
6c7ded31-d2ad-4080-b25b-5ac6bc7ddbf2,2026-02-03 06:55:59.619836+00,35180c06-6e4b-4556-8c59-3af2165f1741
6c7ded31-d2ad-4080-b25b-5ac6bc7ddbf2,2026-02-03 06:55:59.619836+00,49a3f530-0806-4112-981a-4257c37c0fc9
6c7ded31-d2ad-4080-b25b-5ac6bc7ddbf2,2026-02-03 06:55:59.619836+00,67ac85bc-eebc-4b82-8cf2-425386a13702
6c7ded31-d2ad-4080-b25b-5ac6bc7ddbf2,2026-02-03 06:55:59.619836+00,6d1a5a8b-8f3e-493e-8134-a857888fef41
727ef721-867c-4d98-aa19-86703984542c,2026-02-07 09:19:44.66956+00,006a4a32-c0ac-4376-ab85-2de6835b1698
727ef721-867c-4d98-aa19-86703984542c,2026-02-07 09:19:44.66956+00,1426fed3-0a2b-4a3b-bc5f-f5b5acf5c637
727ef721-867c-4d98-aa19-86703984542c,2026-02-07 09:19:44.66956+00,35180c06-6e4b-4556-8c59-3af2165f1741
727ef721-867c-4d98-aa19-86703984542c,2026-02-07 09:19:44.66956+00,421b2c0e-0634-4200-8350-733d2a7ae7e9
727ef721-867c-4d98-aa19-86703984542c,2026-02-07 09:19:44.66956+00,49a3f530-0806-4112-981a-4257c37c0fc9
727ef721-867c-4d98-aa19-86703984542c,2026-02-07 09:19:44.66956+00,51a4d1f3-b71e-4829-9817-358f02868a2d
727ef721-867c-4d98-aa19-86703984542c,2026-02-07 09:19:44.66956+00,5ee37347-5f3d-46a2-969d-fc4386582d95
727ef721-867c-4d98-aa19-86703984542c,2026-02-07 09:19:44.66956+00,67ac85bc-eebc-4b82-8cf2-425386a13702
727ef721-867c-4d98-aa19-86703984542c,2026-02-07 09:19:44.66956+00,6d1a5a8b-8f3e-493e-8134-a857888fef41
727ef721-867c-4d98-aa19-86703984542c,2026-02-07 09:19:44.66956+00,b34e59d1-8730-476b-be81-60bdb43b2574
727ef721-867c-4d98-aa19-86703984542c,2026-02-07 09:19:44.66956+00,c270e90b-f6ef-4d01-af45-a478093379a7
72c665a5-4c8a-45ad-baf1-4ae527ce1f7d,2026-02-03 07:02:57.768262+00,006a4a32-c0ac-4376-ab85-2de6835b1698
72c665a5-4c8a-45ad-baf1-4ae527ce1f7d,2026-02-03 07:02:57.768262+00,3183c5ab-0e36-4a4c-8d85-b52632ab0cfb
72c665a5-4c8a-45ad-baf1-4ae527ce1f7d,2026-02-03 07:02:57.768262+00,35180c06-6e4b-4556-8c59-3af2165f1741
72c665a5-4c8a-45ad-baf1-4ae527ce1f7d,2026-02-03 07:02:57.768262+00,421b2c0e-0634-4200-8350-733d2a7ae7e9
72c665a5-4c8a-45ad-baf1-4ae527ce1f7d,2026-02-03 07:02:57.768262+00,49a3f530-0806-4112-981a-4257c37c0fc9
72c665a5-4c8a-45ad-baf1-4ae527ce1f7d,2026-02-03 07:02:57.768262+00,67ac85bc-eebc-4b82-8cf2-425386a13702
72c665a5-4c8a-45ad-baf1-4ae527ce1f7d,2026-02-03 07:02:57.768262+00,6d1a5a8b-8f3e-493e-8134-a857888fef41
72c665a5-4c8a-45ad-baf1-4ae527ce1f7d,2026-02-03 07:02:57.768262+00,ae58076c-ca18-4646-a4f0-0bad9d53a6a7
72c665a5-4c8a-45ad-baf1-4ae527ce1f7d,2026-02-03 07:02:57.768262+00,b34e59d1-8730-476b-be81-60bdb43b2574
780bec16-607f-4442-8cfb-c379309499d5,2026-02-08 09:39:01.719731+00,006a4a32-c0ac-4376-ab85-2de6835b1698
780bec16-607f-4442-8cfb-c379309499d5,2026-02-08 09:39:01.719731+00,01b03be1-9a78-4212-87a1-bbcd09e51222
780bec16-607f-4442-8cfb-c379309499d5,2026-02-08 09:39:01.719731+00,35180c06-6e4b-4556-8c59-3af2165f1741
780bec16-607f-4442-8cfb-c379309499d5,2026-02-08 09:39:01.719731+00,421b2c0e-0634-4200-8350-733d2a7ae7e9
780bec16-607f-4442-8cfb-c379309499d5,2026-02-08 09:39:01.719731+00,49a3f530-0806-4112-981a-4257c37c0fc9
780bec16-607f-4442-8cfb-c379309499d5,2026-02-08 09:39:01.719731+00,67ac85bc-eebc-4b82-8cf2-425386a13702
780bec16-607f-4442-8cfb-c379309499d5,2026-02-08 09:39:01.719731+00,6d1a5a8b-8f3e-493e-8134-a857888fef41
780bec16-607f-4442-8cfb-c379309499d5,2026-02-08 09:39:01.719731+00,91769fdc-a114-4000-8f44-f82dd550356a
780bec16-607f-4442-8cfb-c379309499d5,2026-02-08 09:39:01.719731+00,ee94e9d1-bce4-4792-a615-fed7cef20529
7d7d77ad-8ce0-4da0-a2a6-6aa75037ad54,2026-02-03 06:46:57.004001+00,006a4a32-c0ac-4376-ab85-2de6835b1698
7d7d77ad-8ce0-4da0-a2a6-6aa75037ad54,2026-02-03 06:46:57.004001+00,35180c06-6e4b-4556-8c59-3af2165f1741
7d7d77ad-8ce0-4da0-a2a6-6aa75037ad54,2026-02-03 06:46:57.004001+00,49a3f530-0806-4112-981a-4257c37c0fc9
7d7d77ad-8ce0-4da0-a2a6-6aa75037ad54,2026-02-03 06:46:57.004001+00,669dd75e-9f55-4f5b-86bc-99916678d64b
7d7d77ad-8ce0-4da0-a2a6-6aa75037ad54,2026-02-03 06:46:57.004001+00,67ac85bc-eebc-4b82-8cf2-425386a13702
7d7d77ad-8ce0-4da0-a2a6-6aa75037ad54,2026-02-03 06:46:57.004001+00,6d1a5a8b-8f3e-493e-8134-a857888fef41
7d7d77ad-8ce0-4da0-a2a6-6aa75037ad54,2026-02-03 06:46:57.004001+00,b34e59d1-8730-476b-be81-60bdb43b2574
7d7d77ad-8ce0-4da0-a2a6-6aa75037ad54,2026-02-03 06:46:57.004001+00,df606167-32c5-4964-8629-15f9cd501e14
7d7d77ad-8ce0-4da0-a2a6-6aa75037ad54,2026-02-03 06:46:57.004001+00,ee94e9d1-bce4-4792-a615-fed7cef20529
82d99b16-18e6-4d75-b06c-7dfcae66fae2,2026-02-03 06:56:26.003722+00,006a4a32-c0ac-4376-ab85-2de6835b1698
82d99b16-18e6-4d75-b06c-7dfcae66fae2,2026-02-03 06:56:26.003722+00,35180c06-6e4b-4556-8c59-3af2165f1741
82d99b16-18e6-4d75-b06c-7dfcae66fae2,2026-02-03 06:56:26.003722+00,49a3f530-0806-4112-981a-4257c37c0fc9
82d99b16-18e6-4d75-b06c-7dfcae66fae2,2026-02-03 06:56:26.003722+00,51a4d1f3-b71e-4829-9817-358f02868a2d
82d99b16-18e6-4d75-b06c-7dfcae66fae2,2026-02-03 06:56:26.003722+00,67ac85bc-eebc-4b82-8cf2-425386a13702
82d99b16-18e6-4d75-b06c-7dfcae66fae2,2026-02-03 06:56:26.003722+00,6d1a5a8b-8f3e-493e-8134-a857888fef41
88a10c9c-3b04-4d8e-a9f9-ab793a237c8a,2026-02-13 05:52:59.1396+00,006a4a32-c0ac-4376-ab85-2de6835b1698
88a10c9c-3b04-4d8e-a9f9-ab793a237c8a,2026-02-13 05:52:59.1396+00,01b03be1-9a78-4212-87a1-bbcd09e51222
88a10c9c-3b04-4d8e-a9f9-ab793a237c8a,2026-02-13 05:52:59.1396+00,35180c06-6e4b-4556-8c59-3af2165f1741
88a10c9c-3b04-4d8e-a9f9-ab793a237c8a,2026-02-13 05:52:59.1396+00,49a3f530-0806-4112-981a-4257c37c0fc9
88a10c9c-3b04-4d8e-a9f9-ab793a237c8a,2026-02-13 05:52:59.1396+00,67ac85bc-eebc-4b82-8cf2-425386a13702
88a10c9c-3b04-4d8e-a9f9-ab793a237c8a,2026-02-13 05:52:59.1396+00,6a75ce39-c9c1-4c7e-b603-cba7ae0e0dac
88a10c9c-3b04-4d8e-a9f9-ab793a237c8a,2026-02-13 05:52:59.1396+00,6d1a5a8b-8f3e-493e-8134-a857888fef41
88a10c9c-3b04-4d8e-a9f9-ab793a237c8a,2026-02-13 05:52:59.1396+00,77b5c5d4-5d09-42d8-bc0e-203692f930c8
88a10c9c-3b04-4d8e-a9f9-ab793a237c8a,2026-02-13 05:52:59.1396+00,91769fdc-a114-4000-8f44-f82dd550356a
88a10c9c-3b04-4d8e-a9f9-ab793a237c8a,2026-02-13 05:52:59.1396+00,b34e59d1-8730-476b-be81-60bdb43b2574
88a10c9c-3b04-4d8e-a9f9-ab793a237c8a,2026-02-13 05:52:59.1396+00,ee94e9d1-bce4-4792-a615-fed7cef20529
8bcda306-c6f5-4b13-ae35-e655e22d00e2,2026-02-03 06:56:59.589686+00,006a4a32-c0ac-4376-ab85-2de6835b1698
8bcda306-c6f5-4b13-ae35-e655e22d00e2,2026-02-03 06:56:59.589686+00,35180c06-6e4b-4556-8c59-3af2165f1741
8bcda306-c6f5-4b13-ae35-e655e22d00e2,2026-02-03 06:56:59.589686+00,49a3f530-0806-4112-981a-4257c37c0fc9
8bcda306-c6f5-4b13-ae35-e655e22d00e2,2026-02-03 06:56:59.589686+00,5188061d-5d82-446a-ad99-d23fc07185b5
8bcda306-c6f5-4b13-ae35-e655e22d00e2,2026-02-03 06:56:59.589686+00,67ac85bc-eebc-4b82-8cf2-425386a13702
8bcda306-c6f5-4b13-ae35-e655e22d00e2,2026-02-03 06:56:59.589686+00,6d1a5a8b-8f3e-493e-8134-a857888fef41
8bcda306-c6f5-4b13-ae35-e655e22d00e2,2026-02-03 06:56:59.589686+00,a3d706d4-7e17-4edb-a7dc-c7ee5e59141a
8bcda306-c6f5-4b13-ae35-e655e22d00e2,2026-02-03 06:56:59.589686+00,ee94e9d1-bce4-4792-a615-fed7cef20529
8d788734-78ff-4e79-ba58-f4479c2399e1,2026-02-12 07:07:56.187705+00,006a4a32-c0ac-4376-ab85-2de6835b1698
8d788734-78ff-4e79-ba58-f4479c2399e1,2026-02-12 07:07:56.187705+00,26e4558e-9e1d-469a-a11f-219d6e7678ce
8d788734-78ff-4e79-ba58-f4479c2399e1,2026-02-12 07:07:56.187705+00,35180c06-6e4b-4556-8c59-3af2165f1741
8d788734-78ff-4e79-ba58-f4479c2399e1,2026-02-12 07:07:56.187705+00,49a3f530-0806-4112-981a-4257c37c0fc9
8d788734-78ff-4e79-ba58-f4479c2399e1,2026-02-12 07:07:56.187705+00,67ac85bc-eebc-4b82-8cf2-425386a13702
8d788734-78ff-4e79-ba58-f4479c2399e1,2026-02-12 07:07:56.187705+00,6d1a5a8b-8f3e-493e-8134-a857888fef41
90e2ffb3-2fa8-4644-8484-107576cf3077,2026-02-03 06:57:18.277845+00,006a4a32-c0ac-4376-ab85-2de6835b1698
90e2ffb3-2fa8-4644-8484-107576cf3077,2026-02-03 06:57:18.277845+00,35180c06-6e4b-4556-8c59-3af2165f1741
90e2ffb3-2fa8-4644-8484-107576cf3077,2026-02-03 06:57:18.277845+00,421b2c0e-0634-4200-8350-733d2a7ae7e9
90e2ffb3-2fa8-4644-8484-107576cf3077,2026-02-03 06:57:18.277845+00,49a3f530-0806-4112-981a-4257c37c0fc9
90e2ffb3-2fa8-4644-8484-107576cf3077,2026-02-03 06:57:18.277845+00,67ac85bc-eebc-4b82-8cf2-425386a13702
90e2ffb3-2fa8-4644-8484-107576cf3077,2026-02-03 06:57:18.277845+00,6d1a5a8b-8f3e-493e-8134-a857888fef41
90e2ffb3-2fa8-4644-8484-107576cf3077,2026-02-03 06:57:18.277845+00,b34e59d1-8730-476b-be81-60bdb43b2574
90e2ffb3-2fa8-4644-8484-107576cf3077,2026-02-03 06:57:18.277845+00,ee94e9d1-bce4-4792-a615-fed7cef20529
a28635c9-d3d7-42b8-afda-ee2795c9d1a3,2026-02-06 06:34:33.655558+00,006a4a32-c0ac-4376-ab85-2de6835b1698
a28635c9-d3d7-42b8-afda-ee2795c9d1a3,2026-02-06 06:34:33.655558+00,35180c06-6e4b-4556-8c59-3af2165f1741
a28635c9-d3d7-42b8-afda-ee2795c9d1a3,2026-02-06 06:34:33.655558+00,49a3f530-0806-4112-981a-4257c37c0fc9
a28635c9-d3d7-42b8-afda-ee2795c9d1a3,2026-02-06 06:34:33.655558+00,67ac85bc-eebc-4b82-8cf2-425386a13702
a28635c9-d3d7-42b8-afda-ee2795c9d1a3,2026-02-06 06:34:33.655558+00,6d1a5a8b-8f3e-493e-8134-a857888fef41
a28635c9-d3d7-42b8-afda-ee2795c9d1a3,2026-02-06 06:34:33.655558+00,ab8f4e17-52f3-40c5-a294-d6221b88cd11
a28635c9-d3d7-42b8-afda-ee2795c9d1a3,2026-02-06 06:34:33.655558+00,c270e90b-f6ef-4d01-af45-a478093379a7
abfb0d55-d51d-4f13-90d0-6ef670e7aa5b,2026-02-03 06:54:08.280475+00,006a4a32-c0ac-4376-ab85-2de6835b1698
abfb0d55-d51d-4f13-90d0-6ef670e7aa5b,2026-02-03 06:54:08.280475+00,35180c06-6e4b-4556-8c59-3af2165f1741
abfb0d55-d51d-4f13-90d0-6ef670e7aa5b,2026-02-03 06:54:08.280475+00,49a3f530-0806-4112-981a-4257c37c0fc9
abfb0d55-d51d-4f13-90d0-6ef670e7aa5b,2026-02-03 06:54:08.280475+00,67ac85bc-eebc-4b82-8cf2-425386a13702
abfb0d55-d51d-4f13-90d0-6ef670e7aa5b,2026-02-03 06:54:08.280475+00,6d1a5a8b-8f3e-493e-8134-a857888fef41
abfb0d55-d51d-4f13-90d0-6ef670e7aa5b,2026-02-03 06:54:08.280475+00,b34e59d1-8730-476b-be81-60bdb43b2574
abfb0d55-d51d-4f13-90d0-6ef670e7aa5b,2026-02-03 06:54:08.280475+00,df606167-32c5-4964-8629-15f9cd501e14
acfd36cc-bd80-473e-8ff4-d6d06a6adf5b,2026-02-03 06:57:09.740196+00,669dd75e-9f55-4f5b-86bc-99916678d64b
acfd36cc-bd80-473e-8ff4-d6d06a6adf5b,2026-02-03 06:57:09.740196+00,df606167-32c5-4964-8629-15f9cd501e14
b01ebcec-ac3b-4883-88b4-536f29c9e4c4,2026-01-31 19:59:09.782819+00,006a4a32-c0ac-4376-ab85-2de6835b1698
b01ebcec-ac3b-4883-88b4-536f29c9e4c4,2026-01-31 19:59:09.782819+00,35180c06-6e4b-4556-8c59-3af2165f1741
b01ebcec-ac3b-4883-88b4-536f29c9e4c4,2026-01-31 19:59:09.782819+00,49a3f530-0806-4112-981a-4257c37c0fc9
b01ebcec-ac3b-4883-88b4-536f29c9e4c4,2026-01-31 19:59:09.782819+00,5188061d-5d82-446a-ad99-d23fc07185b5
b01ebcec-ac3b-4883-88b4-536f29c9e4c4,2026-01-31 19:59:09.782819+00,67ac85bc-eebc-4b82-8cf2-425386a13702
b01ebcec-ac3b-4883-88b4-536f29c9e4c4,2026-01-31 19:59:09.782819+00,6d1a5a8b-8f3e-493e-8134-a857888fef41
b01ebcec-ac3b-4883-88b4-536f29c9e4c4,2026-01-31 19:59:09.782819+00,77b5c5d4-5d09-42d8-bc0e-203692f930c8
b01ebcec-ac3b-4883-88b4-536f29c9e4c4,2026-01-31 19:59:09.782819+00,a3d706d4-7e17-4edb-a7dc-c7ee5e59141a
b01ebcec-ac3b-4883-88b4-536f29c9e4c4,2026-01-31 19:59:09.782819+00,bb9fdc18-58ec-4b7d-95e7-102b985bb3a0
b01ebcec-ac3b-4883-88b4-536f29c9e4c4,2026-01-31 19:59:09.782819+00,ee94e9d1-bce4-4792-a615-fed7cef20529
b52a7729-5f51-4298-8a07-441d3f6874dc,2026-02-03 06:54:31.277061+00,006a4a32-c0ac-4376-ab85-2de6835b1698
b52a7729-5f51-4298-8a07-441d3f6874dc,2026-02-03 06:54:31.277061+00,276e28df-354d-4e75-a747-8e1770bf2026
b52a7729-5f51-4298-8a07-441d3f6874dc,2026-02-03 06:54:31.277061+00,35180c06-6e4b-4556-8c59-3af2165f1741
b52a7729-5f51-4298-8a07-441d3f6874dc,2026-02-03 06:54:31.277061+00,49a3f530-0806-4112-981a-4257c37c0fc9
b52a7729-5f51-4298-8a07-441d3f6874dc,2026-02-03 06:54:31.277061+00,669dd75e-9f55-4f5b-86bc-99916678d64b
b52a7729-5f51-4298-8a07-441d3f6874dc,2026-02-03 06:54:31.277061+00,67ac85bc-eebc-4b82-8cf2-425386a13702
b52a7729-5f51-4298-8a07-441d3f6874dc,2026-02-03 06:54:31.277061+00,6d1a5a8b-8f3e-493e-8134-a857888fef41
b52a7729-5f51-4298-8a07-441d3f6874dc,2026-02-03 06:54:31.277061+00,c270e90b-f6ef-4d01-af45-a478093379a7
b52a7729-5f51-4298-8a07-441d3f6874dc,2026-02-03 06:54:31.277061+00,df606167-32c5-4964-8629-15f9cd501e14
bade7a1a-7a46-4ee3-b165-2583b387d47f,2026-02-13 05:51:25.891088+00,006a4a32-c0ac-4376-ab85-2de6835b1698
bade7a1a-7a46-4ee3-b165-2583b387d47f,2026-02-13 05:51:25.891088+00,07148bea-c1df-4e4e-8d24-e993f87020f3
bade7a1a-7a46-4ee3-b165-2583b387d47f,2026-02-13 05:51:25.891088+00,252dc82e-eaf1-413f-a616-e772da561fdd
bade7a1a-7a46-4ee3-b165-2583b387d47f,2026-02-13 05:51:25.891088+00,276e28df-354d-4e75-a747-8e1770bf2026
bade7a1a-7a46-4ee3-b165-2583b387d47f,2026-02-13 05:51:25.891088+00,35180c06-6e4b-4556-8c59-3af2165f1741
bade7a1a-7a46-4ee3-b165-2583b387d47f,2026-02-13 05:51:25.891088+00,49a3f530-0806-4112-981a-4257c37c0fc9
bade7a1a-7a46-4ee3-b165-2583b387d47f,2026-02-13 05:51:25.891088+00,67ac85bc-eebc-4b82-8cf2-425386a13702
bade7a1a-7a46-4ee3-b165-2583b387d47f,2026-02-13 05:51:25.891088+00,6a9d1b7d-c715-4626-9b9b-c81e486cf25c
bade7a1a-7a46-4ee3-b165-2583b387d47f,2026-02-13 05:51:25.891088+00,6d1a5a8b-8f3e-493e-8134-a857888fef41
bade7a1a-7a46-4ee3-b165-2583b387d47f,2026-02-13 05:51:25.891088+00,8d23e23d-e38b-4fbc-a69f-4aba42da38fa
bade7a1a-7a46-4ee3-b165-2583b387d47f,2026-02-13 05:51:25.891088+00,8f4b2577-e4e1-482e-9045-d836105ad705
bade7a1a-7a46-4ee3-b165-2583b387d47f,2026-02-13 05:51:25.891088+00,b34e59d1-8730-476b-be81-60bdb43b2574
bade7a1a-7a46-4ee3-b165-2583b387d47f,2026-02-13 05:51:25.891088+00,c270e90b-f6ef-4d01-af45-a478093379a7
bc7051c3-24ff-4c01-870e-1268903fbcb3,2026-02-03 06:49:36.01895+00,006a4a32-c0ac-4376-ab85-2de6835b1698
bc7051c3-24ff-4c01-870e-1268903fbcb3,2026-02-03 06:49:36.01895+00,26e4558e-9e1d-469a-a11f-219d6e7678ce
bc7051c3-24ff-4c01-870e-1268903fbcb3,2026-02-03 06:49:36.01895+00,35180c06-6e4b-4556-8c59-3af2165f1741
bc7051c3-24ff-4c01-870e-1268903fbcb3,2026-02-03 06:49:36.01895+00,49a3f530-0806-4112-981a-4257c37c0fc9
bc7051c3-24ff-4c01-870e-1268903fbcb3,2026-02-03 06:49:36.01895+00,67ac85bc-eebc-4b82-8cf2-425386a13702
bc7051c3-24ff-4c01-870e-1268903fbcb3,2026-02-03 06:49:36.01895+00,6d1a5a8b-8f3e-493e-8134-a857888fef41
bf8996e7-5317-4d96-b69c-0b8bc350a941,2026-01-28 04:23:04.251866+00,006a4a32-c0ac-4376-ab85-2de6835b1698
bf8996e7-5317-4d96-b69c-0b8bc350a941,2026-01-28 04:23:04.251866+00,01b03be1-9a78-4212-87a1-bbcd09e51222
bf8996e7-5317-4d96-b69c-0b8bc350a941,2026-01-28 04:23:04.251866+00,35180c06-6e4b-4556-8c59-3af2165f1741
bf8996e7-5317-4d96-b69c-0b8bc350a941,2026-01-28 04:23:04.251866+00,421b2c0e-0634-4200-8350-733d2a7ae7e9
bf8996e7-5317-4d96-b69c-0b8bc350a941,2026-01-28 04:23:04.251866+00,49a3f530-0806-4112-981a-4257c37c0fc9
bf8996e7-5317-4d96-b69c-0b8bc350a941,2026-01-28 04:23:04.251866+00,67ac85bc-eebc-4b82-8cf2-425386a13702
bf8996e7-5317-4d96-b69c-0b8bc350a941,2026-01-28 04:23:04.251866+00,6d1a5a8b-8f3e-493e-8134-a857888fef41
bf8996e7-5317-4d96-b69c-0b8bc350a941,2026-01-28 04:23:04.251866+00,91769fdc-a114-4000-8f44-f82dd550356a
bf8996e7-5317-4d96-b69c-0b8bc350a941,2026-01-28 04:23:04.251866+00,b34e59d1-8730-476b-be81-60bdb43b2574
bf8996e7-5317-4d96-b69c-0b8bc350a941,2026-01-28 04:23:04.251866+00,ee94e9d1-bce4-4792-a615-fed7cef20529
c3aef98e-b349-437b-bdab-eb35ba74fefe,2026-02-03 07:00:33.205+00,006a4a32-c0ac-4376-ab85-2de6835b1698
c3aef98e-b349-437b-bdab-eb35ba74fefe,2026-02-03 07:00:33.205+00,35180c06-6e4b-4556-8c59-3af2165f1741
c3aef98e-b349-437b-bdab-eb35ba74fefe,2026-02-03 07:00:33.205+00,49a3f530-0806-4112-981a-4257c37c0fc9
c3aef98e-b349-437b-bdab-eb35ba74fefe,2026-02-03 07:00:33.205+00,67ac85bc-eebc-4b82-8cf2-425386a13702
c3aef98e-b349-437b-bdab-eb35ba74fefe,2026-02-03 07:00:33.205+00,6d1a5a8b-8f3e-493e-8134-a857888fef41
c3aef98e-b349-437b-bdab-eb35ba74fefe,2026-02-03 07:00:33.205+00,84e5081b-631f-47db-b2ef-c0a35395f50e
c3aef98e-b349-437b-bdab-eb35ba74fefe,2026-02-03 07:00:33.205+00,9e35d701-7ebe-4aa8-8c9d-a9f7d6ba5512
c3aef98e-b349-437b-bdab-eb35ba74fefe,2026-02-03 07:00:33.205+00,a37a5bb1-811e-48bc-a626-b2e7c85570b7
c3aef98e-b349-437b-bdab-eb35ba74fefe,2026-02-03 07:00:33.205+00,ab8f4e17-52f3-40c5-a294-d6221b88cd11
c3aef98e-b349-437b-bdab-eb35ba74fefe,2026-02-03 07:00:33.205+00,ae58076c-ca18-4646-a4f0-0bad9d53a6a7
c3aef98e-b349-437b-bdab-eb35ba74fefe,2026-02-03 07:00:33.205+00,b34e59d1-8730-476b-be81-60bdb43b2574
c3aef98e-b349-437b-bdab-eb35ba74fefe,2026-02-03 07:00:33.205+00,c270e90b-f6ef-4d01-af45-a478093379a7
c3aef98e-b349-437b-bdab-eb35ba74fefe,2026-02-03 07:00:33.205+00,ee94e9d1-bce4-4792-a615-fed7cef20529
c3aef98e-b349-437b-bdab-eb35ba74fefe,2026-02-03 07:00:33.205+00,ef1a815e-46b2-4dd6-bf40-39eb5490317f
c6520718-de3c-4ace-b437-31dbfb6de9e0,2026-02-03 06:53:28.912383+00,006a4a32-c0ac-4376-ab85-2de6835b1698
c6520718-de3c-4ace-b437-31dbfb6de9e0,2026-02-03 06:53:28.912383+00,07148bea-c1df-4e4e-8d24-e993f87020f3
c6520718-de3c-4ace-b437-31dbfb6de9e0,2026-02-03 06:53:28.912383+00,1426fed3-0a2b-4a3b-bc5f-f5b5acf5c637
c6520718-de3c-4ace-b437-31dbfb6de9e0,2026-02-03 06:53:28.912383+00,35180c06-6e4b-4556-8c59-3af2165f1741
c6520718-de3c-4ace-b437-31dbfb6de9e0,2026-02-03 06:53:28.912383+00,49a3f530-0806-4112-981a-4257c37c0fc9
c6520718-de3c-4ace-b437-31dbfb6de9e0,2026-02-03 06:53:28.912383+00,669dd75e-9f55-4f5b-86bc-99916678d64b
c6520718-de3c-4ace-b437-31dbfb6de9e0,2026-02-03 06:53:28.912383+00,67ac85bc-eebc-4b82-8cf2-425386a13702
c6520718-de3c-4ace-b437-31dbfb6de9e0,2026-02-03 06:53:28.912383+00,6a9d1b7d-c715-4626-9b9b-c81e486cf25c
c6520718-de3c-4ace-b437-31dbfb6de9e0,2026-02-03 06:53:28.912383+00,6d1a5a8b-8f3e-493e-8134-a857888fef41
c6520718-de3c-4ace-b437-31dbfb6de9e0,2026-02-03 06:53:28.912383+00,8d23e23d-e38b-4fbc-a69f-4aba42da38fa
c6520718-de3c-4ace-b437-31dbfb6de9e0,2026-02-03 06:53:28.912383+00,8f4b2577-e4e1-482e-9045-d836105ad705
c6520718-de3c-4ace-b437-31dbfb6de9e0,2026-02-03 06:53:28.912383+00,b34e59d1-8730-476b-be81-60bdb43b2574
c6520718-de3c-4ace-b437-31dbfb6de9e0,2026-02-03 06:53:28.912383+00,c270e90b-f6ef-4d01-af45-a478093379a7
c6520718-de3c-4ace-b437-31dbfb6de9e0,2026-02-03 06:53:28.912383+00,df606167-32c5-4964-8629-15f9cd501e14
c6520718-de3c-4ace-b437-31dbfb6de9e0,2026-02-03 06:53:28.912383+00,ee94e9d1-bce4-4792-a615-fed7cef20529
c6dbc9dd-c57b-4e3c-b9c6-393300264b0b,2026-01-31 05:36:19.661571+00,006a4a32-c0ac-4376-ab85-2de6835b1698
c6dbc9dd-c57b-4e3c-b9c6-393300264b0b,2026-01-31 05:36:19.661571+00,0bab86f1-a45b-4721-b09a-c8a16689e5ab
c6dbc9dd-c57b-4e3c-b9c6-393300264b0b,2026-01-31 05:36:19.661571+00,240a8b56-de5f-49a0-ac36-8da42d7999f1
c6dbc9dd-c57b-4e3c-b9c6-393300264b0b,2026-01-31 05:36:19.661571+00,26e4558e-9e1d-469a-a11f-219d6e7678ce
c6dbc9dd-c57b-4e3c-b9c6-393300264b0b,2026-01-31 05:36:19.661571+00,35180c06-6e4b-4556-8c59-3af2165f1741
c6dbc9dd-c57b-4e3c-b9c6-393300264b0b,2026-01-31 05:36:19.661571+00,35212ec6-3f60-4144-b8f0-37b8a1c1058c
c6dbc9dd-c57b-4e3c-b9c6-393300264b0b,2026-01-31 05:36:19.661571+00,421b2c0e-0634-4200-8350-733d2a7ae7e9
c6dbc9dd-c57b-4e3c-b9c6-393300264b0b,2026-01-31 05:36:19.661571+00,49a3f530-0806-4112-981a-4257c37c0fc9
c6dbc9dd-c57b-4e3c-b9c6-393300264b0b,2026-01-31 05:36:19.661571+00,67ac85bc-eebc-4b82-8cf2-425386a13702
c6dbc9dd-c57b-4e3c-b9c6-393300264b0b,2026-01-31 05:36:19.661571+00,6d1a5a8b-8f3e-493e-8134-a857888fef41
cbbacd12-cac4-4f81-8c07-999601b604dd,2026-02-03 06:58:34.379155+00,669dd75e-9f55-4f5b-86bc-99916678d64b
cbbacd12-cac4-4f81-8c07-999601b604dd,2026-02-03 06:58:34.379155+00,6d1a5a8b-8f3e-493e-8134-a857888fef41
cbbacd12-cac4-4f81-8c07-999601b604dd,2026-02-03 06:58:34.379155+00,df606167-32c5-4964-8629-15f9cd501e14
ce63e6d4-32ac-460b-bf44-874d7f9ef805,2026-01-29 18:14:04.478107+00,006a4a32-c0ac-4376-ab85-2de6835b1698
ce63e6d4-32ac-460b-bf44-874d7f9ef805,2026-01-29 18:14:04.478107+00,26e4558e-9e1d-469a-a11f-219d6e7678ce
ce63e6d4-32ac-460b-bf44-874d7f9ef805,2026-01-29 18:14:04.478107+00,35180c06-6e4b-4556-8c59-3af2165f1741
ce63e6d4-32ac-460b-bf44-874d7f9ef805,2026-01-29 18:14:04.478107+00,49a3f530-0806-4112-981a-4257c37c0fc9
ce63e6d4-32ac-460b-bf44-874d7f9ef805,2026-01-29 18:14:04.478107+00,67ac85bc-eebc-4b82-8cf2-425386a13702
ce63e6d4-32ac-460b-bf44-874d7f9ef805,2026-01-29 18:14:04.478107+00,6d1a5a8b-8f3e-493e-8134-a857888fef41
d5327004-9b33-4656-8672-9c02c3d71398,2026-02-03 07:03:27.099718+00,006a4a32-c0ac-4376-ab85-2de6835b1698
d5327004-9b33-4656-8672-9c02c3d71398,2026-02-03 07:03:27.099718+00,35180c06-6e4b-4556-8c59-3af2165f1741
d5327004-9b33-4656-8672-9c02c3d71398,2026-02-03 07:03:27.099718+00,421b2c0e-0634-4200-8350-733d2a7ae7e9
d5327004-9b33-4656-8672-9c02c3d71398,2026-02-03 07:03:27.099718+00,49a3f530-0806-4112-981a-4257c37c0fc9
d5327004-9b33-4656-8672-9c02c3d71398,2026-02-03 07:03:27.099718+00,5188061d-5d82-446a-ad99-d23fc07185b5
d5327004-9b33-4656-8672-9c02c3d71398,2026-02-03 07:03:27.099718+00,67ac85bc-eebc-4b82-8cf2-425386a13702
d5327004-9b33-4656-8672-9c02c3d71398,2026-02-03 07:03:27.099718+00,6d1a5a8b-8f3e-493e-8134-a857888fef41
d5327004-9b33-4656-8672-9c02c3d71398,2026-02-03 07:03:27.099718+00,a37a5bb1-811e-48bc-a626-b2e7c85570b7
d5327004-9b33-4656-8672-9c02c3d71398,2026-02-03 07:03:27.099718+00,a3d706d4-7e17-4edb-a7dc-c7ee5e59141a
d5327004-9b33-4656-8672-9c02c3d71398,2026-02-03 07:03:27.099718+00,ae58076c-ca18-4646-a4f0-0bad9d53a6a7
d5327004-9b33-4656-8672-9c02c3d71398,2026-02-03 07:03:27.099718+00,ef3d5273-e012-4263-a5d8-06aa6e145348
d5327004-9b33-4656-8672-9c02c3d71398,2026-02-03 07:03:27.099718+00,f5a9090d-f234-4f3e-8e39-cb33ea0afff7
d8ea2af1-8454-4123-bd76-b4a7839b2984,2026-02-03 06:59:54.801575+00,006a4a32-c0ac-4376-ab85-2de6835b1698
d8ea2af1-8454-4123-bd76-b4a7839b2984,2026-02-03 06:59:54.801575+00,35180c06-6e4b-4556-8c59-3af2165f1741
d8ea2af1-8454-4123-bd76-b4a7839b2984,2026-02-03 06:59:54.801575+00,67ac85bc-eebc-4b82-8cf2-425386a13702
d8ea2af1-8454-4123-bd76-b4a7839b2984,2026-02-03 06:59:54.801575+00,6d1a5a8b-8f3e-493e-8134-a857888fef41
dfaf2e6f-6f24-4508-b7b1-b3ab65dfa8d7,2026-02-03 06:57:39.506902+00,006a4a32-c0ac-4376-ab85-2de6835b1698
dfaf2e6f-6f24-4508-b7b1-b3ab65dfa8d7,2026-02-03 06:57:39.506902+00,0364a0d5-16a8-4f7e-8068-9c0e6ea3838c
dfaf2e6f-6f24-4508-b7b1-b3ab65dfa8d7,2026-02-03 06:57:39.506902+00,24423951-5a17-4cd0-9772-9b1e994e24ab
dfaf2e6f-6f24-4508-b7b1-b3ab65dfa8d7,2026-02-03 06:57:39.506902+00,35180c06-6e4b-4556-8c59-3af2165f1741
dfaf2e6f-6f24-4508-b7b1-b3ab65dfa8d7,2026-02-03 06:57:39.506902+00,49a3f530-0806-4112-981a-4257c37c0fc9
dfaf2e6f-6f24-4508-b7b1-b3ab65dfa8d7,2026-02-03 06:57:39.506902+00,67ac85bc-eebc-4b82-8cf2-425386a13702
dfaf2e6f-6f24-4508-b7b1-b3ab65dfa8d7,2026-02-03 06:57:39.506902+00,6d1a5a8b-8f3e-493e-8134-a857888fef41
dfaf2e6f-6f24-4508-b7b1-b3ab65dfa8d7,2026-02-03 06:57:39.506902+00,77b5c5d4-5d09-42d8-bc0e-203692f930c8
dfaf2e6f-6f24-4508-b7b1-b3ab65dfa8d7,2026-02-03 06:57:39.506902+00,bb9fdc18-58ec-4b7d-95e7-102b985bb3a0
e173ce10-aa35-49f0-924f-ada25b129105,2026-02-03 07:03:14.595139+00,006a4a32-c0ac-4376-ab85-2de6835b1698
e173ce10-aa35-49f0-924f-ada25b129105,2026-02-03 07:03:14.595139+00,252dc82e-eaf1-413f-a616-e772da561fdd
e173ce10-aa35-49f0-924f-ada25b129105,2026-02-03 07:03:14.595139+00,35180c06-6e4b-4556-8c59-3af2165f1741
e173ce10-aa35-49f0-924f-ada25b129105,2026-02-03 07:03:14.595139+00,421b2c0e-0634-4200-8350-733d2a7ae7e9
e173ce10-aa35-49f0-924f-ada25b129105,2026-02-03 07:03:14.595139+00,49a3f530-0806-4112-981a-4257c37c0fc9
e173ce10-aa35-49f0-924f-ada25b129105,2026-02-03 07:03:14.595139+00,67ac85bc-eebc-4b82-8cf2-425386a13702
e173ce10-aa35-49f0-924f-ada25b129105,2026-02-03 07:03:14.595139+00,6d1a5a8b-8f3e-493e-8134-a857888fef41
e173ce10-aa35-49f0-924f-ada25b129105,2026-02-03 07:03:14.595139+00,8384f29c-41cc-44b2-a66f-2e6eadba313c
e823b2aa-efe0-4580-9a59-67831caf6712,2026-02-09 05:56:13.972413+00,006a4a32-c0ac-4376-ab85-2de6835b1698
e823b2aa-efe0-4580-9a59-67831caf6712,2026-02-09 05:56:13.972413+00,35180c06-6e4b-4556-8c59-3af2165f1741
e823b2aa-efe0-4580-9a59-67831caf6712,2026-02-09 05:56:13.972413+00,49a3f530-0806-4112-981a-4257c37c0fc9
e823b2aa-efe0-4580-9a59-67831caf6712,2026-02-09 05:56:13.972413+00,669dd75e-9f55-4f5b-86bc-99916678d64b
e823b2aa-efe0-4580-9a59-67831caf6712,2026-02-09 05:56:13.972413+00,67ac85bc-eebc-4b82-8cf2-425386a13702
e823b2aa-efe0-4580-9a59-67831caf6712,2026-02-09 05:56:13.972413+00,6d1a5a8b-8f3e-493e-8134-a857888fef41
e823b2aa-efe0-4580-9a59-67831caf6712,2026-02-09 05:56:13.972413+00,df606167-32c5-4964-8629-15f9cd501e14
ee5034a7-51a9-411e-935d-b060d1815cf5,2026-02-03 06:59:36.114394+00,006a4a32-c0ac-4376-ab85-2de6835b1698
ee5034a7-51a9-411e-935d-b060d1815cf5,2026-02-03 06:59:36.114394+00,35180c06-6e4b-4556-8c59-3af2165f1741
ee5034a7-51a9-411e-935d-b060d1815cf5,2026-02-03 06:59:36.114394+00,49a3f530-0806-4112-981a-4257c37c0fc9
ee5034a7-51a9-411e-935d-b060d1815cf5,2026-02-03 06:59:36.114394+00,67ac85bc-eebc-4b82-8cf2-425386a13702
ee5034a7-51a9-411e-935d-b060d1815cf5,2026-02-03 06:59:36.114394+00,6d1a5a8b-8f3e-493e-8134-a857888fef41
eef51c92-1567-4bed-a176-68e85a7867aa,2026-01-28 04:23:33.404792+00,006a4a32-c0ac-4376-ab85-2de6835b1698
eef51c92-1567-4bed-a176-68e85a7867aa,2026-01-28 04:23:33.404792+00,1a4060de-cff4-46ee-bf97-7c9b071b1210
eef51c92-1567-4bed-a176-68e85a7867aa,2026-01-28 04:23:33.404792+00,35180c06-6e4b-4556-8c59-3af2165f1741
eef51c92-1567-4bed-a176-68e85a7867aa,2026-01-28 04:23:33.404792+00,49a3f530-0806-4112-981a-4257c37c0fc9
eef51c92-1567-4bed-a176-68e85a7867aa,2026-01-28 04:23:33.404792+00,5188061d-5d82-446a-ad99-d23fc07185b5
eef51c92-1567-4bed-a176-68e85a7867aa,2026-01-28 04:23:33.404792+00,67ac85bc-eebc-4b82-8cf2-425386a13702
eef51c92-1567-4bed-a176-68e85a7867aa,2026-01-28 04:23:33.404792+00,6d1a5a8b-8f3e-493e-8134-a857888fef41
eef51c92-1567-4bed-a176-68e85a7867aa,2026-01-28 04:23:33.404792+00,a3d706d4-7e17-4edb-a7dc-c7ee5e59141a
eef51c92-1567-4bed-a176-68e85a7867aa,2026-01-28 04:23:33.404792+00,ab8f4e17-52f3-40c5-a294-d6221b88cd11
eef51c92-1567-4bed-a176-68e85a7867aa,2026-01-28 04:23:33.404792+00,ee94e9d1-bce4-4792-a615-fed7cef20529
eef51c92-1567-4bed-a176-68e85a7867aa,2026-01-28 04:23:33.404792+00,ef1a815e-46b2-4dd6-bf40-39eb5490317f
fb9e638c-c71b-473a-bd22-202924ba3c64,2026-02-03 06:56:38.590927+00,006a4a32-c0ac-4376-ab85-2de6835b1698
fb9e638c-c71b-473a-bd22-202924ba3c64,2026-02-03 06:56:38.590927+00,35180c06-6e4b-4556-8c59-3af2165f1741
fb9e638c-c71b-473a-bd22-202924ba3c64,2026-02-03 06:56:38.590927+00,49a3f530-0806-4112-981a-4257c37c0fc9
fb9e638c-c71b-473a-bd22-202924ba3c64,2026-02-03 06:56:38.590927+00,669dd75e-9f55-4f5b-86bc-99916678d64b
fb9e638c-c71b-473a-bd22-202924ba3c64,2026-02-03 06:56:38.590927+00,67ac85bc-eebc-4b82-8cf2-425386a13702
fb9e638c-c71b-473a-bd22-202924ba3c64,2026-02-03 06:56:38.590927+00,6d1a5a8b-8f3e-493e-8134-a857888fef41
fb9e638c-c71b-473a-bd22-202924ba3c64,2026-02-03 06:56:38.590927+00,df606167-32c5-4964-8629-15f9cd501e14
fb9e638c-c71b-473a-bd22-202924ba3c64,2026-02-03 06:56:38.590927+00,ee94e9d1-bce4-4792-a615-fed7cef20529
fbb55cf9-7f1c-429e-8852-b43684e3ac46,2026-01-28 04:23:18.159041+00,006a4a32-c0ac-4376-ab85-2de6835b1698
fbb55cf9-7f1c-429e-8852-b43684e3ac46,2026-01-28 04:23:18.159041+00,1426fed3-0a2b-4a3b-bc5f-f5b5acf5c637
fbb55cf9-7f1c-429e-8852-b43684e3ac46,2026-01-28 04:23:18.159041+00,35180c06-6e4b-4556-8c59-3af2165f1741
fbb55cf9-7f1c-429e-8852-b43684e3ac46,2026-01-28 04:23:18.159041+00,49a3f530-0806-4112-981a-4257c37c0fc9
fbb55cf9-7f1c-429e-8852-b43684e3ac46,2026-01-28 04:23:18.159041+00,5188061d-5d82-446a-ad99-d23fc07185b5
fbb55cf9-7f1c-429e-8852-b43684e3ac46,2026-01-28 04:23:18.159041+00,67ac85bc-eebc-4b82-8cf2-425386a13702
fbb55cf9-7f1c-429e-8852-b43684e3ac46,2026-01-28 04:23:18.159041+00,6d1a5a8b-8f3e-493e-8134-a857888fef41
fbb55cf9-7f1c-429e-8852-b43684e3ac46,2026-01-28 04:23:18.159041+00,a3d706d4-7e17-4edb-a7dc-c7ee5e59141a
fbb55cf9-7f1c-429e-8852-b43684e3ac46,2026-01-28 04:23:18.159041+00,ab8f4e17-52f3-40c5-a294-d6221b88cd11
fbb55cf9-7f1c-429e-8852-b43684e3ac46,2026-01-28 04:23:18.159041+00,b34e59d1-8730-476b-be81-60bdb43b2574
fbb55cf9-7f1c-429e-8852-b43684e3ac46,2026-01-28 04:23:18.159041+00,c270e90b-f6ef-4d01-af45-a478093379a7