id,watch_date,user_id,movie_id,watch_method
02352dd4-bd1c-4cc1-9c61-cf0e39e70d9d,2024-11-29,7a19f60a-9864-42f9-91fa-96e5433218ee,55da6e1f-fafb-4e65-893e-963a2eae2fd1,At Home
031bf89f-848b-43f9-9446-3f46a510d21b,2024-12-18,02e69be6-32eb-447e-9a0c-9469dc5ea41e,da258b24-1b69-42d2-9064-dabaa251502e,At Home
0508264e-875f-4682-b468-29e69262651e,2024-12-12,02e69be6-32eb-447e-9a0c-9469dc5ea41e,461d01a3-28e3-4b0b-b09c-cb2649c2b574,At Home
05ccda55-5d0e-42d0-8ff5-ab8c27d64020,2025-10-05,02e69be6-32eb-447e-9a0c-9469dc5ea41e,bf29a200-b18f-4887-8950-3dfe357f3ed3,At Home
069dde3a-ebef-4141-a44e-d854e3ced7c6,2026-01-11,02e69be6-32eb-447e-9a0c-9469dc5ea41e,731a959e-cd03-4adc-8629-8896baa5909b,At Home
06de394b-6c36-4024-82cc-74ec76b53007,2024-12-01,02e69be6-32eb-447e-9a0c-9469dc5ea41e,fd2d6a40-d45f-4456-b4dc-4c0f3ffc951e,At Home
07be43c6-61ed-4d36-9d2a-a5e8c763921d,2025-12-29,7a19f60a-9864-42f9-91fa-96e5433218ee,47506a65-e2c2-4aaf-b9f4-1354b2a104b6,At Home
08418142-3ffb-4922-bbb4-dee81329c469,2025-08-30,02e69be6-32eb-447e-9a0c-9469dc5ea41e,27ef9d2b-f6d4-47a5-b780-9cb30b019fe6,At Home
085ca8f6-40d9-46cd-be96-0e43f1ed183a,2015-02-10,02e69be6-32eb-447e-9a0c-9469dc5ea41e,a2735300-fc1d-4b67-895f-eaf085260462,At Home
09391089-5051-48a3-a6b2-1947755d4d94,2025-05-28,02e69be6-32eb-447e-9a0c-9469dc5ea41e,0f7ef0be-975a-4229-ba13-a0c779769467,At Home
09409308-c89f-48e9-8a5b-688fecc60a79,2026-01-28,02e69be6-32eb-447e-9a0c-9469dc5ea41e,5b5e24b0-5cf8-4d62-9e8b-5c063bad442a,At Home
0ce1d72c-17ec-46a1-8170-3704431373f5,2025-09-28,02e69be6-32eb-447e-9a0c-9469dc5ea41e,1adaa710-002b-4210-a8a2-4391b0454e47,At Home
0e12ec9e-0da1-4eb3-9f0a-028f1702c9e5,2025-01-22,02e69be6-32eb-447e-9a0c-9469dc5ea41e,06a198e8-39fa-4b4c-a96b-ba2fbc71c78e,At Home
0ed54279-6c11-44d9-a4ae-fb2cdc1f3ca5,2024-12-05,02e69be6-32eb-447e-9a0c-9469dc5ea41e,45881880-57dd-4495-8501-6158f3db170e,At Home
0f8a8b86-406a-400a-a068-16806f021b24,2012-07-11,02e69be6-32eb-447e-9a0c-9469dc5ea41e,50644cc9-1d2d-49c4-94d8-6fca5ef267c5,In Theater
102c588e-a3c7-4546-a908-f087ed1fc047,2025-08-12,7a19f60a-9864-42f9-91fa-96e5433218ee,c1fc271b-9cf6-403f-8c3a-ee324f336e71,At Home
11569e2b-60f2-49b2-90a2-8bc4c7121aee,2025-11-11,7a19f60a-9864-42f9-91fa-96e5433218ee,c3dd248e-590c-4700-bee2-9cb4f5997014,At Home
1241dfe3-6a8d-48d2-b263-fec1bea258e2,2024-12-16,02e69be6-32eb-447e-9a0c-9469dc5ea41e,9641662f-df87-4b3b-9062-85ce81ffe8c5,At Home
12c9b715-155d-446d-b595-68c7ade36289,2025-10-18,02e69be6-32eb-447e-9a0c-9469dc5ea41e,bc7051c3-24ff-4c01-870e-1268903fbcb3,At Home
13759774-643e-42be-b252-4e124851cc20,2023-12-28,02e69be6-32eb-447e-9a0c-9469dc5ea41e,71454d40-1dcd-4c00-985b-adf7b73730fc,At Home
14045543-1949-4dca-bd92-c1a5cb69674a,2024-12-08,02e69be6-32eb-447e-9a0c-9469dc5ea41e,9db2aa03-e9c9-40ba-bcbd-338770de0ca6,At Home
14294f10-8ae7-4648-a793-370ef4da3823,2025-11-12,7a19f60a-9864-42f9-91fa-96e5433218ee,5d967040-0b79-41a5-9e26-81d4ae4306bb,At Home
1446f1fd-71c5-4f0d-a9f5-cca60dfb70e8,2023-11-23,02e69be6-32eb-447e-9a0c-9469dc5ea41e,461d01a3-28e3-4b0b-b09c-cb2649c2b574,At Home
147fd532-46ca-43f8-9344-1e60a45eec62,2022-02-01,02e69be6-32eb-447e-9a0c-9469dc5ea41e,0975c319-f728-4597-ac7a-a73c9e82bebf,At Home
159b498c-b643-4bc1-9128-c57ea27f1558,2025-10-01,02e69be6-32eb-447e-9a0c-9469dc5ea41e,50644cc9-1d2d-49c4-94d8-6fca5ef267c5,At Home
16bd11ba-b4c8-4ae3-90f4-5cc7bebe0f77,2025-02-22,02e69be6-32eb-447e-9a0c-9469dc5ea41e,2114141d-0570-4436-8d61-84bf9abdb074,At Home
193d12b6-79de-4a07-b8b4-431e059d74f4,2026-01-24,7a19f60a-9864-42f9-91fa-96e5433218ee,653e9b9f-f967-4cce-acbc-1a1d95edc8d7,At Home
194ce6b0-e52e-4ec0-bf26-17aa0f9674c2,2025-08-25,02e69be6-32eb-447e-9a0c-9469dc5ea41e,51982468-6f17-422e-bf95-be99861437db,At Home
1960b004-8782-4108-8521-d4a3e510b110,2026-01-06,02e69be6-32eb-447e-9a0c-9469dc5ea41e,f4a34286-f03b-4c0e-b512-8cec688eebcb,At Home
1a3fa8a5-7a11-4f00-838e-c4b0518c204c,2024-12-17,02e69be6-32eb-447e-9a0c-9469dc5ea41e,440c47eb-f600-4a36-aef5-dd9d4b8a32cb,At Home
1aa91f73-14cb-40c7-8baf-c21d68d0f6de,2025-06-13,02e69be6-32eb-447e-9a0c-9469dc5ea41e,9c47efa4-e944-4767-b5f2-70f7e489a26f,At Home
1ace19dd-79a0-483c-aa74-09453b724b71,2025-12-16,02e69be6-32eb-447e-9a0c-9469dc5ea41e,13167567-f10a-4b1d-a5de-17b2812e400c,At Home
1aeeaf68-7b62-4c4f-a988-18f60f8fbba6,2025-08-31,02e69be6-32eb-447e-9a0c-9469dc5ea41e,b0dd5067-ebba-4053-aff8-1dfdcfd1d227,At Home
1bfff676-b9c5-4d72-bfc5-c1e7a5eefadd,2010-03-10,02e69be6-32eb-447e-9a0c-9469dc5ea41e,88a10c9c-3b04-4d8e-a9f9-ab793a237c8a,At Home
1d33c19a-449b-48f8-ba9b-3160b9240487,2019-05-06,02e69be6-32eb-447e-9a0c-9469dc5ea41e,62d45fa9-b876-4964-a51b-d853e8ac2e88,At Home
1d4e6100-4a51-4a97-9898-0f6db519cd4f,2023-06-06,02e69be6-32eb-447e-9a0c-9469dc5ea41e,b36ace1f-b0bb-4a58-9f59-c95e0be99217,At Home
1dfc5ad6-c553-40fb-8357-dd4577bc8f2b,2026-01-07,7a19f60a-9864-42f9-91fa-96e5433218ee,b7437cda-13b9-490d-86ec-740a317cbd6d,In Theater
1ef3f13c-35b3-48c6-a285-379f2130dd88,2023-07-19,02e69be6-32eb-447e-9a0c-9469dc5ea41e,71454d40-1dcd-4c00-985b-adf7b73730fc,At Home
2046ebd0-6018-4638-a60b-f53576cc937f,2026-02-03,ef487192-cee2-4ac8-8dd1-2b8d4ca20d54,2b8fe9cd-7791-493d-a83f-6f04005fda88,At Home
23554d3e-8ace-45b5-97bc-0468aa597bd0,2025-08-10,02e69be6-32eb-447e-9a0c-9469dc5ea41e,3dbc0fa6-acbe-407d-94e7-b83f483a5a25,At Home
26176818-7485-4103-83aa-f555d510dbb7,2022-02-01,02e69be6-32eb-447e-9a0c-9469dc5ea41e,db81279c-3ed8-426d-bb64-3d6a33a00d91,At Home
26d2e7a2-95c1-4f58-8c22-77dc473765a2,2025-09-04,02e69be6-32eb-447e-9a0c-9469dc5ea41e,6c7ded31-d2ad-4080-b25b-5ac6bc7ddbf2,At Home
26da19c9-aa87-4d34-8bda-aa0ad158514b,2025-01-28,02e69be6-32eb-447e-9a0c-9469dc5ea41e,16d53720-c0a6-456b-b41e-f921101768a7,At Home
29884bf0-73e8-42e6-b94a-239db5a22568,2024-12-13,02e69be6-32eb-447e-9a0c-9469dc5ea41e,b36ace1f-b0bb-4a58-9f59-c95e0be99217,At Home
29b94661-95a6-40db-98be-ad51e51a3d1b,2024-12-17,02e69be6-32eb-447e-9a0c-9469dc5ea41e,287fda16-1928-42ad-953b-7dd02793b1eb,At Home
2ae2d5b0-0393-42cf-988f-86d3464ef87b,2025-09-06,02e69be6-32eb-447e-9a0c-9469dc5ea41e,b5f231f8-3342-4bbb-83ce-2debe33e1115,At Home
2d2ce2aa-f34f-48fb-8172-e19325cfb5a5,2025-11-14,7a19f60a-9864-42f9-91fa-96e5433218ee,fba8b66b-8e4a-42b2-afbc-d2d59f95c2ad,In Theater
2d49ea3a-49fd-4a33-b161-e44957895dec,2025-09-11,02e69be6-32eb-447e-9a0c-9469dc5ea41e,bb9fc7e6-8de4-46ed-809c-2f1b65759435,At Home
2d611397-f302-4dcc-b756-947f3fe903dc,2025-11-14,02e69be6-32eb-447e-9a0c-9469dc5ea41e,fba8b66b-8e4a-42b2-afbc-d2d59f95c2ad,In Theater
2f6cea43-cf32-4376-8c2d-8722a6f3b74e,2017-07-07,02e69be6-32eb-447e-9a0c-9469dc5ea41e,48154403-8503-4b35-a477-9d11c95aba00,At Home
2f9eae2e-e4ac-4d47-a476-d3f57be2f96c,2017-06-07,02e69be6-32eb-447e-9a0c-9469dc5ea41e,fd2d6a40-d45f-4456-b4dc-4c0f3ffc951e,At Home
330a6f24-4735-4543-8ac4-6b3e3209bba4,2025-07-20,02e69be6-32eb-447e-9a0c-9469dc5ea41e,a01a3c11-53eb-47ef-9e00-31fbbea46b17,At Home
347d4737-9114-4e55-95cb-40653d9bd8a0,2025-10-16,7a19f60a-9864-42f9-91fa-96e5433218ee,1bcac2d7-0dd3-440f-b590-e55f26af7436,At Home
34bc9150-f5dc-4ff1-9c82-fd854f73c120,2025-08-22,02e69be6-32eb-447e-9a0c-9469dc5ea41e,5ae07954-45c3-43b1-ae5a-d2aba1c1ef76,At Home
35d9ef01-a114-471a-b302-8c142102b8f7,2025-09-22,02e69be6-32eb-447e-9a0c-9469dc5ea41e,7bd54cd1-a308-461c-b487-82b38e7a4953,At Home
39c97a90-c941-4071-acef-c1f02ec3940b,2021-06-10,02e69be6-32eb-447e-9a0c-9469dc5ea41e,45881880-57dd-4495-8501-6158f3db170e,At Home
39f0b8b1-a5f8-4309-9bc1-c02c9e2e473e,2025-10-11,02e69be6-32eb-447e-9a0c-9469dc5ea41e,45c1bb98-05b6-4498-b083-55aa2fccdd45,At Home
3a698923-685e-45de-8233-12ff600ca852,2012-05-14,02e69be6-32eb-447e-9a0c-9469dc5ea41e,1adaa710-002b-4210-a8a2-4391b0454e47,At Home
3b2d1e2e-d684-4e35-aa1b-b4395dcbb799,2025-10-30,02e69be6-32eb-447e-9a0c-9469dc5ea41e,49de1947-0763-4c40-b2b9-380e46d43341,At Home
3c4fdb95-b357-477c-bb60-9659fac85092,2026-01-30,02e69be6-32eb-447e-9a0c-9469dc5ea41e,b01ebcec-ac3b-4883-88b4-536f29c9e4c4,At Home
3ce5b9d5-5e2d-4312-859e-af51dd09de85,2025-11-09,02e69be6-32eb-447e-9a0c-9469dc5ea41e,d15f381d-f4a7-4286-b245-899060896e25,At Home
3e35f633-d6d8-43e0-bd69-0e5499936b49,2025-11-12,7a19f60a-9864-42f9-91fa-96e5433218ee,01be80c1-03c8-415d-a8b6-7b7d9d045047,At Home
3eec95b1-d4db-4a24-a6ff-07419df1a871,2025-09-16,02e69be6-32eb-447e-9a0c-9469dc5ea41e,21f2ab21-8a18-4326-96d5-ef12745dabee,At Home
3f959c3b-723a-4140-8a37-d19a00bd08d1,2025-05-25,02e69be6-32eb-447e-9a0c-9469dc5ea41e,d989fc27-30db-45bb-9264-16e269df05e9,At Home
401808b6-d96a-47cb-bcac-1ceda7034e52,2021-10-09,02e69be6-32eb-447e-9a0c-9469dc5ea41e,ee477c9c-a805-436e-b9e4-dfa7e8db61de,In Theater
40a0e20a-21c3-4959-9133-0df0338c9f8c,2025-08-11,02e69be6-32eb-447e-9a0c-9469dc5ea41e,68a2908a-f5b9-4ce6-b292-1ee57feb6425,At Home
40eace0b-d171-422c-9169-f429a252be25,2016-01-11,02e69be6-32eb-447e-9a0c-9469dc5ea41e,92ade00d-e9f0-410b-abd7-4fd8ef7dc16e,At Home
41022c5c-0e2f-4089-9845-cc2e411003f7,2009-09-14,02e69be6-32eb-447e-9a0c-9469dc5ea41e,bc76b58b-325f-43ea-ba7a-2e95374c8c1b,At Home
42901ece-5f37-4b54-81f2-98deb32b6f27,2025-11-05,02e69be6-32eb-447e-9a0c-9469dc5ea41e,6d947656-3052-4a37-a443-1207b4201ed8,At Home
42f8ad7a-5181-4f89-a29b-948f28f4b98b,2015-12-28,02e69be6-32eb-447e-9a0c-9469dc5ea41e,bc2d6131-35e2-437d-8a95-b4abc41e8b79,At Home
434c509b-f1f1-41a5-ad1a-fe572ae54e01,2008-01-29,02e69be6-32eb-447e-9a0c-9469dc5ea41e,400cf67b-aec6-4345-964f-e4ad676d4d72,At Home
438bd9a3-3914-49e9-b3fc-8079bbc2e9f1,2025-04-19,02e69be6-32eb-447e-9a0c-9469dc5ea41e,6fdf387b-9aab-4c9a-8685-f7c142f2cc61,At Home
44def4c6-de06-4535-ad36-af5e36e1072b,2026-02-02,7a19f60a-9864-42f9-91fa-96e5433218ee,bc7051c3-24ff-4c01-870e-1268903fbcb3,At Home
456a3245-6914-4431-8d14-293cba5869ed,2023-12-14,02e69be6-32eb-447e-9a0c-9469dc5ea41e,461d01a3-28e3-4b0b-b09c-cb2649c2b574,At Home
4606d8f2-a3fd-469d-9ed4-68efaa0de6b1,2025-10-27,02e69be6-32eb-447e-9a0c-9469dc5ea41e,3cd2e735-a7b3-4ae2-b968-6b3eb081066e,At Home
4730b86a-00c0-499a-973a-0a00988c207c,2015-02-03,02e69be6-32eb-447e-9a0c-9469dc5ea41e,bc7051c3-24ff-4c01-870e-1268903fbcb3,At Home
4763a9cd-54a6-4761-bd16-45b99e053582,2026-01-05,02e69be6-32eb-447e-9a0c-9469dc5ea41e,c3dd248e-590c-4700-bee2-9cb4f5997014,At Home
48ce3ebd-7c03-4180-9c88-abff722dc44d,2010-06-08,02e69be6-32eb-447e-9a0c-9469dc5ea41e,9147a5cb-f9eb-427e-95ed-8ff51d372b1a,At Home
49b9fd4b-8fec-42cf-bb08-9535c1fd5c86,2025-01-17,02e69be6-32eb-447e-9a0c-9469dc5ea41e,e73704e1-6dee-4828-bb1f-921e02d7bd1b,In Theater
4a522b83-f4c8-4ee9-aac7-9a7c0166686f,2015-06-24,02e69be6-32eb-447e-9a0c-9469dc5ea41e,bb9fc7e6-8de4-46ed-809c-2f1b65759435,At Home
4a762d2e-476e-4843-aabd-d58d6c300add,2025-12-28,02e69be6-32eb-447e-9a0c-9469dc5ea41e,ae2da529-2556-4901-8ea0-e76221587828,At Home
4a8c7bf6-2cff-4acc-97ce-953d3fa61780,2013-10-15,02e69be6-32eb-447e-9a0c-9469dc5ea41e,d6bebb69-c66f-464d-a0d6-1becad315aa3,At Home
4c60ae94-07d6-4882-be64-b4078ec819d3,2025-11-20,7a19f60a-9864-42f9-91fa-96e5433218ee,c42c096f-35fb-4052-ae32-0ce00a013abf,At Home
4cfa7e39-576d-4822-be22-1529f1b5ba9d,2024-12-07,02e69be6-32eb-447e-9a0c-9469dc5ea41e,2ed9292d-0258-45be-b04e-e412b74abc0a,At Home
4d2bf169-cf60-4dcd-9a5d-3bc3951e2333,2024-12-14,02e69be6-32eb-447e-9a0c-9469dc5ea41e,db81279c-3ed8-426d-bb64-3d6a33a00d91,At Home
51ec221a-7cd1-4a2e-acd5-7fbbdd91af94,2024-12-09,02e69be6-32eb-447e-9a0c-9469dc5ea41e,3e69e1bc-90ae-4c08-9496-b70c75b7d523,At Home
51f936be-f419-4a66-a797-8810dbdc13b3,2025-08-07,02e69be6-32eb-447e-9a0c-9469dc5ea41e,088e116f-839e-41d1-8305-110ca0059eb5,At Home
531339c0-dd57-46c3-beb2-4c0b9347a041,2026-02-12,dec05f71-5143-4df6-af9d-f855fdc1c75a,bade7a1a-7a46-4ee3-b165-2583b387d47f,At Home
53160de2-ac91-4c10-8f68-1cd4716eb1f8,2025-09-23,02e69be6-32eb-447e-9a0c-9469dc5ea41e,78380afb-5b46-4794-9f5a-2b828fae3769,At Home
544a72a5-9942-4a40-8511-53421ab821fc,2025-10-16,7a19f60a-9864-42f9-91fa-96e5433218ee,93297d01-f819-4757-a64d-99e2d544b704,At Home
5460d5f2-547b-41b4-9d0f-b19c12412088,2026-01-19,02e69be6-32eb-447e-9a0c-9469dc5ea41e,1e45b8b3-f64a-4172-9d54-b429faef40fa,At Home
54f3570d-fd85-427d-837d-46828e6fa454,2019-10-07,02e69be6-32eb-447e-9a0c-9469dc5ea41e,48154403-8503-4b35-a477-9d11c95aba00,At Home
55fb2357-273f-43ee-ac7d-32a037ce53c4,2025-10-29,02e69be6-32eb-447e-9a0c-9469dc5ea41e,2eb7bb02-48d6-4397-a8b7-4080862efc4e,At Home
572a7b07-b233-4a43-8aa5-a233702d7495,2025-12-09,02e69be6-32eb-447e-9a0c-9469dc5ea41e,b680d130-30cf-4093-8602-9c09e062cf0b,At Home
583d5410-fdfa-4f0b-bcd0-c1b8239e45c4,2015-11-19,02e69be6-32eb-447e-9a0c-9469dc5ea41e,c37c6bdf-e3db-4404-a77a-d947cedd0387,In Theater
5a37de6c-547a-46d0-95f1-d1acae8b7b6c,2025-10-25,02e69be6-32eb-447e-9a0c-9469dc5ea41e,153e220b-1af7-46e5-bb92-7be4975826fd,At Home
5b012384-467e-403f-abdb-967331e19934,2025-08-19,02e69be6-32eb-447e-9a0c-9469dc5ea41e,d5f3a604-bbe6-470a-9499-2aff7aa74fec,At Home
5b34423e-7659-4f45-8ff9-f4b27527712f,2026-01-04,02e69be6-32eb-447e-9a0c-9469dc5ea41e,d0e0580b-b85b-4871-9851-a952c4e2e875,At Home
5b559927-06b1-4981-8f2b-39d00f115d86,2025-09-29,02e69be6-32eb-447e-9a0c-9469dc5ea41e,653e9b9f-f967-4cce-acbc-1a1d95edc8d7,At Home
5bc3271e-d87f-4245-8c67-1bea3e3eeaaa,2025-09-10,7a19f60a-9864-42f9-91fa-96e5433218ee,eec769e9-a56b-49d1-9d30-fe62a8e05b1d,At Home
5d189fc1-1586-492f-ab3e-32381b2ed265,2025-04-06,02e69be6-32eb-447e-9a0c-9469dc5ea41e,2164d4f8-1c62-4681-b0e3-486110f2fbfa,At Home
618425cc-0c85-4658-9422-57868b956ca9,2025-08-17,02e69be6-32eb-447e-9a0c-9469dc5ea41e,52c0b4ee-ea55-481d-9985-15523d7360ae,At Home
61afa84b-0664-481e-9e69-512ba8f10f5e,2023-02-07,02e69be6-32eb-447e-9a0c-9469dc5ea41e,fefa3d55-9d9d-4579-ae85-1e44b88f5da3,At Home
62ebd6f2-aab9-479b-b25d-61b06b52dea9,2014-02-05,02e69be6-32eb-447e-9a0c-9469dc5ea41e,5b5e24b0-5cf8-4d62-9e8b-5c063bad442a,At Home
63119fb6-2ef6-4a1d-996e-d1f5c31190f1,2025-08-10,02e69be6-32eb-447e-9a0c-9469dc5ea41e,00b7dbb0-6cf9-4e57-b282-677f3e8cd253,At Home
64913aae-ea8a-415e-be75-95c6e70fd001,2025-11-17,7a19f60a-9864-42f9-91fa-96e5433218ee,9fdbee69-3d04-4988-915e-779e7d16ad75,At Home
64e8f053-bd1f-4ff4-8738-dd73700b9907,2025-08-15,02e69be6-32eb-447e-9a0c-9469dc5ea41e,52c444b4-8ce2-4915-b1c9-1e8ec5efa052,At Home
65261929-9c42-404a-ac07-1ed8464b7281,2025-11-16,02e69be6-32eb-447e-9a0c-9469dc5ea41e,75432010-a4c9-4eda-b684-46e0e90ecd8a,At Home
668d5853-32af-4c9c-bc38-6be4184563cf,2025-08-20,02e69be6-32eb-447e-9a0c-9469dc5ea41e,79b1358f-b9be-401a-a1dc-c17ae9c683df,At Home
66a0614d-f4a0-4562-810b-1fc26c724624,2025-08-11,7a19f60a-9864-42f9-91fa-96e5433218ee,a1cef5b6-6e63-46d1-ba4c-b18b94c11318,At Home
66c8b60d-1ed1-4fbe-8298-105124a69ecb,2018-01-30,02e69be6-32eb-447e-9a0c-9469dc5ea41e,780bec16-607f-4442-8cfb-c379309499d5,At Home
6932f49b-7daa-4301-a112-a195d2cb067a,2025-08-05,02e69be6-32eb-447e-9a0c-9469dc5ea41e,a210a4aa-d717-4198-80ec-d313feb0b3c9,At Home
6951bacb-ca0b-4d94-841e-40f769b0c61b,2026-01-20,02e69be6-32eb-447e-9a0c-9469dc5ea41e,ca5746a0-d31c-4c60-8626-231216bca0cb,At Home
6b10981f-074b-46ec-97d2-046c89c2e22b,2026-01-10,02e69be6-32eb-447e-9a0c-9469dc5ea41e,2b4da692-3217-4414-9e0d-50513fb7d436,At Home
6d77c700-d1d1-4abc-9d23-e953f0a8302f,2023-01-05,02e69be6-32eb-447e-9a0c-9469dc5ea41e,e98e650d-c26b-4416-ab21-e5f35c8f4742,At Home
6db3fb00-6e01-42a9-a3c1-8ef666c9f570,2025-08-13,7a19f60a-9864-42f9-91fa-96e5433218ee,28ca88fe-f94b-4a40-9afd-d94fa284178b,At Home
6fe6b0ee-1e09-4e7d-af72-ddb9499978bc,2016-02-08,02e69be6-32eb-447e-9a0c-9469dc5ea41e,00b7dbb0-6cf9-4e57-b282-677f3e8cd253,At Home
71ffee2d-5df8-4128-beb5-c399336aa026,2025-02-18,02e69be6-32eb-447e-9a0c-9469dc5ea41e,76ca80e8-0c4f-4501-85ed-2ee572d738f1,At Home
74a8de5c-e397-4c9f-8b6e-6142e4dd59cb,2025-10-19,02e69be6-32eb-447e-9a0c-9469dc5ea41e,92ade00d-e9f0-410b-abd7-4fd8ef7dc16e,At Home
750bb8a7-d346-4bf8-b34f-7d96d13955ce,2025-10-06,02e69be6-32eb-447e-9a0c-9469dc5ea41e,79375f44-d1aa-4801-8d57-6369b79c5b4d,At Home
7511e329-5c86-4b84-86df-dd3451e30d6f,2014-02-03,02e69be6-32eb-447e-9a0c-9469dc5ea41e,d5f3a604-bbe6-470a-9499-2aff7aa74fec,At Home
759fb5fb-11cb-4f83-8156-6f9d34fbf6ff,2025-11-04,02e69be6-32eb-447e-9a0c-9469dc5ea41e,e879ffd2-b841-411b-95bb-9e0a7d11f2b6,At Home
7622db18-32be-4ca0-9df7-f3d1772ca6e4,2025-09-03,02e69be6-32eb-447e-9a0c-9469dc5ea41e,640d0cf1-4b39-471b-a162-2ebf72917bdd,At Home
77028097-adb8-47e8-b7e5-6927ff913bd4,2024-12-05,02e69be6-32eb-447e-9a0c-9469dc5ea41e,102f5c16-fe8f-4c45-a976-98fed55eb976,At Home
773627b7-c51b-43c7-8e4a-7da268c7a2c2,2015-06-09,02e69be6-32eb-447e-9a0c-9469dc5ea41e,6c7ded31-d2ad-4080-b25b-5ac6bc7ddbf2,At Home
7801f150-ea0d-4569-960e-42fa77649670,2018-01-01,02e69be6-32eb-447e-9a0c-9469dc5ea41e,440c47eb-f600-4a36-aef5-dd9d4b8a32cb,At Home
7810fb08-45de-4dcd-8bbf-cf202b13a649,2017-11-15,02e69be6-32eb-447e-9a0c-9469dc5ea41e,440c47eb-f600-4a36-aef5-dd9d4b8a32cb,At Home
7818caa1-c9a2-4bb0-a9ef-12278bf96f9c,2026-01-26,7a19f60a-9864-42f9-91fa-96e5433218ee,7d7d77ad-8ce0-4da0-a2a6-6aa75037ad54,At Home
7af12a90-f3fe-41c1-914f-a7603089319e,2025-11-16,7a19f60a-9864-42f9-91fa-96e5433218ee,d3475b36-adc8-4141-a0c1-01c38b2728e1,At Home
7b418a7b-ca78-4816-949d-7423b04c1e80,2023-07-13,02e69be6-32eb-447e-9a0c-9469dc5ea41e,2ed9292d-0258-45be-b04e-e412b74abc0a,At Home
7bbd5e79-aab7-4ff8-b8d7-6ba046cda590,2026-01-19,02e69be6-32eb-447e-9a0c-9469dc5ea41e,62d45fa9-b876-4964-a51b-d853e8ac2e88,At Home
7d56d6f1-6b9f-4a67-85dd-46b089593264,2018-06-05,02e69be6-32eb-447e-9a0c-9469dc5ea41e,6d947656-3052-4a37-a443-1207b4201ed8,At Home
7ea727f0-18b4-47f9-9a48-9625585a7c57,2026-02-03,02e69be6-32eb-447e-9a0c-9469dc5ea41e,60e44e6f-8b8e-475f-b854-5630c06d2db7,At Home
7eadbb45-167b-4d0f-9aef-9508de714634,2026-01-29,02e69be6-32eb-447e-9a0c-9469dc5ea41e,ce63e6d4-32ac-460b-bf44-874d7f9ef805,At Home
7eedcd41-4de5-47fe-8bbc-7867e4d709a7,2025-10-30,02e69be6-32eb-447e-9a0c-9469dc5ea41e,802365eb-b696-4f07-95f6-8f28dea88dd0,At Home
802dbd13-fe87-4cfe-8833-1023c7742c9b,2026-02-13,ef487192-cee2-4ac8-8dd1-2b8d4ca20d54,0d06b4e2-1520-4a4f-9190-8a80295d9722,At Home
82926612-e67b-4ff4-9557-24cfa6fa4391,2025-09-04,02e69be6-32eb-447e-9a0c-9469dc5ea41e,2f7965cd-58cc-4394-9627-2bba582eb772,At Home
8332265d-17ad-4085-8236-bc9faa0272ee,2024-12-20,02e69be6-32eb-447e-9a0c-9469dc5ea41e,80be6c74-4024-43a6-9ac2-330b04841a19,At Home
8368066e-fcea-4e67-96d8-e6a8a533f435,2026-01-06,02e69be6-32eb-447e-9a0c-9469dc5ea41e,3a9e3d9a-c33b-48f6-aeb6-c8ebf272727a,At Home
837c17b0-627b-46ee-83ad-591e8854425c,2025-08-12,7a19f60a-9864-42f9-91fa-96e5433218ee,fe154e91-3eb4-43cb-8ccb-2e871413b094,At Home
838aa9a9-6467-4388-8d56-24d737dcc361,2025-09-21,02e69be6-32eb-447e-9a0c-9469dc5ea41e,69edb519-f185-4c8f-99e9-28125cdf91be,At Home
84fd58f6-d7ab-4083-b1b5-5c47918e1f39,2025-10-07,02e69be6-32eb-447e-9a0c-9469dc5ea41e,c634e45f-645c-4153-83ae-88a04c8181af,At Home
85692531-78ac-4ceb-8cf8-4ea0b6eb698c,2024-02-14,02e69be6-32eb-447e-9a0c-9469dc5ea41e,c6dbc9dd-c57b-4e3c-b9c6-393300264b0b,At Home
86642834-df04-41e0-a6e7-be7d59a16a67,2025-08-09,02e69be6-32eb-447e-9a0c-9469dc5ea41e,6d634705-aa97-454e-8b00-e7c1e9a60cce,At Home
8713f513-dd6c-40aa-9997-2852b0949980,2025-09-20,02e69be6-32eb-447e-9a0c-9469dc5ea41e,c37c6bdf-e3db-4404-a77a-d947cedd0387,At Home
872d8be7-b815-496b-9432-829298896b1f,2025-04-13,02e69be6-32eb-447e-9a0c-9469dc5ea41e,3f5ee6dd-e3fd-4e84-8269-1ff8a8a8c735,In Theater
8734f172-6c46-446e-8a43-76e9630428e4,2025-12-19,02e69be6-32eb-447e-9a0c-9469dc5ea41e,a2735300-fc1d-4b67-895f-eaf085260462,At Home
88cb0669-a4ae-4e43-8e75-915378bd2b86,2010-11-17,02e69be6-32eb-447e-9a0c-9469dc5ea41e,5b5e24b0-5cf8-4d62-9e8b-5c063bad442a,At Home
8982b1cb-6777-42aa-b78b-f440df7e470f,2024-12-03,02e69be6-32eb-447e-9a0c-9469dc5ea41e,3a25b4a4-35c9-4143-a33b-67578b394c41,At Home
8b6f8654-084c-4976-9795-05269db35889,2026-01-21,02e69be6-32eb-447e-9a0c-9469dc5ea41e,e624348e-a60e-499f-a484-37b7308ed76a,At Home
8f49eee1-210f-4aaf-bf29-785b2b724199,2026-01-21,02e69be6-32eb-447e-9a0c-9469dc5ea41e,9bab6e9b-d797-417a-8bd7-727b2b7d41bf,At Home
8fcb6c6f-a404-46cb-8b6e-58d4f15de328,2026-02-02,02e69be6-32eb-447e-9a0c-9469dc5ea41e,e823b2aa-efe0-4580-9a59-67831caf6712,At Home
90add27a-866f-4216-aca2-b9304cb2eaf1,2025-11-16,02e69be6-32eb-447e-9a0c-9469dc5ea41e,c6520718-de3c-4ace-b437-31dbfb6de9e0,At Home
90d2568c-2a9d-4378-8f3e-b7e53c82f04b,2019-01-28,02e69be6-32eb-447e-9a0c-9469dc5ea41e,1cb983bd-3509-4bac-88b7-f2c5e82ea663,At Home
912cad88-63af-4352-9a6c-8942b137be26,2016-03-09,02e69be6-32eb-447e-9a0c-9469dc5ea41e,88a10c9c-3b04-4d8e-a9f9-ab793a237c8a,At Home
92e7754a-eb47-4e3b-88d7-cea6a4a79699,2014-01-03,02e69be6-32eb-447e-9a0c-9469dc5ea41e,a74132aa-59f1-430b-8574-a97309574cf3,At Home
92fbd536-4f0c-4626-8d53-f544b52f252e,2026-01-28,7a19f60a-9864-42f9-91fa-96e5433218ee,5b5e24b0-5cf8-4d62-9e8b-5c063bad442a,At Home
9319812a-e86d-466b-ab84-dfff9d674316,2025-11-10,02e69be6-32eb-447e-9a0c-9469dc5ea41e,4f1a0ff1-b317-4867-b621-5ebde72d812b,At Home
93296d76-6f0e-4ebf-b94a-a91b11283428,2016-07-07,02e69be6-32eb-447e-9a0c-9469dc5ea41e,f4a34286-f03b-4c0e-b512-8cec688eebcb,At Home
93aa4038-0e88-4e93-adaa-3fa3418ad30f,2025-10-15,7a19f60a-9864-42f9-91fa-96e5433218ee,2114141d-0570-4436-8d61-84bf9abdb074,At Home
94579c4d-d2c6-4c56-a56a-c6bb5d5516e5,2024-12-10,02e69be6-32eb-447e-9a0c-9469dc5ea41e,fefa3d55-9d9d-4579-ae85-1e44b88f5da3,At Home
949b9529-8787-41b3-8eab-6cce99ac898a,2024-12-04,02e69be6-32eb-447e-9a0c-9469dc5ea41e,48154403-8503-4b35-a477-9d11c95aba00,At Home
959c7788-a988-409f-9450-6a4dae71fa30,2025-11-28,02e69be6-32eb-447e-9a0c-9469dc5ea41e,76ca80e8-0c4f-4501-85ed-2ee572d738f1,At Home
95b213ec-75b5-43de-a19b-c21847370234,2025-09-01,02e69be6-32eb-447e-9a0c-9469dc5ea41e,dcb4b8d7-95b0-40d6-a69b-16cf85766b8a,At Home
965076d0-e747-4410-bec8-c594d9c10e71,2018-03-07,02e69be6-32eb-447e-9a0c-9469dc5ea41e,9641662f-df87-4b3b-9062-85ce81ffe8c5,At Home
969be84c-d92d-48a8-bccb-706876a287d4,2025-09-21,02e69be6-32eb-447e-9a0c-9469dc5ea41e,4d88cef1-fd59-4735-8e3f-ae66f39e291e,At Home
97082d99-ddd6-490a-8b76-7bb0a3901140,2010-10-13,02e69be6-32eb-447e-9a0c-9469dc5ea41e,0da00b7c-696c-4151-81e1-99e1730ce913,At Home
97761bd2-dfef-4e18-81a2-eb47001407d2,2010-11-17,02e69be6-32eb-447e-9a0c-9469dc5ea41e,21f2ab21-8a18-4326-96d5-ef12745dabee,At Home
97dabcb3-a7a6-4449-bd39-5afc7c6865ac,2025-03-20,02e69be6-32eb-447e-9a0c-9469dc5ea41e,acb18032-0ad5-4e28-bd60-7f1f7ef8a5dc,At Home
998d020e-83f4-4e62-8926-3bdeff990506,2019-06-04,02e69be6-32eb-447e-9a0c-9469dc5ea41e,80be6c74-4024-43a6-9ac2-330b04841a19,At Home
9a42ed63-7af2-43a2-bb8a-6434fa16de3f,2025-02-24,02e69be6-32eb-447e-9a0c-9469dc5ea41e,76ca80e8-0c4f-4501-85ed-2ee572d738f1,At Home
9c441630-227d-4c10-a090-34b32b58c189,2025-10-16,7a19f60a-9864-42f9-91fa-96e5433218ee,76ca80e8-0c4f-4501-85ed-2ee572d738f1,At Home
9dff358b-3f7b-4a84-a68d-643e74fa6907,2024-12-11,02e69be6-32eb-447e-9a0c-9469dc5ea41e,71454d40-1dcd-4c00-985b-adf7b73730fc,At Home
9f137b1a-a95c-4feb-8fff-2bf0ddb2ece9,2025-12-30,02e69be6-32eb-447e-9a0c-9469dc5ea41e,1b9da9ea-7cf3-4717-a1ab-3fd909e361fa,At Home
a11e9335-721e-48e4-9360-614f4be54b7c,2025-10-25,02e69be6-32eb-447e-9a0c-9469dc5ea41e,153e220b-1af7-46e5-bb92-7be4975826fd,At Home
a224ba71-fa97-45e5-b245-9a9f5e8edb72,2025-11-08,7a19f60a-9864-42f9-91fa-96e5433218ee,5fab6e44-6ff8-4fdb-92b3-e1b7c9e40531,At Home
a24d5194-6c73-41e1-9314-31fae6eb53ca,2023-10-23,02e69be6-32eb-447e-9a0c-9469dc5ea41e,3e69e1bc-90ae-4c08-9496-b70c75b7d523,At Home
a58ce67e-7a31-4f9a-9260-7701beb1bd40,2025-08-18,02e69be6-32eb-447e-9a0c-9469dc5ea41e,0da00b7c-696c-4151-81e1-99e1730ce913,At Home
a66ac4b6-6286-4b6f-996b-5213eef47170,2015-06-09,02e69be6-32eb-447e-9a0c-9469dc5ea41e,b680d130-30cf-4093-8602-9c09e062cf0b,At Home
a693b1c4-5d7b-4335-b731-08404e09a298,2026-01-26,02e69be6-32eb-447e-9a0c-9469dc5ea41e,f9715383-787a-419b-b97a-30248001659c,At Home
a8fff212-a772-43b1-bb26-932c4bc78a23,2026-01-07,ef487192-cee2-4ac8-8dd1-2b8d4ca20d54,b7437cda-13b9-490d-86ec-740a317cbd6d,In Theater
a92ad19c-9dd2-4770-ab1e-4656307eb17f,2025-08-14,02e69be6-32eb-447e-9a0c-9469dc5ea41e,bc76b58b-325f-43ea-ba7a-2e95374c8c1b,At Home
aae46a21-9c41-4c8b-85a6-4985a0a62d42,2018-11-15,02e69be6-32eb-447e-9a0c-9469dc5ea41e,ca5746a0-d31c-4c60-8626-231216bca0cb,At Home
aaea1dc9-3808-48fc-b406-0d2f02b08717,2025-08-23,02e69be6-32eb-447e-9a0c-9469dc5ea41e,50181bee-6af5-44fc-a899-48ba33d6e12e,At Home
ac59f289-5684-49c5-a37d-05ecba3235a6,2026-01-25,7a19f60a-9864-42f9-91fa-96e5433218ee,50644cc9-1d2d-49c4-94d8-6fca5ef267c5,At Home
afc3249d-1440-4adf-bb4c-500e5fa7af77,2025-11-16,02e69be6-32eb-447e-9a0c-9469dc5ea41e,c3478df4-36d3-4552-a321-e1240f7b99f0,At Home
b07d3e4a-55de-46ad-8269-965235dde16c,2025-04-09,02e69be6-32eb-447e-9a0c-9469dc5ea41e,f110548e-a0f9-4ea5-bfdc-47d93316fd89,At Home
b0d0c9fc-ea48-4cfc-93e8-a29fce549e57,2014-05-05,02e69be6-32eb-447e-9a0c-9469dc5ea41e,ab713ac3-2a8d-4454-9db7-4279cf5d6bfe,At Home
b0f88d48-1cb6-4282-8360-84cf40fc8017,2023-02-08,02e69be6-32eb-447e-9a0c-9469dc5ea41e,2114141d-0570-4436-8d61-84bf9abdb074,At Home
b277c2c4-04d0-4570-b254-ef442e75f3fb,2025-10-24,02e69be6-32eb-447e-9a0c-9469dc5ea41e,439729aa-1170-4427-8cf8-eca8c7cfb3e5,At Home
b305a1a1-b0f7-4ca6-9821-fc406db4a2f1,2018-07-11,02e69be6-32eb-447e-9a0c-9469dc5ea41e,ce63e6d4-32ac-460b-bf44-874d7f9ef805,At Home
b3fe3e43-362a-4d93-82a8-fcd0970bb9c0,2013-12-30,02e69be6-32eb-447e-9a0c-9469dc5ea41e,a01a3c11-53eb-47ef-9e00-31fbbea46b17,At Home
b4dc3c32-5bac-45b7-895b-d1559e79d0e9,2014-02-04,02e69be6-32eb-447e-9a0c-9469dc5ea41e,c3478df4-36d3-4552-a321-e1240f7b99f0,At Home
b8356a35-3cb1-44e9-acd4-1ba92fa1889f,2025-10-19,7a19f60a-9864-42f9-91fa-96e5433218ee,7c912c4e-888c-4637-a9ed-01a249f45f49,At Home
b92884cd-619d-4399-bed3-50d785819a95,2026-01-25,02e69be6-32eb-447e-9a0c-9469dc5ea41e,ee477c9c-a805-436e-b9e4-dfa7e8db61de,At Home
bad49ae6-0888-4999-ab63-93358ebca680,2025-11-20,7a19f60a-9864-42f9-91fa-96e5433218ee,81a61028-36ae-4cfc-b9c1-871aa621f24f,At Home
bb6e9fe0-fc7a-4b40-8291-0e7178650c0a,2026-01-19,02e69be6-32eb-447e-9a0c-9469dc5ea41e,ab713ac3-2a8d-4454-9db7-4279cf5d6bfe,At Home
bb72806c-71e0-42af-ae79-b3ee0ff25ac2,2026-01-30,02e69be6-32eb-447e-9a0c-9469dc5ea41e,c6dbc9dd-c57b-4e3c-b9c6-393300264b0b,At Home
bbb79fe0-ad3f-4b3e-9058-01c480a84193,2025-06-12,02e69be6-32eb-447e-9a0c-9469dc5ea41e,e73704e1-6dee-4828-bb1f-921e02d7bd1b,At Home
bbbe8138-8790-4587-a02a-c04e84e7daf1,2024-11-30,02e69be6-32eb-447e-9a0c-9469dc5ea41e,6547197e-15bb-4224-b488-6bb9636ebd08,At Home
bc4ccd43-986a-4a84-aad9-f93ad2d61a92,2026-02-12,02e69be6-32eb-447e-9a0c-9469dc5ea41e,88a10c9c-3b04-4d8e-a9f9-ab793a237c8a,At Home
beae9d84-ecc3-4135-a0f9-d6069ff7a576,2025-05-19,02e69be6-32eb-447e-9a0c-9469dc5ea41e,59f0c4ba-17e1-4f67-9183-cf44114d2928,At Home
c015681c-8b5e-4710-a42b-ee81f773b5fa,2026-01-29,02e69be6-32eb-447e-9a0c-9469dc5ea41e,1cb983bd-3509-4bac-88b7-f2c5e82ea663,At Home
c2068959-7d61-4fd3-aa7b-8cf221064ab6,2026-02-11,7a19f60a-9864-42f9-91fa-96e5433218ee,8d788734-78ff-4e79-ba58-f4479c2399e1,At Home
c3ff9eac-eca4-4b82-b362-f7bd28e80560,2025-10-02,02e69be6-32eb-447e-9a0c-9469dc5ea41e,7d7d77ad-8ce0-4da0-a2a6-6aa75037ad54,At Home
c5324186-c634-4947-a814-a90751ab3760,2022-11-02,02e69be6-32eb-447e-9a0c-9469dc5ea41e,2ed9292d-0258-45be-b04e-e412b74abc0a,At Home
c596d85d-5d97-44e3-8fbb-5ea79a2640e3,2025-10-09,02e69be6-32eb-447e-9a0c-9469dc5ea41e,7c912c4e-888c-4637-a9ed-01a249f45f49,At Home
c5b96d9e-5eb3-4b70-bb0d-b513e012bd35,2025-05-20,02e69be6-32eb-447e-9a0c-9469dc5ea41e,a74132aa-59f1-430b-8574-a97309574cf3,At Home
c6898198-5262-4db4-80c7-5e2e537d191e,2025-11-12,02e69be6-32eb-447e-9a0c-9469dc5ea41e,0d06b4e2-1520-4a4f-9190-8a80295d9722,At Home
c75fc6a5-5b9a-4ef8-9c5f-8b4f8881b203,2023-02-08,02e69be6-32eb-447e-9a0c-9469dc5ea41e,99d4da5e-bd1b-45b6-8929-dbed2aa3b10a,At Home
c7620def-9c66-4dee-82fc-b4bda48fef5b,2025-12-31,02e69be6-32eb-447e-9a0c-9469dc5ea41e,433ae44f-0591-4b36-b10b-3e5ad96d3f61,At Home
c8162d9d-b458-4ebb-adc7-28f3b5db3ee9,2026-01-25,02e69be6-32eb-447e-9a0c-9469dc5ea41e,c502ae70-3ac8-485e-8228-fc2a97328d36,At Home
ca811bc1-4062-4ce8-8a72-1ff010a6f6f6,2025-08-19,02e69be6-32eb-447e-9a0c-9469dc5ea41e,ae4adafb-a6f2-46c3-8119-2009bc3b9326,At Home
ca824263-1104-4319-81c9-62c1fb7a1ed9,2025-08-10,7a19f60a-9864-42f9-91fa-96e5433218ee,2b4da692-3217-4414-9e0d-50513fb7d436,At Home
cb6d911c-fcd2-477a-8ed8-a610ba51d0e0,2025-08-07,02e69be6-32eb-447e-9a0c-9469dc5ea41e,d6818a3d-2748-494d-a024-77b809e0f73f,At Home
cba46de0-8b72-4688-a3ac-3c0b4e617535,2021-06-07,02e69be6-32eb-447e-9a0c-9469dc5ea41e,68a2908a-f5b9-4ce6-b292-1ee57feb6425,At Home
cbd3f12f-c3de-4e5d-bc56-5fb9055117db,2025-06-16,02e69be6-32eb-447e-9a0c-9469dc5ea41e,0975c319-f728-4597-ac7a-a73c9e82bebf,At Home
cd0fd6a8-9a35-48a5-a419-247f706f5a77,2023-07-12,02e69be6-32eb-447e-9a0c-9469dc5ea41e,3e69e1bc-90ae-4c08-9496-b70c75b7d523,At Home
cd26aa25-e209-4546-9053-64671e550dd9,2016-10-18,02e69be6-32eb-447e-9a0c-9469dc5ea41e,c3478df4-36d3-4552-a321-e1240f7b99f0,At Home
cd542a68-2ee3-41e1-93f4-7fef9136aaca,2025-11-13,02e69be6-32eb-447e-9a0c-9469dc5ea41e,01be80c1-03c8-415d-a8b6-7b7d9d045047,At Home
cd803217-7d6c-400e-9c46-0daf92e9f013,2025-10-13,02e69be6-32eb-447e-9a0c-9469dc5ea41e,4ca71b70-34c9-464e-a98d-52d4bde1e374,At Home
cefff274-1e0f-4c04-b06c-1ec2099b63a3,2026-02-03,ef487192-cee2-4ac8-8dd1-2b8d4ca20d54,5b5e24b0-5cf8-4d62-9e8b-5c063bad442a,At Home
cf056015-d175-4730-b36b-dc97f3d82f05,2025-11-04,7a19f60a-9864-42f9-91fa-96e5433218ee,bc76b58b-325f-43ea-ba7a-2e95374c8c1b,At Home
cf2e3c18-cab2-4e6c-8b50-d1adedae65fb,2025-01-21,02e69be6-32eb-447e-9a0c-9469dc5ea41e,b9fb5ced-9710-4fbb-9e93-caf5c39a29b1,At Home
d01b10a5-72cb-407b-84b6-0298e4f39dcc,2024-12-15,02e69be6-32eb-447e-9a0c-9469dc5ea41e,0d06b4e2-1520-4a4f-9190-8a80295d9722,At Home
d0aaf6b5-8221-49b4-b924-26a5d1772f31,2012-01-01,02e69be6-32eb-447e-9a0c-9469dc5ea41e,440c47eb-f600-4a36-aef5-dd9d4b8a32cb,At Home
d48f6527-0e01-46ee-94f8-7c28b0b461cf,2022-06-07,02e69be6-32eb-447e-9a0c-9469dc5ea41e,6d634705-aa97-454e-8b00-e7c1e9a60cce,At Home
d4af0b34-ca41-4719-8a61-b5c297151fee,2023-02-04,02e69be6-32eb-447e-9a0c-9469dc5ea41e,9db2aa03-e9c9-40ba-bcbd-338770de0ca6,At Home
d51ee0f1-e098-4f38-b740-2aa88807ad45,2025-01-27,02e69be6-32eb-447e-9a0c-9469dc5ea41e,707e6925-5c81-4c7b-a649-9ef9131b82f8,At Home
d52fe3ed-6782-4b76-936e-9b27961c1bc8,2024-12-19,02e69be6-32eb-447e-9a0c-9469dc5ea41e,ed5e3e9f-4d54-462a-bf53-43a7cc6dd595,At Home
d5648cfe-e609-45e8-bc74-bb2cc91f0a3e,2016-06-07,02e69be6-32eb-447e-9a0c-9469dc5ea41e,75432010-a4c9-4eda-b684-46e0e90ecd8a,At Home
d5c3b901-2de9-4013-a8c6-eb103ed0ca17,2021-06-10,02e69be6-32eb-447e-9a0c-9469dc5ea41e,102f5c16-fe8f-4c45-a976-98fed55eb976,At Home
d65b9c46-af84-46fe-91bc-c6fa4e929e79,2025-03-19,02e69be6-32eb-447e-9a0c-9469dc5ea41e,9556c853-b0d2-49bb-9dd5-cbec8cf3f861,At Home
d8bbadcd-f7dd-47b3-8b57-7d9347c92857,2014-06-12,02e69be6-32eb-447e-9a0c-9469dc5ea41e,bf29a200-b18f-4887-8950-3dfe357f3ed3,At Home
d8de279d-d1e6-4228-b8fc-7a3a0ea3031f,2024-03-01,7a19f60a-9864-42f9-91fa-96e5433218ee,e98e650d-c26b-4416-ab21-e5f35c8f4742,At Home
d9a6d9c3-f613-400a-bf9c-e46649596622,2025-10-26,02e69be6-32eb-447e-9a0c-9469dc5ea41e,0fc4294e-a739-432e-8e4d-5b11921b9af4,At Home
db865906-d79a-4e43-beaa-a02718e0e161,2025-08-09,02e69be6-32eb-447e-9a0c-9469dc5ea41e,99d4da5e-bd1b-45b6-8929-dbed2aa3b10a,At Home
dc0bc1b0-937f-4515-8f7f-8e19fe9579e2,2026-01-07,02e69be6-32eb-447e-9a0c-9469dc5ea41e,b7437cda-13b9-490d-86ec-740a317cbd6d,In Theater
dc8d0dc1-e352-40bc-8962-4b61df836322,2022-03-02,02e69be6-32eb-447e-9a0c-9469dc5ea41e,9db2aa03-e9c9-40ba-bcbd-338770de0ca6,At Home
deb5cb7d-4733-4e5e-b8d8-a910321476ae,2024-03-06,02e69be6-32eb-447e-9a0c-9469dc5ea41e,76ca80e8-0c4f-4501-85ed-2ee572d738f1,In Theater
e02dccd6-c164-4ff9-98c5-a14630fac1e2,2025-10-14,02e69be6-32eb-447e-9a0c-9469dc5ea41e,bc2d6131-35e2-437d-8a95-b4abc41e8b79,At Home
e0eea030-871f-484e-add9-46da9c5a5ee4,2025-09-15,02e69be6-32eb-447e-9a0c-9469dc5ea41e,9147a5cb-f9eb-427e-95ed-8ff51d372b1a,At Home
e149b50e-f884-4e7a-8e43-d3f9409f43b5,2024-07-25,02e69be6-32eb-447e-9a0c-9469dc5ea41e,88a10c9c-3b04-4d8e-a9f9-ab793a237c8a,At Home
e1a87e8f-5c12-476e-8bef-18be70a8dcde,2025-08-20,02e69be6-32eb-447e-9a0c-9469dc5ea41e,400cf67b-aec6-4345-964f-e4ad676d4d72,At Home
e2838b60-c785-4741-b602-2a2f63ab0ab3,2025-08-11,02e69be6-32eb-447e-9a0c-9469dc5ea41e,18448708-afde-4994-a0b4-a0e01ed2a3ab,At Home
e70607d5-57e7-40a2-8bb2-fba529b2addc,2025-08-12,02e69be6-32eb-447e-9a0c-9469dc5ea41e,6b0c7be6-1c00-4fd5-9bcc-1c8bf7245f3b,At Home
e75e5a19-afc4-488e-9dfb-381858b81136,2025-10-12,7a19f60a-9864-42f9-91fa-96e5433218ee,6f585593-0117-4536-a00d-47b4579e3985,At Home
e7698698-6b67-4b73-adc0-a9ca12726940,2025-11-19,7a19f60a-9864-42f9-91fa-96e5433218ee,0c9a8a0c-a4bd-4aa6-b79c-deb406a2f80f,At Home
e78ecca5-976f-4080-95b0-19fda26a3e9a,2025-08-24,02e69be6-32eb-447e-9a0c-9469dc5ea41e,fd41cbd7-bfc1-43cd-ac95-75278c646240,At Home
e8d93508-ae97-42d0-86f7-09e726285c11,2021-10-28,02e69be6-32eb-447e-9a0c-9469dc5ea41e,2114141d-0570-4436-8d61-84bf9abdb074,In Theater
e91417bb-3e5d-41b6-942a-dea012000472,2022-02-10,02e69be6-32eb-447e-9a0c-9469dc5ea41e,ed5e3e9f-4d54-462a-bf53-43a7cc6dd595,At Home
e91a08f3-a98c-4495-80c0-cad45012bb38,2025-08-09,02e69be6-32eb-447e-9a0c-9469dc5ea41e,34f7bbb1-80d3-4cce-9171-ffe15e8c374e,At Home
e99dec47-c26e-4bba-9ac1-23b9bf79cb91,2015-02-03,02e69be6-32eb-447e-9a0c-9469dc5ea41e,780bec16-607f-4442-8cfb-c379309499d5,At Home
e9d23410-991e-45b0-a189-acba4cd0f63e,2025-11-19,7a19f60a-9864-42f9-91fa-96e5433218ee,0d06b4e2-1520-4a4f-9190-8a80295d9722,At Home
e9e6b309-49e8-44c3-aad1-e448bc0cce34,2026-01-25,02e69be6-32eb-447e-9a0c-9469dc5ea41e,dcee5afc-a672-42b7-ab55-00fc4a87c2e4,At Home
ea82ca25-f3b2-40ed-9ca0-026dc73851fa,2016-06-07,7a19f60a-9864-42f9-91fa-96e5433218ee,eec769e9-a56b-49d1-9d30-fe62a8e05b1d,At Home
ebf5f426-1ef5-464f-9f02-03644152bd8e,2025-09-10,02e69be6-32eb-447e-9a0c-9469dc5ea41e,a098b417-048c-49bc-a25c-180017b3b1f1,At Home
ece72c65-7836-4c92-97b6-e9a1292b7406,2025-08-21,02e69be6-32eb-447e-9a0c-9469dc5ea41e,217ac67a-f242-4f8f-8818-08e111415b08,At Home
ed1301a0-deda-4891-b55e-58fad008bfd1,2014-07-16,02e69be6-32eb-447e-9a0c-9469dc5ea41e,653e9b9f-f967-4cce-acbc-1a1d95edc8d7,At Home
ed165550-b5f8-4bc5-8b7c-cfe9590eb9c1,2016-09-14,02e69be6-32eb-447e-9a0c-9469dc5ea41e,18448708-afde-4994-a0b4-a0e01ed2a3ab,At Home
ed923c80-401d-4fe3-aefc-d2aa92c1d859,2025-10-12,02e69be6-32eb-447e-9a0c-9469dc5ea41e,590b97b6-86a9-476a-b64b-4bc308ee9a0d,In Theater
ede4dd8f-2737-4dee-8fde-d199652f44fb,2015-02-03,02e69be6-32eb-447e-9a0c-9469dc5ea41e,a098b417-048c-49bc-a25c-180017b3b1f1,At Home
ee213263-a8df-47ff-8e31-b9ae81222110,2026-01-27,02e69be6-32eb-447e-9a0c-9469dc5ea41e,727ef721-867c-4d98-aa19-86703984542c,At Home
ee24f1c1-01bd-43e0-9e01-0d0830604235,2025-11-05,02e69be6-32eb-447e-9a0c-9469dc5ea41e,c7e28f3b-d160-4794-adb4-17e52f3e083d,At Home
ee56a6fd-d85d-40ce-91a7-f9031532b2dd,2022-06-07,02e69be6-32eb-447e-9a0c-9469dc5ea41e,2114141d-0570-4436-8d61-84bf9abdb074,At Home
eed24d0e-2b75-4935-aea9-781dd2f68f50,2021-12-27,02e69be6-32eb-447e-9a0c-9469dc5ea41e,9c47efa4-e944-4767-b5f2-70f7e489a26f,At Home
f00812ba-c90e-408c-9fd4-b7ef099d2af4,2025-06-09,02e69be6-32eb-447e-9a0c-9469dc5ea41e,a0e6e507-142e-4f07-9778-685e1b03d277,In Theater
f19a8b55-5735-4f8b-aef6-f18cee756b39,2025-11-12,02e69be6-32eb-447e-9a0c-9469dc5ea41e,5d967040-0b79-41a5-9e26-81d4ae4306bb,At Home
f1b80423-c8be-4d27-b27a-4ca34a2f491a,2025-11-05,7a19f60a-9864-42f9-91fa-96e5433218ee,fd8f0877-6f8f-45ae-98fd-af04061d2e69,At Home
f22655f4-b0fc-447e-886d-43e4a9357225,2023-11-23,02e69be6-32eb-447e-9a0c-9469dc5ea41e,5b5e24b0-5cf8-4d62-9e8b-5c063bad442a,At Home
f250342a-65af-4079-85f1-ef096fbb3c08,2025-12-12,02e69be6-32eb-447e-9a0c-9469dc5ea41e,3ef80d20-7a96-43d9-a241-048113e8beaf,At Home
f344fbee-902f-488b-a455-543bb71bce69,2026-01-21,7a19f60a-9864-42f9-91fa-96e5433218ee,1adaa710-002b-4210-a8a2-4391b0454e47,At Home
f3b3fe2c-dc45-43b6-a3a6-970b479ef30b,2024-04-01,02e69be6-32eb-447e-9a0c-9469dc5ea41e,e98e650d-c26b-4416-ab21-e5f35c8f4742,At Home
f40cf68d-095b-49f5-9504-61ca7dc4832d,2026-02-05,02e69be6-32eb-447e-9a0c-9469dc5ea41e,a28635c9-d3d7-42b8-afda-ee2795c9d1a3,At Home
f707d8b2-86d0-4e66-b8cd-29eaab83beb7,2024-11-18,02e69be6-32eb-447e-9a0c-9469dc5ea41e,79a46b44-80af-4d51-a97c-e7dcbb02b9a7,At Home
f7cc81df-b3c2-4f50-b72e-d0fd9b12e8c4,2026-02-08,02e69be6-32eb-447e-9a0c-9469dc5ea41e,780bec16-607f-4442-8cfb-c379309499d5,At Home
fa44009a-21b3-49e0-8514-622efca90bb8,2026-01-20,7a19f60a-9864-42f9-91fa-96e5433218ee,731a959e-cd03-4adc-8629-8896baa5909b,At Home
fae866eb-2597-4bb0-b4b3-cacc2a91fc58,2025-10-08,02e69be6-32eb-447e-9a0c-9469dc5ea41e,c07ff27d-f83f-489a-a863-d9355d9ee773,At Home
fb45dec2-00aa-4362-a54f-c7a4e35c162c,2025-02-04,02e69be6-32eb-447e-9a0c-9469dc5ea41e,783a3f78-da67-4bd0-9b8f-20c9cffcdf73,At Home
fbdaa379-3956-47d9-8475-d04b66e69c46,2025-08-18,02e69be6-32eb-447e-9a0c-9469dc5ea41e,d6bebb69-c66f-464d-a0d6-1becad315aa3,At Home
fc0025ec-6710-41b9-8ca4-c59420b88884,2019-10-07,02e69be6-32eb-447e-9a0c-9469dc5ea41e,45881880-57dd-4495-8501-6158f3db170e,At Home
fe42c651-8329-4ec7-85f8-7a291c4f4d96,2023-02-15,02e69be6-32eb-447e-9a0c-9469dc5ea41e,fefa3d55-9d9d-4579-ae85-1e44b88f5da3,At Home
feaf1a0d-58cb-4f66-9992-a84c46ceb675,2025-12-14,02e69be6-32eb-447e-9a0c-9469dc5ea41e,91da97c6-b870-4017-a357-e40f7beda072,At Home
ff2193a2-2b6c-4263-968e-86012d0b5aea,2022-01-12,02e69be6-32eb-447e-9a0c-9469dc5ea41e,102f5c16-fe8f-4c45-a976-98fed55eb976,At Home
ff5d8518-6abd-438b-b429-62f3f45ff1d7,2025-09-08,02e69be6-32eb-447e-9a0c-9469dc5ea41e,963a934f-573c-431c-8d0d-8e2c360a06d3,At Home
fffa8a03-0d3c-4b1c-a00e-cb3e8b56b761,2025-01-23,02e69be6-32eb-447e-9a0c-9469dc5ea41e,da9bcee0-ad95-4167-9933-450b787a74de,At Home